2025-09-08 07:37:37 | INFO | scraper | Successfully connected to MongoDB
2025-09-08 07:37:37 | INFO | scraper | Number of processors: 22
2025-09-08 07:37:37 | INFO | scraper | Created 23 chunks from 23 valid trading days
2025-09-08 07:37:37 | INFO | scraper | Processing date: 07/15/2025, starting at page 1
2025-09-08 07:37:37 | INFO | scraper | Processing date: 07/14/2025, starting at page 1
2025-09-08 07:37:37 | INFO | scraper | Processing date: 07/13/2025, starting at page 1
2025-09-08 07:37:37 | INFO | scraper | Processing date: 07/01/2025, starting at page 1
2025-09-08 07:37:37 | INFO | scraper | Processing date: 07/07/2025, starting at page 1
2025-09-08 07:37:37 | INFO | scraper | Processing date: 07/10/2025, starting at page 1
2025-09-08 07:37:37 | INFO | scraper | Processing date: 07/08/2025, starting at page 1
2025-09-08 07:37:37 | INFO | scraper | Processing date: 07/02/2025, starting at page 5
2025-09-08 07:37:37 | INFO | scraper | Processing date: 07/03/2025, starting at page 1
2025-09-08 07:37:37 | INFO | scraper | Processing date: 07/06/2025, starting at page 1
2025-09-08 07:37:37 | INFO | scraper | Processing date: 07/09/2025, starting at page 5
2025-09-08 07:37:37 | INFO | scraper | Processing date: 07/16/2025, starting at page 1
2025-09-08 07:37:37 | INFO | scraper | Processing date: 07/17/2025, starting at page 1
2025-09-08 07:37:37 | INFO | scraper | Processing date: 07/21/2025, starting at page 1
2025-09-08 07:37:37 | INFO | scraper | Processing date: 07/24/2025, starting at page 1
2025-09-08 07:37:37 | INFO | scraper | Processing date: 07/22/2025, starting at page 1
2025-09-08 07:37:37 | INFO | scraper | Processing date: 07/20/2025, starting at page 1
2025-09-08 07:37:37 | INFO | scraper | Processing date: 07/27/2025, starting at page 1
2025-09-08 07:37:37 | INFO | scraper | Processing date: 07/30/2025, starting at page 1
2025-09-08 07:37:37 | INFO | scraper | Processing date: 07/29/2025, starting at page 1
2025-09-08 07:37:37 | INFO | scraper | Processing date: 07/23/2025, starting at page 3
2025-09-08 07:37:37 | INFO | scraper | Processing date: 07/28/2025, starting at page 1
2025-09-08 07:37:41 | INFO | scraper | Fetched page 1 for 07/09/2025
2025-09-08 07:37:41 | INFO | scraper | Fetched page 1 for 07/13/2025
2025-09-08 07:37:41 | INFO | scraper | Fetched page 1 for 07/16/2025
2025-09-08 07:37:42 | INFO | scraper | Fetched page 1 for 07/17/2025
2025-09-08 07:37:42 | INFO | scraper | Fetched page 1 for 07/14/2025
2025-09-08 07:37:44 | INFO | scraper | Fetched page 1 for 07/01/2025
2025-09-08 07:37:44 | INFO | scraper | Fetched page 1 for 07/21/2025
2025-09-08 07:37:44 | INFO | scraper | Fetched page 1 for 07/07/2025
2025-09-08 07:37:44 | INFO | scraper | Fetched page 1 for 07/08/2025
2025-09-08 07:37:45 | INFO | scraper | Fetched page 1 for 07/03/2025
2025-09-08 07:37:45 | INFO | scraper | Fetched page 1 for 07/15/2025
2025-09-08 07:37:45 | INFO | scraper | Fetched page 1 for 07/06/2025
2025-09-08 07:37:46 | INFO | scraper | Fetched page 1 for 07/24/2025
2025-09-08 07:37:46 | INFO | scraper | Fetched page 1 for 07/02/2025
2025-09-08 07:37:46 | INFO | scraper | Fetched page 1 for 07/20/2025
2025-09-08 07:37:46 | INFO | scraper | Fetched page 1 for 07/22/2025
2025-09-08 07:37:47 | INFO | scraper | Fetched page 1 for 07/30/2025
2025-09-08 07:37:47 | INFO | scraper | Fetched page 1 for 07/27/2025
2025-09-08 07:37:47 | INFO | scraper | Fetched page 1 for 07/28/2025
2025-09-08 07:37:47 | INFO | scraper | Fetched page 1 for 07/23/2025
2025-09-08 07:37:50 | INFO | scraper | Fetched page 1 for 07/29/2025
2025-09-08 07:37:52 | INFO | scraper | Updated date collection for 07/13/2025: Page 1, Failed pages: []
2025-09-08 07:37:52 | INFO | scraper | Updated date collection for 07/06/2025: Page 1, Failed pages: []
2025-09-08 07:37:52 | INFO | scraper | Updated date collection for 07/09/2025: Page 5, Failed pages: []
2025-09-08 07:37:54 | INFO | scraper | Fetched page 1 for 07/13/2025
2025-09-08 07:37:55 | INFO | scraper | Fetched page 5 for 07/09/2025
2025-09-08 07:37:56 | INFO | scraper | Updated date collection for 07/16/2025: Page 1, Failed pages: []
2025-09-08 07:37:57 | INFO | scraper | Updated date collection for 07/07/2025: Page 1, Failed pages: []
2025-09-08 07:37:57 | INFO | scraper | Updated date collection for 07/17/2025: Page 1, Failed pages: []
2025-09-08 07:37:58 | INFO | scraper | Fetched page 1 for 07/10/2025
2025-09-08 07:37:58 | INFO | scraper | Fetched page 2 for 07/13/2025
2025-09-08 07:37:59 | INFO | scraper | Fetched page 4 for 07/13/2025
2025-09-08 07:37:59 | INFO | scraper | Fetched page 8 for 07/09/2025
2025-09-08 07:37:59 | INFO | scraper | Fetched page 5 for 07/06/2025
2025-09-08 07:37:59 | INFO | scraper | Fetched page 1 for 07/16/2025
2025-09-08 07:37:59 | INFO | scraper | Fetched page 3 for 07/06/2025
2025-09-08 07:37:59 | INFO | scraper | Fetched page 1 for 07/06/2025
2025-09-08 07:38:00 | INFO | scraper | Fetched page 1 for 07/07/2025
2025-09-08 07:38:00 | INFO | scraper | Fetched page 5 for 07/13/2025
2025-09-08 07:38:00 | INFO | scraper | Fetched page 7 for 07/09/2025
2025-09-08 07:38:01 | INFO | scraper | Fetched page 2 for 07/07/2025
2025-09-08 07:38:01 | INFO | scraper | Fetched page 1 for 07/17/2025
2025-09-08 07:38:01 | INFO | scraper | Fetched page 4 for 07/06/2025
2025-09-08 07:38:01 | INFO | scraper | Fetched page 2 for 07/06/2025
2025-09-08 07:38:02 | INFO | scraper | Fetched page 5 for 07/07/2025
2025-09-08 07:38:02 | INFO | scraper | Updated date collection for 07/14/2025: Page 1, Failed pages: []
2025-09-08 07:38:02 | INFO | scraper | Updated date collection for 07/08/2025: Page 1, Failed pages: []
2025-09-08 07:38:02 | INFO | scraper | Updated date collection for 07/15/2025: Page 1, Failed pages: []
2025-09-08 07:38:03 | INFO | scraper | Fetched page 6 for 07/09/2025
2025-09-08 07:38:03 | INFO | scraper | Fetched page 9 for 07/09/2025
2025-09-08 07:38:03 | INFO | scraper | Fetched page 3 for 07/07/2025
2025-09-08 07:38:04 | INFO | scraper | Fetched page 1 for 07/14/2025
2025-09-08 07:38:04 | INFO | scraper | Fetched page 1 for 07/08/2025
2025-09-08 07:38:05 | INFO | scraper | Updated date collection for 07/23/2025: Page 3, Failed pages: []
2025-09-08 07:38:05 | INFO | scraper | Fetched page 4 for 07/07/2025
2025-09-08 07:38:05 | INFO | scraper | Fetched page 3 for 07/13/2025
2025-09-08 07:38:05 | INFO | scraper | Fetched page 1 for 07/15/2025
2025-09-08 07:38:06 | INFO | scraper | Fetched page 5 for 07/14/2025
2025-09-08 07:38:07 | INFO | scraper | Fetched page 5 for 07/15/2025
2025-09-08 07:38:07 | INFO | scraper | Updated date collection for 07/27/2025: Page 1, Failed pages: []
2025-09-08 07:38:08 | INFO | scraper | Fetched page 3 for 07/14/2025
2025-09-08 07:38:08 | ERROR | scraper | Request exception on page 1 for 07/22/2025: 
2025-09-08 07:38:08 | ERROR | scraper | Request exception on page 1 for 07/30/2025: 
2025-09-08 07:38:08 | ERROR | scraper | Request exception on page 1 for 07/02/2025: 
2025-09-08 07:38:08 | ERROR | scraper | Request exception on page 1 for 07/20/2025: 
2025-09-08 07:38:08 | ERROR | scraper | Request exception on page 1 for 07/10/2025: 
2025-09-08 07:38:08 | ERROR | scraper | Request exception on page 1 for 07/01/2025: 
2025-09-08 07:38:08 | ERROR | scraper | Request exception on page 1 for 07/29/2025: 
2025-09-08 07:38:08 | ERROR | scraper | Request exception on page 1 for 07/28/2025: 
2025-09-08 07:38:08 | ERROR | scraper | Request exception on page 1 for 07/21/2025: 
2025-09-08 07:38:08 | ERROR | scraper | Request exception on page 1 for 07/24/2025: 
2025-09-08 07:38:08 | ERROR | scraper | Request exception on page 1 for 07/03/2025: 
2025-09-08 07:38:08 | INFO | scraper | Fetched page 3 for 07/15/2025
2025-09-08 07:38:08 | INFO | scraper | Fetched page 3 for 07/23/2025
2025-09-08 07:38:08 | INFO | scraper | Fetched page 2 for 07/17/2025
2025-09-08 07:38:09 | ERROR | scraper | Request exception on page 1 for 07/24/2025: Cannot connect to host merolagani.com:443 ssl:default [Network is unreachable]
2025-09-08 07:38:10 | INFO | scraper | Fetched page 2 for 07/14/2025
2025-09-08 07:38:10 | INFO | scraper | Fetched page 4 for 07/14/2025
2025-09-08 07:38:11 | INFO | scraper | Fetched page 5 for 07/17/2025
2025-09-08 07:38:11 | INFO | scraper | Fetched page 2 for 07/15/2025
2025-09-08 07:38:11 | INFO | scraper | Fetched page 1 for 07/27/2025
2025-09-08 07:38:11 | INFO | scraper | Fetched page 4 for 07/08/2025
2025-09-08 07:38:13 | INFO | scraper | Fetched page 3 for 07/08/2025
2025-09-08 07:38:13 | INFO | scraper | Fetched page 4 for 07/17/2025
2025-09-08 07:38:13 | INFO | scraper | Fetched page 4 for 07/15/2025
2025-09-08 07:38:14 | INFO | scraper | Fetched page 2 for 07/08/2025
2025-09-08 07:38:15 | INFO | scraper | Fetched page 1 for 07/10/2025
2025-09-08 07:38:15 | INFO | scraper | Fetched page 3 for 07/17/2025
2025-09-08 07:38:15 | INFO | scraper | Fetched page 1 for 07/03/2025
2025-09-08 07:38:15 | INFO | scraper | Fetched page 5 for 07/08/2025
2025-09-08 07:38:16 | INFO | scraper | Fetched page 1 for 07/21/2025
2025-09-08 07:38:16 | INFO | scraper | Fetched page 6 for 07/23/2025
2025-09-08 07:38:16 | INFO | scraper | Fetched page 1 for 07/29/2025
2025-09-08 07:38:16 | INFO | scraper | Fetched page 1 for 07/22/2025
2025-09-08 07:38:17 | INFO | scraper | Fetched page 1 for 07/02/2025
2025-09-08 07:38:17 | INFO | scraper | Fetched page 1 for 07/30/2025
2025-09-08 07:38:18 | INFO | scraper | Fetched page 1 for 07/01/2025
2025-09-08 07:38:18 | INFO | scraper | Fetched page 1 for 07/24/2025
2025-09-08 07:38:19 | INFO | scraper | Fetched page 1 for 07/20/2025
2025-09-08 07:38:20 | INFO | scraper | Fetched page 1 for 07/28/2025
2025-09-08 07:38:20 | INFO | scraper | Fetched page 4 for 07/23/2025
2025-09-08 07:38:21 | INFO | scraper | Fetched page 4 for 07/16/2025
2025-09-08 07:38:21 | INFO | scraper | Fetched page 3 for 07/27/2025
2025-09-08 07:38:22 | INFO | scraper | Fetched page 2 for 07/16/2025
2025-09-08 07:38:22 | ERROR | scraper | Request exception on page 5 for 07/06/2025: 
2025-09-08 07:38:22 | ERROR | scraper | Request exception on page 5 for 07/13/2025: 
2025-09-08 07:38:22 | ERROR | scraper | Request exception on page 3 for 07/06/2025: 
2025-09-08 07:38:22 | ERROR | scraper | Request exception on page 4 for 07/06/2025: 
2025-09-08 07:38:22 | ERROR | scraper | Request exception on page 3 for 07/13/2025: 
2025-09-08 07:38:22 | ERROR | scraper | Request exception on page 4 for 07/13/2025: 
2025-09-08 07:38:23 | INFO | scraper | Fetched page 3 for 07/16/2025
2025-09-08 07:38:23 | ERROR | scraper | Request exception on page 6 for 07/09/2025: 
2025-09-08 07:38:23 | ERROR | scraper | Request exception on page 9 for 07/09/2025: 
2025-09-08 07:38:23 | ERROR | scraper | Request exception on page 7 for 07/09/2025: 
2025-09-08 07:38:23 | INFO | scraper | Fetched page 5 for 07/16/2025
2025-09-08 07:38:24 | INFO | scraper | Fetched page 5 for 07/23/2025
2025-09-08 07:38:24 | INFO | scraper | Fetched page 4 for 07/27/2025
2025-09-08 07:38:25 | INFO | scraper | Fetched page 5 for 07/27/2025
2025-09-08 07:38:26 | INFO | scraper | Fetched page 7 for 07/23/2025
2025-09-08 07:38:27 | INFO | scraper | Fetched page 5 for 07/06/2025
2025-09-08 07:38:27 | ERROR | scraper | Request exception on page 3 for 07/16/2025: 
2025-09-08 07:38:27 | ERROR | scraper | Request exception on page 4 for 07/16/2025: 
2025-09-08 07:38:27 | ERROR | scraper | Request exception on page 5 for 07/16/2025: 
2025-09-08 07:38:27 | ERROR | scraper | Request exception on page 2 for 07/16/2025: 
2025-09-08 07:38:27 | INFO | scraper | Fetched page 5 for 07/13/2025
2025-09-08 07:38:27 | INFO | scraper | Fetched page 3 for 07/06/2025
2025-09-08 07:38:28 | INFO | scraper | Fetched page 3 for 07/13/2025
2025-09-08 07:38:28 | INFO | scraper | Fetched page 9 for 07/09/2025
2025-09-08 07:38:28 | ERROR | scraper | Request exception on page 5 for 07/07/2025: 
2025-09-08 07:38:28 | ERROR | scraper | Request exception on page 3 for 07/07/2025: 
2025-09-08 07:38:28 | ERROR | scraper | Request exception on page 4 for 07/07/2025: 
2025-09-08 07:38:28 | ERROR | scraper | Request exception on page 5 for 07/17/2025: 
2025-09-08 07:38:28 | ERROR | scraper | Request exception on page 4 for 07/17/2025: 
2025-09-08 07:38:29 | INFO | scraper | Fetched page 6 for 07/09/2025
2025-09-08 07:38:30 | INFO | scraper | Fetched page 4 for 07/13/2025
2025-09-08 07:38:31 | INFO | scraper | Fetched page 3 for 07/16/2025
2025-09-08 07:38:31 | INFO | scraper | Updated date collection for 07/10/2025: Page 1, Failed pages: []
2025-09-08 07:38:32 | ERROR | scraper | Request exception on page 2 for 07/08/2025: 
2025-09-08 07:38:32 | ERROR | scraper | Request exception on page 1 for 07/08/2025: 
2025-09-08 07:38:32 | ERROR | scraper | Request exception on page 5 for 07/08/2025: 
2025-09-08 07:38:32 | ERROR | scraper | Request exception on page 3 for 07/08/2025: 
2025-09-08 07:38:32 | ERROR | scraper | Request exception on page 4 for 07/08/2025: 
2025-09-08 07:38:32 | ERROR | scraper | Request exception on page 2 for 07/14/2025: 
2025-09-08 07:38:32 | ERROR | scraper | Request exception on page 5 for 07/14/2025: 
2025-09-08 07:38:32 | INFO | scraper | Fetched page 5 for 07/07/2025
2025-09-08 07:38:32 | INFO | scraper | Fetched page 7 for 07/09/2025
2025-09-08 07:38:33 | INFO | scraper | Fetched page 3 for 07/07/2025
2025-09-08 07:38:33 | ERROR | scraper | Request exception on page 2 for 07/15/2025: 
2025-09-08 07:38:33 | ERROR | scraper | Request exception on page 1 for 07/15/2025: 
2025-09-08 07:38:33 | ERROR | scraper | Request exception on page 4 for 07/15/2025: 
2025-09-08 07:38:33 | INFO | scraper | Fetched page 4 for 07/17/2025
2025-09-08 07:38:34 | INFO | scraper | Fetched page 4 for 07/06/2025
2025-09-08 07:38:35 | ERROR | scraper | Request exception on page 4 for 07/23/2025: 
2025-09-08 07:38:35 | ERROR | scraper | Request exception on page 7 for 07/23/2025: 
2025-09-08 07:38:35 | ERROR | scraper | Request exception on page 5 for 07/23/2025: 
2025-09-08 07:38:35 | INFO | scraper | Fetched page 5 for 07/17/2025
2025-09-08 07:38:36 | INFO | scraper | Fetched page 2 for 07/15/2025
2025-09-08 07:38:36 | INFO | scraper | Fetched page 1 for 07/10/2025
2025-09-08 07:38:36 | INFO | scraper | Fetched page 2 for 07/14/2025
2025-09-08 07:38:37 | INFO | scraper | Fetched page 4 for 07/16/2025
2025-09-08 07:38:37 | ERROR | scraper | Request exception on page 4 for 07/27/2025: 
2025-09-08 07:38:37 | ERROR | scraper | Request exception on page 5 for 07/27/2025: 
2025-09-08 07:38:37 | ERROR | scraper | Request exception on page 2 for 07/27/2025: 
2025-09-08 07:38:37 | INFO | scraper | Fetched page 5 for 07/16/2025
2025-09-08 07:38:37 | INFO | scraper | Fetched page 4 for 07/07/2025
2025-09-08 07:38:38 | INFO | scraper | Fetched page 1 for 07/15/2025
2025-09-08 07:38:38 | INFO | scraper | Fetched page 5 for 07/14/2025
2025-09-08 07:38:38 | INFO | scraper | Updated date collection for 07/28/2025: Page 1, Failed pages: []
2025-09-08 07:38:39 | INFO | scraper | Fetched page 2 for 07/10/2025
2025-09-08 07:38:39 | INFO | scraper | Updated date collection for 07/21/2025: Page 1, Failed pages: []
2025-09-08 07:38:40 | ERROR | scraper | Request exception on page 1 for 07/29/2025: 
2025-09-08 07:38:40 | ERROR | scraper | Request exception on page 1 for 07/01/2025: 
2025-09-08 07:38:40 | ERROR | scraper | Request exception on page 1 for 07/20/2025: 
2025-09-08 07:38:40 | ERROR | scraper | Request exception on page 1 for 07/30/2025: 
2025-09-08 07:38:40 | ERROR | scraper | Request exception on page 1 for 07/03/2025: 
2025-09-08 07:38:40 | ERROR | scraper | Request exception on page 1 for 07/22/2025: 
2025-09-08 07:38:40 | ERROR | scraper | Request exception on page 1 for 07/02/2025: 
2025-09-08 07:38:40 | INFO | scraper | Fetched page 4 for 07/10/2025
2025-09-08 07:38:41 | INFO | scraper | Fetched page 5 for 07/08/2025
2025-09-08 07:38:41 | INFO | scraper | Fetched page 2 for 07/16/2025
2025-09-08 07:38:42 | INFO | scraper | Fetched page 4 for 07/23/2025
2025-09-08 07:38:42 | INFO | scraper | Fetched page 7 for 07/23/2025
2025-09-08 07:38:42 | INFO | scraper | Fetched page 3 for 07/10/2025
2025-09-08 07:38:42 | ERROR | scraper | Request exception on page 1 for 07/24/2025: 
2025-09-08 07:38:42 | ERROR | scraper | Max retries reached for page 1 on 07/24/2025.
2025-09-08 07:38:42 | ERROR | scraper | Could not fetch first page for 07/24/2025
2025-09-08 07:38:42 | INFO | scraper | Fetched page 1 for 07/28/2025
2025-09-08 07:38:42 | INFO | scraper | Fetched page 4 for 07/27/2025
2025-09-08 07:38:43 | INFO | scraper | Fetched page 1 for 07/21/2025
2025-09-08 07:38:43 | INFO | scraper | Fetched page 5 for 07/10/2025
2025-09-08 07:38:45 | INFO | scraper | Fetched page 2 for 07/08/2025
2025-09-08 07:38:46 | INFO | scraper | Fetched page 5 for 07/27/2025
2025-09-08 07:38:46 | INFO | scraper | Fetched page 4 for 07/15/2025
2025-09-08 07:38:47 | INFO | scraper | Fetched page 3 for 07/08/2025
2025-09-08 07:38:47 | INFO | scraper | Skipped 500 existing records
2025-09-08 07:38:47 | INFO | scraper | Skipped 500 existing records
2025-09-08 07:38:47 | INFO | scraper | Skipped 500 existing records
2025-09-08 07:38:47 | INFO | scraper | Skipped 500 existing records
2025-09-08 07:38:47 | INFO | scraper | Inserted 500 new records, skipped 0 existing records
2025-09-08 07:38:48 | INFO | scraper | Inserted 500 new records, skipped 0 existing records
2025-09-08 07:38:48 | INFO | scraper | Skipped 500 existing records
2025-09-08 07:38:48 | INFO | scraper | Skipped 500 existing records
2025-09-08 07:38:48 | INFO | scraper | Inserted 500 new records, skipped 0 existing records
2025-09-08 07:38:48 | INFO | scraper | Fetched page 5 for 07/21/2025
2025-09-08 07:38:49 | INFO | scraper | Skipped 500 existing records
2025-09-08 07:38:49 | INFO | scraper | Fetched page 5 for 07/23/2025
2025-09-08 07:38:49 | INFO | scraper | Fetched page 1 for 07/08/2025
2025-09-08 07:38:50 | INFO | scraper | Fetched page 4 for 07/08/2025
2025-09-08 07:38:50 | INFO | scraper | Fetched page 1 for 07/30/2025
2025-09-08 07:38:50 | INFO | scraper | Fetched page 4 for 07/21/2025
2025-09-08 07:38:51 | INFO | scraper | Fetched page 2 for 07/21/2025
2025-09-08 07:38:51 | ERROR | scraper | Request exception on page 4 for 07/28/2025: Cannot connect to host merolagani.com:443 ssl:default [None]
2025-09-08 07:38:51 | INFO | scraper | Fetched page 1 for 07/03/2025
2025-09-08 07:38:51 | INFO | scraper | Fetched page 3 for 07/21/2025
2025-09-08 07:38:52 | ERROR | scraper | Timeout processing batch starting at page 1 for 07/13/2025
2025-09-08 07:38:52 | ERROR | scraper | Timeout processing batch starting at page 1 for 07/06/2025
2025-09-08 07:38:52 | ERROR | scraper | Timeout processing batch starting at page 5 for 07/09/2025
2025-09-08 07:38:52 | INFO | scraper | Fetched page 1 for 07/02/2025
2025-09-08 07:38:53 | INFO | scraper | Fetched page 1 for 07/20/2025
2025-09-08 07:38:55 | INFO | scraper | Fetched page 2 for 07/28/2025
2025-09-08 07:38:56 | INFO | scraper | Fetched page 2 for 07/27/2025
2025-09-08 07:38:56 | INFO | scraper | Fetched page 6 for 07/13/2025
2025-09-08 07:38:56 | ERROR | scraper | Timeout processing batch starting at page 1 for 07/16/2025
2025-09-08 07:38:57 | INFO | scraper | Fetched page 6 for 07/06/2025
2025-09-08 07:38:57 | ERROR | scraper | Timeout processing batch starting at page 1 for 07/07/2025
2025-09-08 07:38:57 | ERROR | scraper | Timeout processing batch starting at page 1 for 07/17/2025
2025-09-08 07:38:57 | INFO | scraper | Fetched page 10 for 07/09/2025
2025-09-08 07:38:58 | INFO | scraper | Fetched page 12 for 07/09/2025
2025-09-08 07:38:58 | INFO | scraper | Fetched page 4 for 07/28/2025
2025-09-08 07:38:58 | INFO | scraper | Fetched page 11 for 07/09/2025
2025-09-08 07:38:59 | INFO | scraper | Fetched page 7 for 07/06/2025
2025-09-08 07:38:59 | INFO | scraper | Fetched page 7 for 07/13/2025
2025-09-08 07:38:59 | INFO | scraper | Fetched page 1 for 07/29/2025
2025-09-08 07:39:00 | INFO | scraper | Fetched page 8 for 07/06/2025
2025-09-08 07:39:00 | INFO | scraper | Inserted 500 new records, skipped 0 existing records
2025-09-08 07:39:00 | INFO | scraper | Fetched page 6 for 07/16/2025
2025-09-08 07:39:01 | INFO | scraper | Skipped 500 existing records
2025-09-08 07:39:01 | INFO | scraper | Fetched page 6 for 07/07/2025
2025-09-08 07:39:01 | INFO | scraper | Fetched page 9 for 07/13/2025
2025-09-08 07:39:02 | INFO | scraper | Fetched page 1 for 07/22/2025
2025-09-08 07:39:02 | INFO | scraper | Fetched page 6 for 07/17/2025
2025-09-08 07:39:02 | ERROR | scraper | Timeout processing batch starting at page 1 for 07/14/2025
2025-09-08 07:39:02 | INFO | scraper | Fetched page 9 for 07/06/2025
2025-09-08 07:39:02 | INFO | scraper | Fetched page 7 for 07/07/2025
2025-09-08 07:39:02 | INFO | scraper | Fetched page 8 for 07/16/2025
2025-09-08 07:39:02 | INFO | scraper | Fetched page 8 for 07/13/2025
2025-09-08 07:39:02 | ERROR | scraper | Timeout processing batch starting at page 1 for 07/15/2025
2025-09-08 07:39:02 | INFO | scraper | Fetched page 10 for 07/06/2025
2025-09-08 07:39:03 | ERROR | scraper | Request exception on page 3 for 07/10/2025: 
2025-09-08 07:39:03 | ERROR | scraper | Timeout processing batch starting at page 1 for 07/08/2025
2025-09-08 07:39:03 | INFO | scraper | Fetched page 3 for 07/28/2025
2025-09-08 07:39:04 | INFO | scraper | Fetched page 10 for 07/07/2025
2025-09-08 07:39:05 | INFO | scraper | Fetched page 7 for 07/17/2025
2025-09-08 07:39:05 | ERROR | scraper | Timeout processing batch starting at page 3 for 07/23/2025
2025-09-08 07:39:05 | INFO | scraper | Fetched page 7 for 07/16/2025
2025-09-08 07:39:05 | INFO | scraper | Fetched page 10 for 07/16/2025
2025-09-08 07:39:06 | INFO | scraper | Fetched page 14 for 07/09/2025
2025-09-08 07:39:06 | INFO | scraper | Fetched page 6 for 07/14/2025
2025-09-08 07:39:06 | INFO | scraper | Fetched page 8 for 07/07/2025
2025-09-08 07:39:07 | ERROR | scraper | Timeout processing batch starting at page 1 for 07/27/2025
2025-09-08 07:39:07 | INFO | scraper | Fetched page 3 for 07/10/2025
2025-09-08 07:39:07 | INFO | scraper | Fetched page 5 for 07/28/2025
2025-09-08 07:39:08 | INFO | scraper | Fetched page 6 for 07/08/2025
2025-09-08 07:39:08 | INFO | scraper | Fetched page 6 for 07/15/2025
2025-09-08 07:39:08 | INFO | scraper | Fetched page 7 for 07/14/2025
2025-09-08 07:39:09 | INFO | scraper | Fetched page 8 for 07/08/2025
2025-09-08 07:39:09 | INFO | scraper | Fetched page 9 for 07/16/2025
2025-09-08 07:39:09 | ERROR | scraper | Request exception on page 1 for 07/28/2025: 
2025-09-08 07:39:09 | ERROR | scraper | Request exception on page 3 for 07/28/2025: 
2025-09-08 07:39:09 | ERROR | scraper | Request exception on page 5 for 07/28/2025: 
2025-09-08 07:39:09 | ERROR | scraper | Request exception on page 2 for 07/28/2025: 
2025-09-08 07:39:09 | INFO | scraper | Fetched page 8 for 07/15/2025
2025-09-08 07:39:09 | INFO | scraper | Fetched page 13 for 07/09/2025
2025-09-08 07:39:10 | ERROR | scraper | Request exception on page 1 for 07/21/2025: 
2025-09-08 07:39:10 | ERROR | scraper | Request exception on page 5 for 07/21/2025: 
2025-09-08 07:39:10 | INFO | scraper | Fetched page 9 for 07/07/2025
2025-09-08 07:39:11 | INFO | scraper | Fetched page 7 for 07/15/2025
2025-09-08 07:39:12 | INFO | scraper | Fetched page 8 for 07/23/2025
2025-09-08 07:39:13 | INFO | scraper | Updated date collection for 07/29/2025: Page 1, Failed pages: []
2025-09-08 07:39:13 | ERROR | scraper | Request exception on page 1 for 07/20/2025: 
2025-09-08 07:39:13 | ERROR | scraper | Request exception on page 1 for 07/01/2025: 
2025-09-08 07:39:13 | ERROR | scraper | Request exception on page 1 for 07/03/2025: 
2025-09-08 07:39:13 | ERROR | scraper | Request exception on page 1 for 07/30/2025: 
2025-09-08 07:39:13 | ERROR | scraper | Max retries reached for page 1 on 07/03/2025.
2025-09-08 07:39:13 | ERROR | scraper | Max retries reached for page 1 on 07/30/2025.
2025-09-08 07:39:13 | ERROR | scraper | Could not fetch first page for 07/03/2025
2025-09-08 07:39:13 | ERROR | scraper | Max retries reached for page 1 on 07/20/2025.
2025-09-08 07:39:13 | ERROR | scraper | Could not fetch first page for 07/20/2025
2025-09-08 07:39:13 | ERROR | scraper | Could not fetch first page for 07/30/2025
2025-09-08 07:39:13 | ERROR | scraper | Max retries reached for page 1 on 07/01/2025.
2025-09-08 07:39:13 | ERROR | scraper | Could not fetch first page for 07/01/2025
2025-09-08 07:39:13 | ERROR | scraper | Request exception on page 1 for 07/22/2025: 
2025-09-08 07:39:13 | ERROR | scraper | Max retries reached for page 1 on 07/22/2025.
2025-09-08 07:39:13 | ERROR | scraper | Could not fetch first page for 07/22/2025
2025-09-08 07:39:13 | ERROR | scraper | Request exception on page 1 for 07/02/2025: 
2025-09-08 07:39:13 | ERROR | scraper | Max retries reached for page 1 on 07/02/2025.
2025-09-08 07:39:13 | ERROR | scraper | Could not fetch first page for 07/02/2025
2025-09-08 07:39:13 | INFO | scraper | Fetched page 7 for 07/08/2025
2025-09-08 07:39:15 | INFO | scraper | Fetched page 6 for 07/27/2025
2025-09-08 07:39:16 | INFO | scraper | Fetched page 9 for 07/08/2025
2025-09-08 07:39:16 | INFO | scraper | Fetched page 1 for 07/21/2025
2025-09-08 07:39:17 | INFO | scraper | Fetched page 9 for 07/23/2025
2025-09-08 07:39:18 | INFO | scraper | Fetched page 1 for 07/28/2025
2025-09-08 07:39:18 | INFO | scraper | Fetched page 1 for 07/29/2025
2025-09-08 07:39:18 | INFO | scraper | Fetched page 5 for 07/21/2025
2025-09-08 07:39:19 | INFO | scraper | Fetched page 10 for 07/14/2025
2025-09-08 07:39:19 | INFO | scraper | Fetched page 10 for 07/08/2025
2025-09-08 07:39:19 | INFO | scraper | Fetched page 10 for 07/23/2025
2025-09-08 07:39:20 | INFO | scraper | Fetched page 9 for 07/14/2025
2025-09-08 07:39:20 | INFO | scraper | Fetched page 2 for 07/28/2025
2025-09-08 07:39:20 | INFO | scraper | Fetched page 11 for 07/23/2025
2025-09-08 07:39:20 | INFO | scraper | Fetched page 8 for 07/14/2025
2025-09-08 07:39:21 | INFO | scraper | Fetched page 9 for 07/15/2025
2025-09-08 07:39:22 | INFO | scraper | Fetched page 3 for 07/28/2025
2025-09-08 07:39:22 | INFO | scraper | Fetched page 12 for 07/23/2025
2025-09-08 07:39:23 | INFO | scraper | Fetched page 7 for 07/27/2025
2025-09-08 07:39:23 | INFO | scraper | Fetched page 10 for 07/15/2025
2025-09-08 07:39:23 | INFO | scraper | Fetched page 9 for 07/17/2025
2025-09-08 07:39:24 | ERROR | scraper | Request exception on page 7 for 07/06/2025: 
2025-09-08 07:39:24 | ERROR | scraper | Request exception on page 8 for 07/13/2025: 
2025-09-08 07:39:24 | ERROR | scraper | Request exception on page 8 for 07/06/2025: 
2025-09-08 07:39:24 | ERROR | scraper | Request exception on page 9 for 07/06/2025: 
2025-09-08 07:39:24 | ERROR | scraper | Request exception on page 10 for 07/06/2025: 
2025-09-08 07:39:24 | ERROR | scraper | Request exception on page 10 for 07/13/2025: 
2025-09-08 07:39:24 | ERROR | scraper | Request exception on page 7 for 07/13/2025: 
2025-09-08 07:39:24 | ERROR | scraper | Request exception on page 9 for 07/13/2025: 
2025-09-08 07:39:24 | INFO | scraper | Fetched page 3 for 07/29/2025
2025-09-08 07:39:25 | ERROR | scraper | Request exception on page 14 for 07/09/2025: 
2025-09-08 07:39:25 | ERROR | scraper | Request exception on page 13 for 07/09/2025: 
2025-09-08 07:39:25 | ERROR | scraper | Request exception on page 10 for 07/09/2025: 
2025-09-08 07:39:25 | ERROR | scraper | Request exception on page 12 for 07/09/2025: 
2025-09-08 07:39:25 | INFO | scraper | Fetched page 5 for 07/28/2025
2025-09-08 07:39:25 | INFO | scraper | Fetched page 10 for 07/17/2025
2025-09-08 07:39:25 | INFO | scraper | Fetched page 5 for 07/29/2025
2025-09-08 07:39:26 | INFO | scraper | Fetched page 8 for 07/27/2025
2025-09-08 07:39:27 | INFO | scraper | Fetched page 8 for 07/17/2025
2025-09-08 07:39:27 | INFO | scraper | Fetched page 7 for 07/06/2025
2025-09-08 07:39:28 | INFO | scraper | Fetched page 8 for 07/13/2025
2025-09-08 07:39:28 | INFO | scraper | Fetched page 14 for 07/09/2025
2025-09-08 07:39:28 | INFO | scraper | Fetched page 9 for 07/27/2025
2025-09-08 07:39:29 | INFO | scraper | Fetched page 2 for 07/29/2025
2025-09-08 07:39:29 | ERROR | scraper | Request exception on page 9 for 07/16/2025: 
2025-09-08 07:39:29 | ERROR | scraper | Request exception on page 10 for 07/16/2025: 
2025-09-08 07:39:30 | ERROR | scraper | Request exception on page 10 for 07/17/2025: 
2025-09-08 07:39:30 | ERROR | scraper | Request exception on page 9 for 07/17/2025: 
2025-09-08 07:39:30 | ERROR | scraper | Request exception on page 8 for 07/17/2025: 
2025-09-08 07:39:30 | INFO | scraper | Fetched page 10 for 07/09/2025
2025-09-08 07:39:30 | INFO | scraper | Fetched page 7 for 07/13/2025
2025-09-08 07:39:31 | INFO | scraper | Fetched page 13 for 07/09/2025
2025-09-08 07:39:31 | ERROR | scraper | Request exception on page 7 for 07/07/2025: 
2025-09-08 07:39:31 | ERROR | scraper | Request exception on page 9 for 07/07/2025: 
2025-09-08 07:39:31 | ERROR | scraper | Request exception on page 8 for 07/07/2025: 
2025-09-08 07:39:31 | ERROR | scraper | Request exception on page 10 for 07/07/2025: 
2025-09-08 07:39:31 | ERROR | scraper | Timeout processing batch starting at page 1 for 07/10/2025
2025-09-08 07:39:32 | INFO | scraper | Fetched page 12 for 07/09/2025
2025-09-08 07:39:32 | INFO | scraper | Fetched page 10 for 07/13/2025
2025-09-08 07:39:32 | INFO | scraper | Fetched page 9 for 07/13/2025
2025-09-08 07:39:33 | INFO | scraper | Fetched page 9 for 07/16/2025
2025-09-08 07:39:34 | INFO | scraper | Fetched page 10 for 07/16/2025
2025-09-08 07:39:34 | INFO | scraper | Fetched page 10 for 07/17/2025
2025-09-08 07:39:34 | ERROR | scraper | Request exception on page 9 for 07/14/2025: 
2025-09-08 07:39:34 | ERROR | scraper | Request exception on page 8 for 07/14/2025: 
2025-09-08 07:39:34 | INFO | scraper | Fetched page 10 for 07/06/2025
2025-09-08 07:39:34 | INFO | scraper | Fetched page 9 for 07/06/2025
2025-09-08 07:39:35 | INFO | scraper | Fetched page 7 for 07/07/2025
2025-09-08 07:39:35 | ERROR | scraper | Request exception on page 9 for 07/08/2025: 
2025-09-08 07:39:36 | ERROR | scraper | Request exception on page 10 for 07/15/2025: 
2025-09-08 07:39:36 | ERROR | scraper | Request exception on page 8 for 07/15/2025: 
2025-09-08 07:39:36 | INFO | scraper | Fetched page 6 for 07/10/2025
2025-09-08 07:39:36 | INFO | scraper | Fetched page 8 for 07/06/2025
2025-09-08 07:39:36 | INFO | scraper | Fetched page 8 for 07/07/2025
2025-09-08 07:39:36 | INFO | scraper | Fetched page 9 for 07/17/2025
2025-09-08 07:39:37 | INFO | scraper | Fetched page 9 for 07/14/2025
2025-09-08 07:39:37 | INFO | scraper | Fetched page 8 for 07/17/2025
2025-09-08 07:39:37 | ERROR | scraper | Request exception on page 9 for 07/23/2025: 
2025-09-08 07:39:37 | INFO | scraper | Fetched page 4 for 07/29/2025
2025-09-08 07:39:38 | ERROR | scraper | Request exception on page 12 for 07/23/2025: 
2025-09-08 07:39:38 | ERROR | scraper | Timeout processing batch starting at page 1 for 07/28/2025
2025-09-08 07:39:38 | INFO | scraper | Fetched page 8 for 07/14/2025
2025-09-08 07:39:39 | INFO | scraper | Fetched page 10 for 07/07/2025
2025-09-08 07:39:39 | INFO | scraper | Fetched page 9 for 07/08/2025
2025-09-08 07:39:39 | ERROR | scraper | Request exception on page 9 for 07/27/2025: 
2025-09-08 07:39:39 | ERROR | scraper | Request exception on page 10 for 07/27/2025: 
2025-09-08 07:39:39 | ERROR | scraper | Request exception on page 8 for 07/27/2025: 
2025-09-08 07:39:39 | ERROR | scraper | Request exception on page 7 for 07/27/2025: 
2025-09-08 07:39:39 | ERROR | scraper | Request exception on page 6 for 07/27/2025: 
2025-09-08 07:39:39 | ERROR | scraper | Timeout processing batch starting at page 1 for 07/21/2025
2025-09-08 07:39:39 | INFO | scraper | Fetched page 10 for 07/15/2025
2025-09-08 07:39:40 | INFO | scraper | Fetched page 8 for 07/15/2025
2025-09-08 07:39:40 | ERROR | scraper | Request exception on page 6 for 07/27/2025: Cannot connect to host merolagani.com:443 ssl:default [Network is unreachable]
2025-09-08 07:39:40 | ERROR | scraper | Request exception on page 10 for 07/27/2025: Cannot connect to host merolagani.com:443 ssl:default [Network is unreachable]
2025-09-08 07:39:40 | ERROR | scraper | Request exception on page 7 for 07/27/2025: Cannot connect to host merolagani.com:443 ssl:default [Network is unreachable]
2025-09-08 07:39:40 | ERROR | scraper | Request exception on page 8 for 07/27/2025: Cannot connect to host merolagani.com:443 ssl:default [Network is unreachable]
2025-09-08 07:39:40 | ERROR | scraper | Request exception on page 9 for 07/27/2025: Cannot connect to host merolagani.com:443 ssl:default [Network is unreachable]
2025-09-08 07:39:41 | INFO | scraper | Fetched page 9 for 07/07/2025
2025-09-08 07:39:41 | INFO | scraper | Fetched page 9 for 07/23/2025
2025-09-08 07:39:42 | ERROR | scraper | Request exception on page 6 for 07/27/2025: Cannot connect to host merolagani.com:443 ssl:default [Network is unreachable]
2025-09-08 07:39:42 | ERROR | scraper | Max retries reached for page 6 on 07/27/2025.
2025-09-08 07:39:42 | ERROR | scraper | Failed to fetch page 6 for 07/27/2025
2025-09-08 07:39:42 | ERROR | scraper | Request exception on page 10 for 07/27/2025: Cannot connect to host merolagani.com:443 ssl:default [Network is unreachable]
2025-09-08 07:39:42 | ERROR | scraper | Max retries reached for page 10 on 07/27/2025.
2025-09-08 07:39:42 | ERROR | scraper | Failed to fetch page 10 for 07/27/2025
2025-09-08 07:39:42 | ERROR | scraper | Request exception on page 7 for 07/27/2025: Cannot connect to host merolagani.com:443 ssl:default [Network is unreachable]
2025-09-08 07:39:42 | ERROR | scraper | Max retries reached for page 7 on 07/27/2025.
2025-09-08 07:39:42 | ERROR | scraper | Failed to fetch page 7 for 07/27/2025
2025-09-08 07:39:42 | ERROR | scraper | Request exception on page 8 for 07/27/2025: Cannot connect to host merolagani.com:443 ssl:default [Network is unreachable]
2025-09-08 07:39:42 | ERROR | scraper | Max retries reached for page 8 on 07/27/2025.
2025-09-08 07:39:42 | ERROR | scraper | Failed to fetch page 8 for 07/27/2025
2025-09-08 07:39:42 | ERROR | scraper | Request exception on page 9 for 07/27/2025: Cannot connect to host merolagani.com:443 ssl:default [Network is unreachable]
2025-09-08 07:39:42 | ERROR | scraper | Max retries reached for page 9 on 07/27/2025.
2025-09-08 07:39:42 | ERROR | scraper | Failed to fetch page 9 for 07/27/2025
2025-09-08 07:39:42 | WARNING | scraper | Failed to process page 6 for 07/27/2025
2025-09-08 07:39:42 | WARNING | scraper | Failed to process page 7 for 07/27/2025
2025-09-08 07:39:42 | WARNING | scraper | Failed to process page 8 for 07/27/2025
2025-09-08 07:39:42 | WARNING | scraper | Failed to process page 9 for 07/27/2025
2025-09-08 07:39:42 | WARNING | scraper | Failed to process page 10 for 07/27/2025
2025-09-08 07:39:43 | ERROR | scraper | Request exception on page 3 for 07/29/2025: 
2025-09-08 07:39:43 | ERROR | scraper | Request exception on page 2 for 07/29/2025: 
2025-09-08 07:39:43 | ERROR | scraper | Request exception on page 5 for 07/29/2025: 
2025-09-08 07:39:43 | ERROR | scraper | Request exception on page 4 for 07/29/2025: 
2025-09-08 07:39:44 | INFO | scraper | Fetched page 12 for 07/23/2025
2025-09-08 07:39:44 | INFO | scraper | Fetched page 6 for 07/21/2025
2025-09-08 07:39:44 | ERROR | scraper | Request exception on page 11 for 07/27/2025: Cannot connect to host merolagani.com:443 ssl:default [Network is unreachable]
2025-09-08 07:39:44 | INFO | scraper | Fetched page 7 for 07/28/2025
2025-09-08 07:39:44 | ERROR | scraper | Request exception on page 12 for 07/27/2025: Cannot connect to host merolagani.com:443 ssl:default [Network is unreachable]
2025-09-08 07:39:45 | INFO | scraper | Fetched page 8 for 07/10/2025
2025-09-08 07:39:45 | INFO | scraper | Fetched page 9 for 07/10/2025
2025-09-08 07:39:46 | INFO | scraper | Fetched page 9 for 07/21/2025
2025-09-08 07:39:46 | INFO | scraper | Fetched page 6 for 07/28/2025
2025-09-08 07:39:47 | INFO | scraper | Fetched page 7 for 07/10/2025
2025-09-08 07:39:47 | INFO | scraper | Fetched page 10 for 07/10/2025
2025-09-08 07:39:47 | INFO | scraper | Fetched page 3 for 07/29/2025
2025-09-08 07:39:48 | INFO | scraper | Fetched page 7 for 07/21/2025
2025-09-08 07:39:48 | INFO | scraper | Fetched page 8 for 07/28/2025
2025-09-08 07:39:49 | INFO | scraper | Fetched page 2 for 07/29/2025
2025-09-08 07:39:49 | INFO | scraper | Fetched page 8 for 07/21/2025
2025-09-08 07:39:50 | INFO | scraper | Fetched page 14 for 07/27/2025
2025-09-08 07:39:51 | INFO | scraper | Fetched page 10 for 07/21/2025
2025-09-08 07:39:51 | INFO | scraper | Fetched page 10 for 07/28/2025
2025-09-08 07:39:52 | INFO | scraper | Fetched page 4 for 07/29/2025
2025-09-08 07:39:54 | ERROR | scraper | Timeout processing batch starting at page 6 for 07/13/2025
2025-09-08 07:39:54 | ERROR | scraper | Timeout processing batch starting at page 6 for 07/06/2025
2025-09-08 07:39:54 | ERROR | scraper | Timeout processing batch starting at page 10 for 07/09/2025
2025-09-08 07:39:57 | INFO | scraper | Fetched page 5 for 07/29/2025
2025-09-08 07:39:57 | INFO | scraper | Fetched page 11 for 07/27/2025
2025-09-08 07:39:57 | INFO | scraper | Fetched page 13 for 07/27/2025
2025-09-08 07:39:58 | INFO | scraper | Fetched page 12 for 07/06/2025
2025-09-08 07:39:58 | INFO | scraper | Fetched page 15 for 07/09/2025
2025-09-08 07:39:58 | ERROR | scraper | Timeout processing batch starting at page 6 for 07/16/2025
2025-09-08 07:39:58 | INFO | scraper | Fetched page 11 for 07/13/2025
2025-09-08 07:39:59 | INFO | scraper | Fetched page 9 for 07/28/2025
2025-09-08 07:39:59 | INFO | scraper | Fetched page 13 for 07/06/2025
2025-09-08 07:39:59 | ERROR | scraper | Timeout processing batch starting at page 6 for 07/07/2025
2025-09-08 07:39:59 | ERROR | scraper | Timeout processing batch starting at page 6 for 07/17/2025
2025-09-08 07:39:59 | INFO | scraper | Fetched page 16 for 07/09/2025
2025-09-08 07:40:00 | INFO | scraper | Fetched page 11 for 07/06/2025
2025-09-08 07:40:00 | INFO | scraper | Fetched page 19 for 07/09/2025
2025-09-08 07:40:00 | INFO | scraper | Fetched page 15 for 07/13/2025
2025-09-08 07:40:00 | INFO | scraper | Fetched page 15 for 07/27/2025
2025-09-08 07:40:02 | INFO | scraper | Fetched page 18 for 07/09/2025
2025-09-08 07:40:02 | INFO | scraper | Fetched page 13 for 07/13/2025
2025-09-08 07:40:02 | INFO | scraper | Fetched page 14 for 07/13/2025
2025-09-08 07:40:03 | INFO | scraper | Fetched page 11 for 07/07/2025
2025-09-08 07:40:04 | ERROR | scraper | Timeout processing batch starting at page 6 for 07/14/2025
2025-09-08 07:40:04 | ERROR | scraper | Request exception on page 7 for 07/10/2025: 
2025-09-08 07:40:04 | ERROR | scraper | Request exception on page 6 for 07/10/2025: 
2025-09-08 07:40:04 | ERROR | scraper | Request exception on page 10 for 07/10/2025: 
2025-09-08 07:40:04 | ERROR | scraper | Timeout processing batch starting at page 6 for 07/15/2025
2025-09-08 07:40:04 | INFO | scraper | Fetched page 11 for 07/17/2025
2025-09-08 07:40:05 | INFO | scraper | Fetched page 12 for 07/13/2025
2025-09-08 07:40:05 | ERROR | scraper | Timeout processing batch starting at page 6 for 07/08/2025
2025-09-08 07:40:05 | INFO | scraper | Fetched page 11 for 07/16/2025
2025-09-08 07:40:05 | INFO | scraper | Fetched page 17 for 07/09/2025
2025-09-08 07:40:05 | INFO | scraper | Fetched page 14 for 07/06/2025
2025-09-08 07:40:06 | INFO | scraper | Fetched page 15 for 07/07/2025
2025-09-08 07:40:06 | ERROR | scraper | Request exception on page 15 for 07/14/2025: Cannot connect to host merolagani.com:443 ssl:default [Network is unreachable]
2025-09-08 07:40:06 | ERROR | scraper | Request exception on page 13 for 07/14/2025: Cannot connect to host merolagani.com:443 ssl:default [Network is unreachable]
2025-09-08 07:40:06 | ERROR | scraper | Request exception on page 14 for 07/14/2025: Cannot connect to host merolagani.com:443 ssl:default [Network is unreachable]
2025-09-08 07:40:06 | ERROR | scraper | Request exception on page 12 for 07/14/2025: Cannot connect to host merolagani.com:443 ssl:default [Network is unreachable]
2025-09-08 07:40:06 | INFO | scraper | Fetched page 15 for 07/06/2025
2025-09-08 07:40:07 | INFO | scraper | Fetched page 13 for 07/07/2025
2025-09-08 07:40:07 | ERROR | scraper | Timeout processing batch starting at page 8 for 07/23/2025
2025-09-08 07:40:07 | INFO | scraper | Fetched page 12 for 07/16/2025
2025-09-08 07:40:07 | ERROR | scraper | Request exception on page 15 for 07/14/2025: Cannot connect to host merolagani.com:443 ssl:default [Network is unreachable]
2025-09-08 07:40:07 | ERROR | scraper | Request exception on page 13 for 07/14/2025: Cannot connect to host merolagani.com:443 ssl:default [Network is unreachable]
2025-09-08 07:40:07 | ERROR | scraper | Request exception on page 14 for 07/14/2025: Cannot connect to host merolagani.com:443 ssl:default [Network is unreachable]
2025-09-08 07:40:08 | INFO | scraper | Fetched page 7 for 07/10/2025
2025-09-08 07:40:08 | INFO | scraper | Fetched page 14 for 07/16/2025
2025-09-08 07:40:08 | INFO | scraper | Fetched page 11 for 07/14/2025
2025-09-08 07:40:09 | INFO | scraper | Fetched page 11 for 07/08/2025
2025-09-08 07:40:09 | INFO | scraper | Fetched page 13 for 07/16/2025
2025-09-08 07:40:09 | INFO | scraper | Fetched page 6 for 07/10/2025
2025-09-08 07:40:10 | INFO | scraper | Fetched page 15 for 07/16/2025
2025-09-08 07:40:10 | INFO | scraper | Fetched page 11 for 07/15/2025
2025-09-08 07:40:11 | ERROR | scraper | Request exception on page 10 for 07/28/2025: 
2025-09-08 07:40:11 | ERROR | scraper | Request exception on page 8 for 07/28/2025: 
2025-09-08 07:40:11 | ERROR | scraper | Request exception on page 6 for 07/28/2025: 
2025-09-08 07:40:12 | ERROR | scraper | Request exception on page 8 for 07/21/2025: 
2025-09-08 07:40:12 | ERROR | scraper | Request exception on page 7 for 07/21/2025: 
2025-09-08 07:40:12 | ERROR | scraper | Request exception on page 6 for 07/21/2025: 
2025-09-08 07:40:12 | ERROR | scraper | Request exception on page 10 for 07/21/2025: 
2025-09-08 07:40:13 | ERROR | scraper | Timeout processing batch starting at page 1 for 07/29/2025
2025-09-08 07:40:15 | ERROR | scraper | Request exception on page 15 for 07/27/2025: 
2025-09-08 07:40:15 | ERROR | scraper | Request exception on page 14 for 07/27/2025: 
2025-09-08 07:40:15 | ERROR | scraper | Request exception on page 13 for 07/27/2025: 
2025-09-08 07:40:16 | ERROR | scraper | Request exception on page 12 for 07/27/2025: 
2025-09-08 07:40:16 | ERROR | scraper | Request exception on page 11 for 07/27/2025: 
2025-09-08 07:40:21 | ERROR | scraper | Request exception on page 14 for 07/17/2025: Cannot connect to host merolagani.com:443 ssl:default [Temporary failure in name resolution]
2025-09-08 07:40:21 | ERROR | scraper | Request exception on page 15 for 07/17/2025: Cannot connect to host merolagani.com:443 ssl:default [Temporary failure in name resolution]
2025-09-08 07:40:21 | ERROR | scraper | Request exception on page 13 for 07/17/2025: Cannot connect to host merolagani.com:443 ssl:default [Temporary failure in name resolution]
2025-09-08 07:40:21 | ERROR | scraper | Request exception on page 12 for 07/17/2025: Cannot connect to host merolagani.com:443 ssl:default [Temporary failure in name resolution]
2025-09-08 07:40:26 | ERROR | scraper | Request exception on page 14 for 07/06/2025: 
2025-09-08 07:40:26 | ERROR | scraper | Request exception on page 15 for 07/06/2025: 
2025-09-08 07:40:26 | ERROR | scraper | Request exception on page 12 for 07/06/2025: 
2025-09-08 07:40:26 | ERROR | scraper | Request exception on page 13 for 07/06/2025: 
2025-09-08 07:40:26 | ERROR | scraper | Request exception on page 11 for 07/13/2025: 
2025-09-08 07:40:26 | ERROR | scraper | Request exception on page 15 for 07/13/2025: 
2025-09-08 07:40:26 | ERROR | scraper | Request exception on page 14 for 07/13/2025: 
2025-09-08 07:40:26 | ERROR | scraper | Request exception on page 12 for 07/13/2025: 
2025-09-08 07:40:27 | ERROR | scraper | Request exception on page 18 for 07/09/2025: 
2025-09-08 07:40:27 | ERROR | scraper | Request exception on page 17 for 07/09/2025: 
2025-09-08 07:40:27 | ERROR | scraper | Request exception on page 16 for 07/09/2025: 
2025-09-08 07:40:27 | ERROR | scraper | Request exception on page 19 for 07/09/2025: 
2025-09-08 07:40:27 | ERROR | scraper | Request exception on page 15 for 07/09/2025: 
2025-09-08 07:40:29 | INFO | scraper | Fetched page 11 for 07/13/2025
2025-09-08 07:40:30 | INFO | scraper | Fetched page 14 for 07/06/2025
2025-09-08 07:40:30 | ERROR | scraper | Request exception on page 10 for 07/10/2025: Cannot connect to host merolagani.com:443 ssl:default [Temporary failure in name resolution]
2025-09-08 07:40:31 | ERROR | scraper | Request exception on page 12 for 07/16/2025: 
2025-09-08 07:40:31 | ERROR | scraper | Request exception on page 11 for 07/16/2025: 
2025-09-08 07:40:31 | ERROR | scraper | Request exception on page 15 for 07/16/2025: 
2025-09-08 07:40:31 | ERROR | scraper | Request exception on page 14 for 07/16/2025: 
2025-09-08 07:40:31 | ERROR | scraper | Request exception on page 13 for 07/16/2025: 
2025-09-08 07:40:31 | ERROR | scraper | Request exception on page 12 for 07/27/2025: Cannot connect to host merolagani.com:443 ssl:default [Temporary failure in name resolution]
2025-09-08 07:40:31 | ERROR | scraper | Max retries reached for page 12 on 07/27/2025.
2025-09-08 07:40:31 | ERROR | scraper | Failed to fetch page 12 for 07/27/2025
2025-09-08 07:40:31 | ERROR | scraper | Request exception on page 14 for 07/27/2025: Cannot connect to host merolagani.com:443 ssl:default [Temporary failure in name resolution]
2025-09-08 07:40:31 | ERROR | scraper | Request exception on page 11 for 07/27/2025: Cannot connect to host merolagani.com:443 ssl:default [Temporary failure in name resolution]
2025-09-08 07:40:31 | ERROR | scraper | Max retries reached for page 11 on 07/27/2025.
2025-09-08 07:40:31 | ERROR | scraper | Failed to fetch page 11 for 07/27/2025
2025-09-08 07:40:31 | ERROR | scraper | Request exception on page 13 for 07/27/2025: Cannot connect to host merolagani.com:443 ssl:default [Temporary failure in name resolution]
2025-09-08 07:40:31 | ERROR | scraper | Request exception on page 15 for 07/27/2025: Cannot connect to host merolagani.com:443 ssl:default [Temporary failure in name resolution]
2025-09-08 07:40:32 | ERROR | scraper | Request exception on page 14 for 07/07/2025: 
2025-09-08 07:40:32 | ERROR | scraper | Request exception on page 12 for 07/07/2025: 
2025-09-08 07:40:32 | ERROR | scraper | Request exception on page 11 for 07/07/2025: 
2025-09-08 07:40:32 | ERROR | scraper | Request exception on page 13 for 07/07/2025: 
2025-09-08 07:40:32 | ERROR | scraper | Request exception on page 11 for 07/17/2025: 
2025-09-08 07:40:32 | ERROR | scraper | Request exception on page 15 for 07/07/2025: 
2025-09-08 07:40:32 | ERROR | scraper | Request exception on page 6 for 07/28/2025: Cannot connect to host merolagani.com:443 ssl:default [Temporary failure in name resolution]
2025-09-08 07:40:33 | ERROR | scraper | Request exception on page 6 for 07/21/2025: Cannot connect to host merolagani.com:443 ssl:default [Temporary failure in name resolution]
2025-09-08 07:40:33 | ERROR | scraper | Request exception on page 10 for 07/21/2025: Cannot connect to host merolagani.com:443 ssl:default [Temporary failure in name resolution]
2025-09-08 07:40:33 | ERROR | scraper | Request exception on page 7 for 07/21/2025: Cannot connect to host merolagani.com:443 ssl:default [Temporary failure in name resolution]
2025-09-08 07:40:33 | ERROR | scraper | Timeout processing batch starting at page 6 for 07/10/2025
2025-09-08 07:40:34 | INFO | scraper | Fetched page 10 for 07/29/2025
2025-09-08 07:40:35 | INFO | scraper | Fetched page 12 for 07/14/2025
2025-09-08 07:40:35 | INFO | scraper | Fetched page 15 for 07/08/2025
2025-09-08 07:40:35 | INFO | scraper | Fetched page 17 for 07/23/2025
2025-09-08 07:40:36 | INFO | scraper | Fetched page 13 for 07/06/2025
2025-09-08 07:40:36 | INFO | scraper | Fetched page 6 for 07/29/2025
2025-09-08 07:40:36 | ERROR | scraper | Request exception on page 11 for 07/14/2025: 
2025-09-08 07:40:36 | INFO | scraper | Fetched page 7 for 07/29/2025
2025-09-08 07:40:36 | INFO | scraper | Fetched page 14 for 07/13/2025
2025-09-08 07:40:37 | ERROR | scraper | Request exception on page 13 for 07/08/2025: 
2025-09-08 07:40:37 | ERROR | scraper | Request exception on page 13 for 07/15/2025: 
2025-09-08 07:40:37 | ERROR | scraper | Request exception on page 14 for 07/08/2025: 
2025-09-08 07:40:37 | ERROR | scraper | Request exception on page 12 for 07/08/2025: 
2025-09-08 07:40:37 | ERROR | scraper | Request exception on page 12 for 07/15/2025: 
2025-09-08 07:40:37 | ERROR | scraper | Request exception on page 11 for 07/15/2025: 
2025-09-08 07:40:37 | ERROR | scraper | Request exception on page 14 for 07/15/2025: 
2025-09-08 07:40:37 | ERROR | scraper | Request exception on page 15 for 07/15/2025: 
2025-09-08 07:40:37 | ERROR | scraper | Request exception on page 11 for 07/08/2025: 
2025-09-08 07:40:37 | ERROR | scraper | Request exception on page 15 for 07/08/2025: 
2025-09-08 07:40:37 | INFO | scraper | Fetched page 13 for 07/17/2025
2025-09-08 07:40:37 | INFO | scraper | Fetched page 12 for 07/06/2025
2025-09-08 07:40:38 | INFO | scraper | Fetched page 10 for 07/28/2025
2025-09-08 07:40:38 | INFO | scraper | Fetched page 12 for 07/13/2025
2025-09-08 07:40:38 | ERROR | scraper | Request exception on page 12 for 07/14/2025: 
2025-09-08 07:40:38 | INFO | scraper | Fetched page 16 for 07/09/2025
2025-09-08 07:40:38 | INFO | scraper | Fetched page 13 for 07/07/2025
2025-09-08 07:40:39 | INFO | scraper | Fetched page 15 for 07/13/2025
2025-09-08 07:40:39 | INFO | scraper | Fetched page 12 for 07/17/2025
2025-09-08 07:40:39 | INFO | scraper | Fetched page 15 for 07/27/2025
2025-09-08 07:40:39 | INFO | scraper | Fetched page 17 for 07/09/2025
2025-09-08 07:40:40 | INFO | scraper | Fetched page 11 for 07/07/2025
2025-09-08 07:40:40 | INFO | scraper | Fetched page 15 for 07/06/2025
2025-09-08 07:40:40 | ERROR | scraper | Request exception on page 15 for 07/23/2025: 
2025-09-08 07:40:40 | ERROR | scraper | Request exception on page 14 for 07/14/2025: 
2025-09-08 07:40:40 | ERROR | scraper | Max retries reached for page 14 on 07/14/2025.
2025-09-08 07:40:40 | ERROR | scraper | Failed to fetch page 14 for 07/14/2025
2025-09-08 07:40:40 | ERROR | scraper | Request exception on page 14 for 07/23/2025: 
2025-09-08 07:40:40 | ERROR | scraper | Request exception on page 15 for 07/14/2025: 
2025-09-08 07:40:40 | ERROR | scraper | Max retries reached for page 15 on 07/14/2025.
2025-09-08 07:40:40 | ERROR | scraper | Failed to fetch page 15 for 07/14/2025
2025-09-08 07:40:40 | ERROR | scraper | Request exception on page 17 for 07/23/2025: 
2025-09-08 07:40:40 | ERROR | scraper | Request exception on page 16 for 07/23/2025: 
2025-09-08 07:40:40 | ERROR | scraper | Request exception on page 13 for 07/14/2025: 
2025-09-08 07:40:40 | ERROR | scraper | Max retries reached for page 13 on 07/14/2025.
2025-09-08 07:40:40 | ERROR | scraper | Request exception on page 13 for 07/23/2025: 
2025-09-08 07:40:40 | ERROR | scraper | Failed to fetch page 13 for 07/14/2025
2025-09-08 07:40:40 | INFO | scraper | Fetched page 15 for 07/07/2025
2025-09-08 07:40:40 | INFO | scraper | Fetched page 15 for 07/09/2025
2025-09-08 07:40:40 | ERROR | scraper | Timeout processing batch starting at page 6 for 07/28/2025
2025-09-08 07:40:40 | INFO | scraper | Fetched page 14 for 07/10/2025
2025-09-08 07:40:41 | INFO | scraper | Fetched page 8 for 07/29/2025
2025-09-08 07:40:41 | INFO | scraper | Fetched page 8 for 07/21/2025
2025-09-08 07:40:41 | INFO | scraper | Fetched page 12 for 07/07/2025
2025-09-08 07:40:41 | INFO | scraper | Fetched page 11 for 07/17/2025
2025-09-08 07:40:41 | INFO | scraper | Fetched page 18 for 07/09/2025
2025-09-08 07:40:41 | INFO | scraper | Fetched page 12 for 07/10/2025
2025-09-08 07:40:41 | ERROR | scraper | Timeout processing batch starting at page 6 for 07/21/2025
2025-09-08 07:40:42 | INFO | scraper | Fetched page 9 for 07/29/2025
2025-09-08 07:40:42 | INFO | scraper | Fetched page 15 for 07/08/2025
2025-09-08 07:40:42 | INFO | scraper | Fetched page 11 for 07/10/2025
2025-09-08 07:40:42 | INFO | scraper | Fetched page 14 for 07/08/2025
2025-09-08 07:40:43 | INFO | scraper | Fetched page 14 for 07/07/2025
2025-09-08 07:40:43 | INFO | scraper | Fetched page 15 for 07/17/2025
2025-09-08 07:40:43 | INFO | scraper | Fetched page 19 for 07/09/2025
2025-09-08 07:40:43 | INFO | scraper | Fetched page 13 for 07/27/2025
2025-09-08 07:40:44 | INFO | scraper | Fetched page 11 for 07/08/2025
2025-09-08 07:40:44 | ERROR | scraper | Timeout processing batch starting at page 11 for 07/27/2025
2025-09-08 07:40:44 | INFO | scraper | Fetched page 15 for 07/10/2025
2025-09-08 07:40:45 | INFO | scraper | Fetched page 13 for 07/10/2025
2025-09-08 07:40:45 | INFO | scraper | Fetched page 12 for 07/08/2025
2025-09-08 07:40:45 | ERROR | scraper | Request exception on page 6 for 07/29/2025: 
2025-09-08 07:40:45 | ERROR | scraper | Request exception on page 9 for 07/29/2025: 
2025-09-08 07:40:45 | ERROR | scraper | Request exception on page 8 for 07/29/2025: 
2025-09-08 07:40:45 | ERROR | scraper | Request exception on page 7 for 07/29/2025: 
2025-09-08 07:40:45 | INFO | scraper | Fetched page 14 for 07/17/2025
2025-09-08 07:40:46 | INFO | scraper | Fetched page 13 for 07/08/2025
2025-09-08 07:40:47 | INFO | scraper | Fetched page 14 for 07/23/2025
2025-09-08 07:40:49 | INFO | scraper | Fetched page 16 for 07/23/2025
2025-09-08 07:40:49 | INFO | scraper | Fetched page 12 for 07/15/2025
2025-09-08 07:40:49 | INFO | scraper | Fetched page 6 for 07/29/2025
2025-09-08 07:40:50 | INFO | scraper | Fetched page 11 for 07/21/2025
2025-09-08 07:40:50 | INFO | scraper | Fetched page 11 for 07/14/2025
2025-09-08 07:40:50 | INFO | scraper | Fetched page 12 for 07/14/2025
2025-09-08 07:40:51 | INFO | scraper | Fetched page 17 for 07/23/2025
2025-09-08 07:40:52 | INFO | scraper | Fetched page 13 for 07/15/2025
2025-09-08 07:40:52 | INFO | scraper | Fetched page 11 for 07/15/2025
2025-09-08 07:40:52 | INFO | scraper | Fetched page 12 for 07/21/2025
2025-09-08 07:40:53 | ERROR | scraper | Request exception on page 14 for 07/17/2025: 
2025-09-08 07:40:53 | ERROR | scraper | Request exception on page 15 for 07/17/2025: 
2025-09-08 07:40:53 | ERROR | scraper | Request exception on page 13 for 07/17/2025: 
2025-09-08 07:40:53 | INFO | scraper | Fetched page 14 for 07/28/2025
2025-09-08 07:40:53 | INFO | scraper | Fetched page 19 for 07/27/2025
2025-09-08 07:40:53 | INFO | scraper | Fetched page 14 for 07/21/2025
2025-09-08 07:40:54 | INFO | scraper | Fetched page 9 for 07/29/2025
2025-09-08 07:40:54 | INFO | scraper | Fetched page 12 for 07/16/2025
2025-09-08 07:40:54 | INFO | scraper | Fetched page 11 for 07/16/2025
2025-09-08 07:40:55 | INFO | scraper | Fetched page 15 for 07/21/2025
2025-09-08 07:40:55 | INFO | scraper | Fetched page 8 for 07/29/2025
2025-09-08 07:40:56 | ERROR | scraper | Timeout processing batch starting at page 11 for 07/13/2025
2025-09-08 07:40:56 | INFO | scraper | Fetched page 15 for 07/15/2025
2025-09-08 07:40:56 | ERROR | scraper | Timeout processing batch starting at page 15 for 07/09/2025
2025-09-08 07:40:57 | INFO | scraper | Fetched page 20 for 07/27/2025
2025-09-08 07:40:57 | INFO | scraper | Fetched page 14 for 07/16/2025
2025-09-08 07:40:57 | INFO | scraper | Fetched page 15 for 07/16/2025
2025-09-08 07:40:58 | INFO | scraper | Fetched page 13 for 07/21/2025
2025-09-08 07:40:58 | INFO | scraper | Fetched page 7 for 07/29/2025
2025-09-08 07:40:59 | INFO | scraper | Fetched page 15 for 07/28/2025
2025-09-08 07:40:59 | ERROR | scraper | Timeout processing batch starting at page 11 for 07/06/2025
2025-09-08 07:40:59 | INFO | scraper | Fetched page 13 for 07/28/2025
2025-09-08 07:40:59 | INFO | scraper | Fetched page 14 for 07/17/2025
2025-09-08 07:40:59 | INFO | scraper | Fetched page 13 for 07/16/2025
2025-09-08 07:41:00 | ERROR | scraper | Timeout processing batch starting at page 11 for 07/16/2025
2025-09-08 07:41:01 | INFO | scraper | Fetched page 12 for 07/28/2025
2025-09-08 07:41:01 | ERROR | scraper | Timeout processing batch starting at page 11 for 07/07/2025
2025-09-08 07:41:01 | INFO | scraper | Fetched page 13 for 07/23/2025
2025-09-08 07:41:02 | ERROR | scraper | Timeout processing batch starting at page 11 for 07/17/2025
2025-09-08 07:41:02 | INFO | scraper | Fetched page 16 for 07/13/2025
2025-09-08 07:41:02 | INFO | scraper | Fetched page 15 for 07/23/2025
2025-09-08 07:41:02 | INFO | scraper | Fetched page 17 for 07/13/2025
2025-09-08 07:41:03 | INFO | scraper | Fetched page 17 for 07/27/2025
2025-09-08 07:41:03 | INFO | scraper | Fetched page 16 for 07/27/2025
2025-09-08 07:41:04 | INFO | scraper | Fetched page 20 for 07/13/2025
2025-09-08 07:41:05 | INFO | scraper | Fetched page 18 for 07/27/2025
2025-09-08 07:41:05 | INFO | scraper | Fetched page 20 for 07/09/2025
2025-09-08 07:41:05 | INFO | scraper | Fetched page 17 for 07/06/2025
2025-09-08 07:41:05 | INFO | scraper | Fetched page 19 for 07/06/2025
2025-09-08 07:41:05 | INFO | scraper | Fetched page 23 for 07/09/2025
2025-09-08 07:41:06 | INFO | scraper | Fetched page 24 for 07/09/2025
2025-09-08 07:41:06 | INFO | scraper | Fetched page 16 for 07/07/2025
2025-09-08 07:41:06 | ERROR | scraper | Timeout processing batch starting at page 11 for 07/15/2025
2025-09-08 07:41:06 | INFO | scraper | Fetched page 11 for 07/28/2025
2025-09-08 07:41:07 | ERROR | scraper | Timeout processing batch starting at page 11 for 07/14/2025
2025-09-08 07:41:07 | ERROR | scraper | Timeout processing batch starting at page 11 for 07/08/2025
2025-09-08 07:41:07 | INFO | scraper | Fetched page 22 for 07/09/2025
2025-09-08 07:41:07 | INFO | scraper | Fetched page 19 for 07/13/2025
2025-09-08 07:41:07 | INFO | scraper | Fetched page 16 for 07/06/2025
2025-09-08 07:41:07 | INFO | scraper | Fetched page 17 for 07/07/2025
2025-09-08 07:41:07 | INFO | scraper | Fetched page 18 for 07/06/2025
2025-09-08 07:41:07 | ERROR | scraper | Request exception on page 12 for 07/10/2025: 
2025-09-08 07:41:07 | ERROR | scraper | Request exception on page 13 for 07/10/2025: 
2025-09-08 07:41:07 | INFO | scraper | Fetched page 16 for 07/17/2025
2025-09-08 07:41:09 | INFO | scraper | Fetched page 20 for 07/17/2025
2025-09-08 07:41:09 | ERROR | scraper | Timeout processing batch starting at page 13 for 07/23/2025
2025-09-08 07:41:10 | INFO | scraper | Fetched page 19 for 07/17/2025
2025-09-08 07:41:11 | INFO | scraper | Fetched page 12 for 07/10/2025
2025-09-08 07:41:11 | INFO | scraper | Fetched page 21 for 07/09/2025
2025-09-08 07:41:11 | INFO | scraper | Fetched page 16 for 07/14/2025
2025-09-08 07:41:12 | INFO | scraper | Fetched page 16 for 07/08/2025
2025-09-08 07:41:12 | INFO | scraper | Fetched page 16 for 07/15/2025
2025-09-08 07:41:12 | INFO | scraper | Fetched page 19 for 07/07/2025
2025-09-08 07:41:13 | INFO | scraper | Fetched page 18 for 07/17/2025
2025-09-08 07:41:13 | INFO | scraper | Fetched page 13 for 07/10/2025
2025-09-08 07:41:13 | ERROR | scraper | Request exception on page 13 for 07/28/2025: 
2025-09-08 07:41:13 | ERROR | scraper | Request exception on page 15 for 07/28/2025: 
2025-09-08 07:41:13 | ERROR | scraper | Request exception on page 12 for 07/28/2025: 
2025-09-08 07:41:13 | ERROR | scraper | Request exception on page 11 for 07/28/2025: 
2025-09-08 07:41:14 | INFO | scraper | Fetched page 20 for 07/15/2025
2025-09-08 07:41:14 | ERROR | scraper | Request exception on page 15 for 07/21/2025: 
2025-09-08 07:41:14 | ERROR | scraper | Request exception on page 13 for 07/21/2025: 
2025-09-08 07:41:14 | ERROR | scraper | Request exception on page 11 for 07/21/2025: 
2025-09-08 07:41:14 | ERROR | scraper | Request exception on page 14 for 07/21/2025: 
2025-09-08 07:41:14 | INFO | scraper | Fetched page 17 for 07/16/2025
2025-09-08 07:41:14 | INFO | scraper | Fetched page 17 for 07/14/2025
2025-09-08 07:41:15 | INFO | scraper | Fetched page 17 for 07/08/2025
2025-09-08 07:41:15 | INFO | scraper | Fetched page 18 for 07/08/2025
2025-09-08 07:41:15 | INFO | scraper | Fetched page 18 for 07/14/2025
2025-09-08 07:41:15 | ERROR | scraper | Timeout processing batch starting at page 6 for 07/29/2025
2025-09-08 07:41:15 | INFO | scraper | Fetched page 20 for 07/07/2025
2025-09-08 07:41:16 | INFO | scraper | Fetched page 20 for 07/08/2025
2025-09-08 07:41:16 | INFO | scraper | Fetched page 18 for 07/07/2025
2025-09-08 07:41:16 | INFO | scraper | Fetched page 19 for 07/15/2025
2025-09-08 07:41:16 | INFO | scraper | Fetched page 17 for 07/17/2025
2025-09-08 07:41:16 | INFO | scraper | Fetched page 19 for 07/16/2025
2025-09-08 07:41:16 | INFO | scraper | Fetched page 19 for 07/14/2025
2025-09-08 07:41:17 | INFO | scraper | Fetched page 18 for 07/16/2025
2025-09-08 07:41:17 | INFO | scraper | Fetched page 17 for 07/15/2025
2025-09-08 07:41:17 | INFO | scraper | Fetched page 19 for 07/08/2025
2025-09-08 07:41:17 | INFO | scraper | Fetched page 20 for 07/06/2025
2025-09-08 07:41:18 | INFO | scraper | Fetched page 20 for 07/16/2025
2025-09-08 07:41:18 | ERROR | scraper | Request exception on page 18 for 07/27/2025: 
2025-09-08 07:41:18 | ERROR | scraper | Request exception on page 17 for 07/27/2025: 
2025-09-08 07:41:18 | ERROR | scraper | Request exception on page 20 for 07/27/2025: 
2025-09-08 07:41:18 | INFO | scraper | Fetched page 16 for 07/16/2025
2025-09-08 07:41:18 | INFO | scraper | Fetched page 18 for 07/13/2025
2025-09-08 07:41:19 | INFO | scraper | Fetched page 13 for 07/28/2025
2025-09-08 07:41:19 | INFO | scraper | Fetched page 22 for 07/23/2025
2025-09-08 07:41:19 | INFO | scraper | Fetched page 15 for 07/21/2025
2025-09-08 07:41:20 | INFO | scraper | Fetched page 18 for 07/15/2025
2025-09-08 07:41:21 | INFO | scraper | Fetched page 11 for 07/28/2025
2025-09-08 07:41:21 | INFO | scraper | Fetched page 21 for 07/23/2025
2025-09-08 07:41:21 | INFO | scraper | Fetched page 11 for 07/29/2025
2025-09-08 07:41:23 | INFO | scraper | Fetched page 13 for 07/21/2025
2025-09-08 07:41:24 | INFO | scraper | Fetched page 19 for 07/23/2025
2025-09-08 07:41:24 | INFO | scraper | Fetched page 13 for 07/29/2025
2025-09-08 07:41:25 | INFO | scraper | Fetched page 18 for 07/27/2025
2025-09-08 07:41:25 | INFO | scraper | Fetched page 14 for 07/21/2025
2025-09-08 07:41:26 | INFO | scraper | Fetched page 12 for 07/28/2025
2025-09-08 07:41:27 | INFO | scraper | Fetched page 20 for 07/23/2025
2025-09-08 07:41:27 | INFO | scraper | Fetched page 12 for 07/29/2025
2025-09-08 07:41:28 | ERROR | scraper | Request exception on page 16 for 07/13/2025: 
2025-09-08 07:41:28 | ERROR | scraper | Request exception on page 20 for 07/13/2025: 
2025-09-08 07:41:28 | ERROR | scraper | Request exception on page 19 for 07/13/2025: 
2025-09-08 07:41:28 | ERROR | scraper | Request exception on page 18 for 07/13/2025: 
2025-09-08 07:41:28 | INFO | scraper | Fetched page 18 for 07/23/2025
2025-09-08 07:41:28 | INFO | scraper | Fetched page 17 for 07/27/2025
2025-09-08 07:41:29 | INFO | scraper | Fetched page 15 for 07/28/2025
2025-09-08 07:41:29 | ERROR | scraper | Request exception on page 24 for 07/09/2025: 
2025-09-08 07:41:29 | ERROR | scraper | Request exception on page 23 for 07/09/2025: 
2025-09-08 07:41:29 | ERROR | scraper | Request exception on page 21 for 07/09/2025: 
2025-09-08 07:41:31 | INFO | scraper | Fetched page 11 for 07/21/2025
2025-09-08 07:41:31 | INFO | scraper | Fetched page 15 for 07/29/2025
2025-09-08 07:41:31 | ERROR | scraper | Request exception on page 19 for 07/06/2025: 
2025-09-08 07:41:31 | ERROR | scraper | Request exception on page 17 for 07/06/2025: 
2025-09-08 07:41:31 | ERROR | scraper | Request exception on page 20 for 07/06/2025: 
2025-09-08 07:41:31 | ERROR | scraper | Request exception on page 16 for 07/06/2025: 
2025-09-08 07:41:31 | INFO | scraper | Fetched page 20 for 07/14/2025
2025-09-08 07:41:33 | INFO | scraper | Fetched page 16 for 07/13/2025
2025-09-08 07:41:33 | INFO | scraper | Fetched page 23 for 07/09/2025
2025-09-08 07:41:33 | INFO | scraper | Fetched page 24 for 07/09/2025
2025-09-08 07:41:33 | ERROR | scraper | Request exception on page 16 for 07/16/2025: 
2025-09-08 07:41:33 | ERROR | scraper | Request exception on page 20 for 07/16/2025: 
2025-09-08 07:41:33 | ERROR | scraper | Request exception on page 18 for 07/16/2025: 
2025-09-08 07:41:33 | ERROR | scraper | Request exception on page 17 for 07/16/2025: 
2025-09-08 07:41:33 | ERROR | scraper | Request exception on page 19 for 07/16/2025: 
2025-09-08 07:41:34 | INFO | scraper | Fetched page 14 for 07/29/2025
2025-09-08 07:41:34 | INFO | scraper | Fetched page 20 for 07/27/2025
2025-09-08 07:41:34 | ERROR | scraper | Request exception on page 19 for 07/07/2025: 
2025-09-08 07:41:34 | ERROR | scraper | Request exception on page 18 for 07/17/2025: 
2025-09-08 07:41:34 | ERROR | scraper | Request exception on page 16 for 07/17/2025: 
2025-09-08 07:41:34 | ERROR | scraper | Request exception on page 18 for 07/07/2025: 
2025-09-08 07:41:34 | ERROR | scraper | Request exception on page 17 for 07/17/2025: 
2025-09-08 07:41:34 | ERROR | scraper | Request exception on page 20 for 07/07/2025: 
2025-09-08 07:41:35 | INFO | scraper | Fetched page 19 for 07/06/2025
2025-09-08 07:41:37 | INFO | scraper | Fetched page 19 for 07/07/2025
2025-09-08 07:41:37 | ERROR | scraper | Timeout processing batch starting at page 11 for 07/10/2025
2025-09-08 07:41:38 | INFO | scraper | Fetched page 16 for 07/06/2025
2025-09-08 07:41:38 | INFO | scraper | Fetched page 18 for 07/17/2025
2025-09-08 07:41:38 | INFO | scraper | Fetched page 18 for 07/07/2025
2025-09-08 07:41:39 | ERROR | scraper | Request exception on page 20 for 07/15/2025: 
2025-09-08 07:41:39 | ERROR | scraper | Request exception on page 18 for 07/15/2025: 
2025-09-08 07:41:39 | ERROR | scraper | Request exception on page 20 for 07/08/2025: 
2025-09-08 07:41:39 | ERROR | scraper | Request exception on page 17 for 07/15/2025: 
2025-09-08 07:41:39 | ERROR | scraper | Request exception on page 19 for 07/15/2025: 
2025-09-08 07:41:39 | ERROR | scraper | Request exception on page 19 for 07/08/2025: 
2025-09-08 07:41:40 | INFO | scraper | Fetched page 20 for 07/06/2025
2025-09-08 07:41:40 | INFO | scraper | Fetched page 19 for 07/13/2025
2025-09-08 07:41:40 | INFO | scraper | Fetched page 16 for 07/17/2025
2025-09-08 07:41:40 | ERROR | scraper | Request exception on page 19 for 07/14/2025: 
2025-09-08 07:41:40 | ERROR | scraper | Request exception on page 20 for 07/14/2025: 
2025-09-08 07:41:40 | ERROR | scraper | Request exception on page 18 for 07/14/2025: 
2025-09-08 07:41:41 | INFO | scraper | Fetched page 21 for 07/09/2025
2025-09-08 07:41:41 | INFO | scraper | Fetched page 17 for 07/06/2025
2025-09-08 07:41:41 | INFO | scraper | Fetched page 20 for 07/13/2025
2025-09-08 07:41:42 | INFO | scraper | Fetched page 16 for 07/10/2025
2025-09-08 07:41:42 | INFO | scraper | Fetched page 17 for 07/17/2025
2025-09-08 07:41:42 | ERROR | scraper | Request exception on page 20 for 07/23/2025: 
2025-09-08 07:41:42 | ERROR | scraper | Request exception on page 22 for 07/23/2025: 
2025-09-08 07:41:42 | ERROR | scraper | Request exception on page 18 for 07/23/2025: 
2025-09-08 07:41:42 | ERROR | scraper | Request exception on page 21 for 07/23/2025: 
2025-09-08 07:41:42 | ERROR | scraper | Timeout processing batch starting at page 11 for 07/28/2025
2025-09-08 07:41:43 | INFO | scraper | Fetched page 20 for 07/15/2025
2025-09-08 07:41:43 | INFO | scraper | Fetched page 19 for 07/08/2025
2025-09-08 07:41:43 | INFO | scraper | Fetched page 20 for 07/16/2025
2025-09-08 07:41:43 | INFO | scraper | Fetched page 17 for 07/10/2025
2025-09-08 07:41:43 | INFO | scraper | Fetched page 19 for 07/14/2025
2025-09-08 07:41:43 | INFO | scraper | Fetched page 20 for 07/08/2025
2025-09-08 07:41:43 | ERROR | scraper | Timeout processing batch starting at page 11 for 07/21/2025
2025-09-08 07:41:44 | INFO | scraper | Fetched page 19 for 07/15/2025
2025-09-08 07:41:44 | INFO | scraper | Fetched page 20 for 07/14/2025
2025-09-08 07:41:44 | INFO | scraper | Fetched page 16 for 07/16/2025
2025-09-08 07:41:44 | INFO | scraper | Fetched page 18 for 07/14/2025
2025-09-08 07:41:45 | INFO | scraper | Fetched page 20 for 07/07/2025
2025-09-08 07:41:45 | INFO | scraper | Fetched page 18 for 07/15/2025
2025-09-08 07:41:46 | INFO | scraper | Fetched page 19 for 07/16/2025
2025-09-08 07:41:46 | INFO | scraper | Fetched page 17 for 07/15/2025
2025-09-08 07:41:46 | ERROR | scraper | Timeout processing batch starting at page 16 for 07/27/2025
2025-09-08 07:41:47 | INFO | scraper | Fetched page 20 for 07/23/2025
2025-09-08 07:41:47 | INFO | scraper | Fetched page 17 for 07/16/2025
2025-09-08 07:41:48 | ERROR | scraper | Request exception on page 12 for 07/29/2025: 
2025-09-08 07:41:49 | INFO | scraper | Fetched page 16 for 07/28/2025
2025-09-08 07:41:49 | INFO | scraper | Fetched page 19 for 07/10/2025
2025-09-08 07:41:50 | INFO | scraper | Fetched page 18 for 07/16/2025
2025-09-08 07:41:50 | INFO | scraper | Fetched page 16 for 07/21/2025
2025-09-08 07:41:50 | INFO | scraper | Fetched page 18 for 07/28/2025
2025-09-08 07:41:51 | INFO | scraper | Fetched page 18 for 07/21/2025
2025-09-08 07:41:51 | INFO | scraper | Fetched page 18 for 07/13/2025
2025-09-08 07:41:52 | INFO | scraper | Fetched page 21 for 07/23/2025
2025-09-08 07:41:52 | INFO | scraper | Fetched page 17 for 07/28/2025
2025-09-08 07:41:53 | INFO | scraper | Fetched page 18 for 07/10/2025
2025-09-08 07:41:53 | INFO | scraper | Fetched page 21 for 07/27/2025
2025-09-08 07:41:53 | INFO | scraper | Fetched page 12 for 07/29/2025
2025-09-08 07:41:54 | INFO | scraper | Fetched page 22 for 07/23/2025
2025-09-08 07:41:54 | INFO | scraper | Fetched page 17 for 07/21/2025
2025-09-08 07:41:54 | INFO | scraper | Fetched page 19 for 07/21/2025
2025-09-08 07:41:55 | INFO | scraper | Fetched page 18 for 07/23/2025
2025-09-08 07:41:56 | INFO | scraper | Fetched page 20 for 07/10/2025
2025-09-08 07:41:56 | INFO | scraper | Fetched page 19 for 07/28/2025
2025-09-08 07:41:57 | INFO | scraper | Fetched page 24 for 07/27/2025
2025-09-08 07:41:57 | INFO | scraper | Fetched page 20 for 07/21/2025
2025-09-08 07:41:58 | ERROR | scraper | Timeout processing batch starting at page 20 for 07/09/2025
2025-09-08 07:41:59 | ERROR | scraper | Timeout processing batch starting at page 16 for 07/13/2025
2025-09-08 07:41:59 | INFO | scraper | Fetched page 23 for 07/27/2025
2025-09-08 07:42:00 | INFO | scraper | Fetched page 22 for 07/27/2025
2025-09-08 07:42:01 | ERROR | scraper | Timeout processing batch starting at page 16 for 07/06/2025
2025-09-08 07:42:02 | ERROR | scraper | Timeout processing batch starting at page 16 for 07/16/2025
2025-09-08 07:42:03 | INFO | scraper | Fetched page 20 for 07/28/2025
2025-09-08 07:42:03 | INFO | scraper | Fetched page 25 for 07/09/2025
2025-09-08 07:42:03 | INFO | scraper | Fetched page 25 for 07/27/2025
2025-09-08 07:42:03 | INFO | scraper | Fetched page 21 for 07/13/2025
2025-09-08 07:42:03 | INFO | scraper | Fetched page 27 for 07/09/2025
2025-09-08 07:42:04 | ERROR | scraper | Timeout processing batch starting at page 16 for 07/07/2025
2025-09-08 07:42:04 | ERROR | scraper | Timeout processing batch starting at page 16 for 07/17/2025
2025-09-08 07:42:04 | INFO | scraper | Fetched page 29 for 07/09/2025
2025-09-08 07:42:04 | INFO | scraper | Fetched page 24 for 07/13/2025
2025-09-08 07:42:05 | INFO | scraper | Fetched page 21 for 07/06/2025
2025-09-08 07:42:05 | INFO | scraper | Fetched page 26 for 07/09/2025
2025-09-08 07:42:06 | INFO | scraper | Fetched page 28 for 07/09/2025
2025-09-08 07:42:06 | INFO | scraper | Fetched page 23 for 07/13/2025
2025-09-08 07:42:07 | INFO | scraper | Fetched page 21 for 07/16/2025
2025-09-08 07:42:07 | INFO | scraper | Fetched page 25 for 07/06/2025
2025-09-08 07:42:08 | INFO | scraper | Fetched page 21 for 07/07/2025
2025-09-08 07:42:08 | ERROR | scraper | Timeout processing batch starting at page 16 for 07/15/2025
2025-09-08 07:42:08 | INFO | scraper | Fetched page 22 for 07/13/2025
2025-09-08 07:42:08 | INFO | scraper | Fetched page 25 for 07/13/2025
2025-09-08 07:42:09 | ERROR | scraper | Timeout processing batch starting at page 16 for 07/14/2025
2025-09-08 07:42:09 | ERROR | scraper | Timeout processing batch starting at page 16 for 07/08/2025
2025-09-08 07:42:09 | INFO | scraper | Fetched page 21 for 07/17/2025
2025-09-08 07:42:09 | INFO | scraper | Fetched page 22 for 07/07/2025
2025-09-08 07:42:09 | INFO | scraper | Fetched page 23 for 07/06/2025
2025-09-08 07:42:09 | INFO | scraper | Fetched page 22 for 07/16/2025
2025-09-08 07:42:10 | INFO | scraper | Fetched page 23 for 07/16/2025
2025-09-08 07:42:10 | INFO | scraper | Fetched page 24 for 07/06/2025
2025-09-08 07:42:10 | INFO | scraper | Fetched page 24 for 07/16/2025
2025-09-08 07:42:10 | INFO | scraper | Fetched page 25 for 07/07/2025
2025-09-08 07:42:10 | ERROR | scraper | Request exception on page 18 for 07/10/2025: 
2025-09-08 07:42:10 | ERROR | scraper | Request exception on page 17 for 07/10/2025: 
2025-09-08 07:42:10 | ERROR | scraper | Request exception on page 16 for 07/10/2025: 
2025-09-08 07:42:10 | ERROR | scraper | Request exception on page 20 for 07/10/2025: 
2025-09-08 07:42:11 | INFO | scraper | Fetched page 22 for 07/06/2025
2025-09-08 07:42:11 | ERROR | scraper | Timeout processing batch starting at page 18 for 07/23/2025
2025-09-08 07:42:12 | INFO | scraper | Fetched page 22 for 07/17/2025
2025-09-08 07:42:13 | INFO | scraper | Fetched page 24 for 07/07/2025
2025-09-08 07:42:13 | INFO | scraper | Fetched page 21 for 07/14/2025
2025-09-08 07:42:14 | INFO | scraper | Fetched page 21 for 07/15/2025
2025-09-08 07:42:14 | INFO | scraper | Fetched page 22 for 07/15/2025
2025-09-08 07:42:14 | INFO | scraper | Fetched page 25 for 07/16/2025
2025-09-08 07:42:14 | INFO | scraper | Fetched page 21 for 07/08/2025
2025-09-08 07:42:14 | INFO | scraper | Fetched page 18 for 07/10/2025
2025-09-08 07:42:14 | INFO | scraper | Fetched page 22 for 07/08/2025
2025-09-08 07:42:15 | INFO | scraper | Fetched page 23 for 07/07/2025
2025-09-08 07:42:15 | ERROR | scraper | Request exception on page 20 for 07/28/2025: 
2025-09-08 07:42:15 | ERROR | scraper | Request exception on page 18 for 07/28/2025: 
2025-09-08 07:42:15 | ERROR | scraper | Request exception on page 19 for 07/28/2025: 
2025-09-08 07:42:15 | ERROR | scraper | Request exception on page 17 for 07/28/2025: 
2025-09-08 07:42:16 | ERROR | scraper | Request exception on page 19 for 07/21/2025: 
2025-09-08 07:42:16 | ERROR | scraper | Request exception on page 20 for 07/21/2025: 
2025-09-08 07:42:17 | INFO | scraper | Fetched page 23 for 07/08/2025
2025-09-08 07:42:17 | INFO | scraper | Fetched page 23 for 07/23/2025
2025-09-08 07:42:17 | ERROR | scraper | Timeout processing batch starting at page 11 for 07/29/2025
2025-09-08 07:42:17 | INFO | scraper | Fetched page 25 for 07/15/2025
2025-09-08 07:42:18 | INFO | scraper | Fetched page 23 for 07/14/2025
2025-09-08 07:42:19 | INFO | scraper | Fetched page 22 for 07/14/2025
2025-09-08 07:42:19 | ERROR | scraper | Request exception on page 23 for 07/27/2025: 
2025-09-08 07:42:19 | ERROR | scraper | Request exception on page 24 for 07/27/2025: 
2025-09-08 07:42:19 | INFO | scraper | Fetched page 25 for 07/08/2025
2025-09-08 07:42:20 | INFO | scraper | Fetched page 24 for 07/08/2025
2025-09-08 07:42:20 | INFO | scraper | Fetched page 24 for 07/14/2025
2025-09-08 07:42:20 | INFO | scraper | Fetched page 23 for 07/15/2025
2025-09-08 07:42:20 | INFO | scraper | Fetched page 20 for 07/28/2025
2025-09-08 07:42:20 | INFO | scraper | Fetched page 25 for 07/17/2025
2025-09-08 07:42:21 | INFO | scraper | Fetched page 20 for 07/21/2025
2025-09-08 07:42:22 | INFO | scraper | Fetched page 25 for 07/23/2025
2025-09-08 07:42:22 | INFO | scraper | Fetched page 16 for 07/10/2025
2025-09-08 07:42:23 | INFO | scraper | Fetched page 23 for 07/17/2025
2025-09-08 07:42:23 | INFO | scraper | Fetched page 19 for 07/21/2025
2025-09-08 07:42:23 | INFO | scraper | Fetched page 16 for 07/29/2025
2025-09-08 07:42:23 | INFO | scraper | Fetched page 24 for 07/17/2025
2025-09-08 07:42:24 | INFO | scraper | Fetched page 26 for 07/23/2025
2025-09-08 07:42:25 | INFO | scraper | Fetched page 17 for 07/10/2025
2025-09-08 07:42:27 | INFO | scraper | Fetched page 23 for 07/27/2025
2025-09-08 07:42:27 | INFO | scraper | Fetched page 19 for 07/28/2025
2025-09-08 07:42:27 | INFO | scraper | Fetched page 25 for 07/14/2025
2025-09-08 07:42:28 | INFO | scraper | Fetched page 18 for 07/29/2025
2025-09-08 07:42:28 | INFO | scraper | Fetched page 20 for 07/10/2025
2025-09-08 07:42:28 | INFO | scraper | Fetched page 24 for 07/27/2025
2025-09-08 07:42:29 | INFO | scraper | Fetched page 27 for 07/23/2025
2025-09-08 07:42:29 | INFO | scraper | Fetched page 17 for 07/28/2025
2025-09-08 07:42:30 | INFO | scraper | Fetched page 24 for 07/23/2025
2025-09-08 07:42:30 | INFO | scraper | Fetched page 20 for 07/29/2025
2025-09-08 07:42:30 | INFO | scraper | Fetched page 19 for 07/29/2025
2025-09-08 07:42:31 | ERROR | scraper | Request exception on page 21 for 07/13/2025: 
2025-09-08 07:42:31 | ERROR | scraper | Request exception on page 22 for 07/13/2025: 
2025-09-08 07:42:32 | INFO | scraper | Fetched page 18 for 07/28/2025
2025-09-08 07:42:33 | ERROR | scraper | Request exception on page 22 for 07/06/2025: 
2025-09-08 07:42:33 | ERROR | scraper | Request exception on page 24 for 07/06/2025: 
2025-09-08 07:42:33 | INFO | scraper | Fetched page 17 for 07/29/2025
2025-09-08 07:42:35 | ERROR | scraper | Request exception on page 22 for 07/16/2025: 
2025-09-08 07:42:35 | INFO | scraper | Fetched page 21 for 07/13/2025
2025-09-08 07:42:35 | INFO | scraper | Fetched page 24 for 07/15/2025
2025-09-08 07:42:36 | INFO | scraper | Fetched page 22 for 07/13/2025
2025-09-08 07:42:36 | ERROR | scraper | Request exception on page 25 for 07/07/2025: 
2025-09-08 07:42:36 | ERROR | scraper | Request exception on page 24 for 07/17/2025: 
2025-09-08 07:42:36 | ERROR | scraper | Request exception on page 24 for 07/07/2025: 
2025-09-08 07:42:36 | ERROR | scraper | Request exception on page 22 for 07/07/2025: 
2025-09-08 07:42:36 | ERROR | scraper | Request exception on page 25 for 07/17/2025: 
2025-09-08 07:42:36 | ERROR | scraper | Request exception on page 23 for 07/17/2025: 
2025-09-08 07:42:36 | ERROR | scraper | Request exception on page 22 for 07/17/2025: 
2025-09-08 07:42:37 | INFO | scraper | Fetched page 24 for 07/06/2025
2025-09-08 07:42:38 | INFO | scraper | Fetched page 22 for 07/06/2025
2025-09-08 07:42:38 | INFO | scraper | Fetched page 22 for 07/16/2025
2025-09-08 07:42:39 | INFO | scraper | Fetched page 25 for 07/07/2025
2025-09-08 07:42:39 | ERROR | scraper | Timeout processing batch starting at page 16 for 07/10/2025
2025-09-08 07:42:40 | INFO | scraper | Fetched page 24 for 07/07/2025
2025-09-08 07:42:40 | INFO | scraper | Fetched page 24 for 07/17/2025
2025-09-08 07:42:41 | INFO | scraper | Fetched page 22 for 07/07/2025
2025-09-08 07:42:41 | ERROR | scraper | Request exception on page 23 for 07/15/2025: 
2025-09-08 07:42:41 | ERROR | scraper | Request exception on page 24 for 07/08/2025: 
2025-09-08 07:42:41 | ERROR | scraper | Request exception on page 24 for 07/15/2025: 
2025-09-08 07:42:41 | ERROR | scraper | Request exception on page 23 for 07/08/2025: 
2025-09-08 07:42:41 | ERROR | scraper | Request exception on page 25 for 07/08/2025: 
2025-09-08 07:42:41 | ERROR | scraper | Request exception on page 22 for 07/08/2025: 
2025-09-08 07:42:42 | INFO | scraper | Fetched page 22 for 07/17/2025
2025-09-08 07:42:42 | ERROR | scraper | Request exception on page 24 for 07/14/2025: 
2025-09-08 07:42:44 | ERROR | scraper | Request exception on page 25 for 07/23/2025: 
2025-09-08 07:42:44 | ERROR | scraper | Request exception on page 27 for 07/23/2025: 
2025-09-08 07:42:45 | ERROR | scraper | Timeout processing batch starting at page 16 for 07/28/2025
2025-09-08 07:42:45 | INFO | scraper | Fetched page 24 for 07/08/2025
2025-09-08 07:42:45 | ERROR | scraper | Timeout processing batch starting at page 16 for 07/21/2025
2025-09-08 07:42:45 | INFO | scraper | Fetched page 23 for 07/15/2025
2025-09-08 07:42:46 | INFO | scraper | Fetched page 21 for 07/10/2025
2025-09-08 07:42:47 | INFO | scraper | Fetched page 23 for 07/17/2025
2025-09-08 07:42:48 | INFO | scraper | Fetched page 23 for 07/08/2025
2025-09-08 07:42:48 | INFO | scraper | Fetched page 24 for 07/14/2025
2025-09-08 07:42:48 | INFO | scraper | Fetched page 24 for 07/15/2025
2025-09-08 07:42:48 | ERROR | scraper | Timeout processing batch starting at page 21 for 07/27/2025
2025-09-08 07:42:49 | INFO | scraper | Fetched page 22 for 07/08/2025
2025-09-08 07:42:49 | INFO | scraper | Fetched page 23 for 07/10/2025
2025-09-08 07:42:50 | ERROR | scraper | Request exception on page 17 for 07/29/2025: 
2025-09-08 07:42:52 | INFO | scraper | Fetched page 25 for 07/17/2025
2025-09-08 07:42:52 | INFO | scraper | Fetched page 25 for 07/08/2025
2025-09-08 07:42:52 | INFO | scraper | Fetched page 22 for 07/10/2025
2025-09-08 07:42:53 | INFO | scraper | Fetched page 25 for 07/23/2025
2025-09-08 07:42:55 | INFO | scraper | Fetched page 21 for 07/21/2025
2025-09-08 07:42:56 | INFO | scraper | Fetched page 21 for 07/28/2025
2025-09-08 07:42:57 | INFO | scraper | Fetched page 24 for 07/10/2025
2025-09-08 07:43:00 | ERROR | scraper | Timeout processing batch starting at page 25 for 07/09/2025
2025-09-08 07:43:01 | ERROR | scraper | Timeout processing batch starting at page 21 for 07/13/2025
2025-09-08 07:43:02 | INFO | scraper | Fetched page 17 for 07/29/2025
2025-09-08 07:43:02 | INFO | scraper | Fetched page 25 for 07/10/2025
2025-09-08 07:43:03 | ERROR | scraper | Timeout processing batch starting at page 21 for 07/06/2025
2025-09-08 07:43:04 | INFO | scraper | Fetched page 25 for 07/21/2025
2025-09-08 07:43:04 | INFO | scraper | Fetched page 27 for 07/23/2025
2025-09-08 07:43:04 | INFO | scraper | Fetched page 26 for 07/27/2025
2025-09-08 07:43:04 | ERROR | scraper | Timeout processing batch starting at page 21 for 07/16/2025
2025-09-08 07:43:06 | ERROR | scraper | Timeout processing batch starting at page 21 for 07/07/2025
2025-09-08 07:43:06 | ERROR | scraper | Timeout processing batch starting at page 21 for 07/17/2025
2025-09-08 07:43:07 | INFO | scraper | Fetched page 23 for 07/28/2025
2025-09-08 07:43:10 | ERROR | scraper | Timeout processing batch starting at page 21 for 07/15/2025
2025-09-08 07:43:11 | ERROR | scraper | Timeout processing batch starting at page 21 for 07/14/2025
2025-09-08 07:43:11 | ERROR | scraper | Timeout processing batch starting at page 21 for 07/08/2025
2025-09-08 07:43:11 | INFO | scraper | Fetched page 27 for 07/06/2025
2025-09-08 07:43:11 | INFO | scraper | Fetched page 26 for 07/13/2025
2025-09-08 07:43:11 | INFO | scraper | Fetched page 34 for 07/09/2025
2025-09-08 07:43:12 | INFO | scraper | Fetched page 24 for 07/21/2025
2025-09-08 07:43:12 | ERROR | scraper | Request exception on page 23 for 07/10/2025: 
2025-09-08 07:43:12 | ERROR | scraper | Request exception on page 25 for 07/10/2025: 
2025-09-08 07:43:12 | ERROR | scraper | Request exception on page 22 for 07/10/2025: 
2025-09-08 07:43:13 | INFO | scraper | Fetched page 30 for 07/09/2025
2025-09-08 07:43:13 | ERROR | scraper | Timeout processing batch starting at page 23 for 07/23/2025
2025-09-08 07:43:13 | INFO | scraper | Fetched page 27 for 07/07/2025
2025-09-08 07:43:14 | INFO | scraper | Fetched page 26 for 07/16/2025
2025-09-08 07:43:15 | INFO | scraper | Fetched page 32 for 07/09/2025
2025-09-08 07:43:15 | INFO | scraper | Fetched page 26 for 07/07/2025
2025-09-08 07:43:15 | INFO | scraper | Fetched page 27 for 07/13/2025
2025-09-08 07:43:15 | INFO | scraper | Fetched page 24 for 07/28/2025
2025-09-08 07:43:16 | INFO | scraper | Fetched page 29 for 07/27/2025
2025-09-08 07:43:16 | INFO | scraper | Fetched page 26 for 07/15/2025
2025-09-08 07:43:16 | INFO | scraper | Fetched page 29 for 07/06/2025
2025-09-08 07:43:16 | INFO | scraper | Fetched page 26 for 07/17/2025
2025-09-08 07:43:17 | INFO | scraper | Fetched page 23 for 07/10/2025
2025-09-08 07:43:17 | INFO | scraper | Fetched page 31 for 07/09/2025
2025-09-08 07:43:17 | INFO | scraper | Fetched page 26 for 07/06/2025
2025-09-08 07:43:17 | INFO | scraper | Fetched page 29 for 07/13/2025
2025-09-08 07:43:17 | INFO | scraper | Fetched page 23 for 07/21/2025
2025-09-08 07:43:17 | INFO | scraper | Fetched page 30 for 07/07/2025
2025-09-08 07:43:18 | INFO | scraper | Fetched page 26 for 07/14/2025
2025-09-08 07:43:18 | ERROR | scraper | Request exception on page 22 for 07/21/2025: 
2025-09-08 07:43:18 | ERROR | scraper | Request exception on page 25 for 07/21/2025: 
2025-09-08 07:43:18 | ERROR | scraper | Request exception on page 24 for 07/21/2025: 
2025-09-08 07:43:18 | ERROR | scraper | Request exception on page 23 for 07/21/2025: 
2025-09-08 07:43:18 | ERROR | scraper | Request exception on page 22 for 07/28/2025: 
2025-09-08 07:43:18 | ERROR | scraper | Request exception on page 24 for 07/28/2025: 
2025-09-08 07:43:18 | ERROR | scraper | Request exception on page 25 for 07/28/2025: 
2025-09-08 07:43:18 | INFO | scraper | Fetched page 27 for 07/15/2025
2025-09-08 07:43:19 | INFO | scraper | Fetched page 26 for 07/08/2025
2025-09-08 07:43:19 | INFO | scraper | Fetched page 33 for 07/09/2025
2025-09-08 07:43:19 | INFO | scraper | Fetched page 29 for 07/07/2025
2025-09-08 07:43:19 | INFO | scraper | Fetched page 25 for 07/10/2025
2025-09-08 07:43:19 | INFO | scraper | Fetched page 28 for 07/15/2025
2025-09-08 07:43:19 | ERROR | scraper | Timeout processing batch starting at page 16 for 07/29/2025
2025-09-08 07:43:20 | INFO | scraper | Fetched page 27 for 07/08/2025
2025-09-08 07:43:20 | INFO | scraper | Fetched page 30 for 07/13/2025
2025-09-08 07:43:21 | INFO | scraper | Fetched page 28 for 07/07/2025
2025-09-08 07:43:21 | ERROR | scraper | Request exception on page 29 for 07/27/2025: 
2025-09-08 07:43:21 | ERROR | scraper | Request exception on page 28 for 07/27/2025: 
2025-09-08 07:43:21 | ERROR | scraper | Request exception on page 27 for 07/27/2025: 
2025-09-08 07:43:21 | ERROR | scraper | Request exception on page 30 for 07/27/2025: 
2025-09-08 07:43:22 | INFO | scraper | Fetched page 28 for 07/23/2025
2025-09-08 07:43:22 | INFO | scraper | Fetched page 27 for 07/17/2025
2025-09-08 07:43:23 | INFO | scraper | Fetched page 28 for 07/08/2025
2025-09-08 07:43:23 | INFO | scraper | Fetched page 27 for 07/16/2025
2025-09-08 07:43:23 | INFO | scraper | Fetched page 29 for 07/15/2025
2025-09-08 07:43:23 | INFO | scraper | Fetched page 29 for 07/17/2025
2025-09-08 07:43:24 | INFO | scraper | Fetched page 29 for 07/08/2025
2025-09-08 07:43:24 | INFO | scraper | Fetched page 28 for 07/17/2025
2025-09-08 07:43:24 | INFO | scraper | Fetched page 29 for 07/16/2025
2025-09-08 07:43:24 | INFO | scraper | Fetched page 22 for 07/10/2025
2025-09-08 07:43:25 | INFO | scraper | Fetched page 30 for 07/06/2025
2025-09-08 07:43:25 | INFO | scraper | Fetched page 28 for 07/06/2025
2025-09-08 07:43:25 | INFO | scraper | Fetched page 27 for 07/14/2025
2025-09-08 07:43:26 | INFO | scraper | Fetched page 22 for 07/28/2025
2025-09-08 07:43:26 | INFO | scraper | Fetched page 29 for 07/14/2025
2025-09-08 07:43:26 | INFO | scraper | Fetched page 22 for 07/21/2025
2025-09-08 07:43:27 | INFO | scraper | Fetched page 28 for 07/16/2025
2025-09-08 07:43:27 | INFO | scraper | Fetched page 31 for 07/23/2025
2025-09-08 07:43:27 | INFO | scraper | Fetched page 24 for 07/28/2025
2025-09-08 07:43:27 | INFO | scraper | Fetched page 30 for 07/17/2025
2025-09-08 07:43:27 | INFO | scraper | Fetched page 30 for 07/16/2025
2025-09-08 07:43:27 | INFO | scraper | Fetched page 21 for 07/29/2025
2025-09-08 07:43:27 | INFO | scraper | Fetched page 30 for 07/15/2025
2025-09-08 07:43:28 | INFO | scraper | Fetched page 29 for 07/27/2025
2025-09-08 07:43:28 | INFO | scraper | Fetched page 30 for 07/08/2025
2025-09-08 07:43:28 | INFO | scraper | Fetched page 30 for 07/23/2025
2025-09-08 07:43:32 | INFO | scraper | Fetched page 25 for 07/21/2025
2025-09-08 07:43:32 | INFO | scraper | Fetched page 24 for 07/21/2025
2025-09-08 07:43:33 | ERROR | scraper | Request exception on page 28 for 07/13/2025: 
2025-09-08 07:43:33 | ERROR | scraper | Request exception on page 29 for 07/13/2025: 
2025-09-08 07:43:33 | ERROR | scraper | Request exception on page 30 for 07/09/2025: 
2025-09-08 07:43:33 | ERROR | scraper | Request exception on page 34 for 07/09/2025: 
2025-09-08 07:43:33 | ERROR | scraper | Request exception on page 33 for 07/09/2025: 
2025-09-08 07:43:33 | ERROR | scraper | Request exception on page 31 for 07/09/2025: 
2025-09-08 07:43:33 | ERROR | scraper | Request exception on page 32 for 07/09/2025: 
2025-09-08 07:43:33 | ERROR | scraper | Request exception on page 27 for 07/13/2025: 
2025-09-08 07:43:33 | ERROR | scraper | Request exception on page 30 for 07/13/2025: 
2025-09-08 07:43:35 | INFO | scraper | Fetched page 23 for 07/29/2025
2025-09-08 07:43:35 | ERROR | scraper | Request exception on page 29 for 07/06/2025: 
2025-09-08 07:43:35 | ERROR | scraper | Request exception on page 28 for 07/06/2025: 
2025-09-08 07:43:35 | ERROR | scraper | Request exception on page 30 for 07/06/2025: 
2025-09-08 07:43:35 | ERROR | scraper | Request exception on page 27 for 07/06/2025: 
2025-09-08 07:43:35 | INFO | scraper | Fetched page 23 for 07/21/2025
2025-09-08 07:43:35 | INFO | scraper | Fetched page 30 for 07/14/2025
2025-09-08 07:43:35 | INFO | scraper | Fetched page 29 for 07/23/2025
2025-09-08 07:43:37 | ERROR | scraper | Request exception on page 27 for 07/16/2025: 
2025-09-08 07:43:37 | ERROR | scraper | Request exception on page 28 for 07/16/2025: 
2025-09-08 07:43:37 | ERROR | scraper | Request exception on page 30 for 07/16/2025: 
2025-09-08 07:43:37 | ERROR | scraper | Request exception on page 29 for 07/16/2025: 
2025-09-08 07:43:38 | ERROR | scraper | Request exception on page 29 for 07/07/2025: 
2025-09-08 07:43:38 | ERROR | scraper | Request exception on page 30 for 07/17/2025: 
2025-09-08 07:43:38 | ERROR | scraper | Request exception on page 28 for 07/17/2025: 
2025-09-08 07:43:38 | ERROR | scraper | Request exception on page 28 for 07/07/2025: 
2025-09-08 07:43:38 | ERROR | scraper | Request exception on page 27 for 07/07/2025: 
2025-09-08 07:43:38 | ERROR | scraper | Request exception on page 30 for 07/07/2025: 
2025-09-08 07:43:41 | ERROR | scraper | Timeout processing batch starting at page 21 for 07/10/2025
2025-09-08 07:43:43 | ERROR | scraper | Request exception on page 27 for 07/14/2025: 
2025-09-08 07:43:43 | ERROR | scraper | Request exception on page 29 for 07/14/2025: 
2025-09-08 07:43:43 | ERROR | scraper | Request exception on page 29 for 07/08/2025: 
2025-09-08 07:43:43 | ERROR | scraper | Request exception on page 28 for 07/14/2025: 
2025-09-08 07:43:43 | ERROR | scraper | Request exception on page 29 for 07/15/2025: 
2025-09-08 07:43:43 | ERROR | scraper | Request exception on page 30 for 07/14/2025: 
2025-09-08 07:43:43 | ERROR | scraper | Request exception on page 30 for 07/08/2025: 
2025-09-08 07:43:43 | ERROR | scraper | Request exception on page 28 for 07/15/2025: 
2025-09-08 07:43:43 | ERROR | scraper | Request exception on page 26 for 07/14/2025: 
2025-09-08 07:43:43 | ERROR | scraper | Request exception on page 28 for 07/08/2025: 
2025-09-08 07:43:43 | ERROR | scraper | Request exception on page 27 for 07/08/2025: 
2025-09-08 07:43:43 | ERROR | scraper | Request exception on page 27 for 07/15/2025: 
2025-09-08 07:43:43 | ERROR | scraper | Request exception on page 30 for 07/15/2025: 
2025-09-08 07:43:46 | ERROR | scraper | Request exception on page 31 for 07/23/2025: 
2025-09-08 07:43:46 | ERROR | scraper | Request exception on page 30 for 07/23/2025: 
2025-09-08 07:43:46 | ERROR | scraper | Request exception on page 32 for 07/23/2025: 
2025-09-08 07:43:46 | ERROR | scraper | Request exception on page 29 for 07/23/2025: 
2025-09-08 07:43:47 | ERROR | scraper | Timeout processing batch starting at page 21 for 07/28/2025
2025-09-08 07:43:47 | ERROR | scraper | Timeout processing batch starting at page 21 for 07/21/2025
2025-09-08 07:43:50 | ERROR | scraper | Timeout processing batch starting at page 26 for 07/27/2025
2025-09-08 07:43:50 | INFO | scraper | Fetched page 31 for 07/23/2025
2025-09-08 07:43:51 | INFO | scraper | Fetched page 26 for 07/10/2025
2025-09-08 07:43:51 | INFO | scraper | Fetched page 30 for 07/17/2025
2025-09-08 07:43:52 | INFO | scraper | Fetched page 29 for 07/07/2025
2025-09-08 07:43:52 | ERROR | scraper | Request exception on page 24 for 07/29/2025: 
2025-09-08 07:43:52 | ERROR | scraper | Request exception on page 23 for 07/29/2025: 
2025-09-08 07:43:52 | ERROR | scraper | Request exception on page 25 for 07/29/2025: 
2025-09-08 07:43:52 | ERROR | scraper | Request exception on page 22 for 07/29/2025: 
2025-09-08 07:43:52 | ERROR | scraper | Request exception on page 21 for 07/29/2025: 
2025-09-08 07:43:53 | INFO | scraper | Fetched page 27 for 07/10/2025
2025-09-08 07:43:53 | INFO | scraper | Fetched page 30 for 07/08/2025
2025-09-08 07:43:54 | INFO | scraper | Fetched page 28 for 07/17/2025
2025-09-08 07:43:54 | INFO | scraper | Fetched page 29 for 07/08/2025
2025-09-08 07:43:54 | INFO | scraper | Fetched page 28 for 07/10/2025
2025-09-08 07:43:55 | INFO | scraper | Fetched page 27 for 07/21/2025
2025-09-08 07:43:55 | INFO | scraper | Fetched page 28 for 07/15/2025
2025-09-08 07:43:55 | INFO | scraper | Fetched page 28 for 07/13/2025
2025-09-08 07:43:55 | INFO | scraper | Fetched page 28 for 07/14/2025
2025-09-08 07:43:56 | INFO | scraper | Fetched page 27 for 07/06/2025
2025-09-08 07:43:56 | INFO | scraper | Fetched page 30 for 07/07/2025
2025-09-08 07:43:56 | INFO | scraper | Fetched page 28 for 07/08/2025
2025-09-08 07:43:56 | INFO | scraper | Fetched page 27 for 07/07/2025
2025-09-08 07:43:57 | INFO | scraper | Fetched page 30 for 07/09/2025
2025-09-08 07:43:57 | INFO | scraper | Fetched page 30 for 07/10/2025
2025-09-08 07:43:57 | INFO | scraper | Fetched page 27 for 07/15/2025
2025-09-08 07:43:57 | INFO | scraper | Fetched page 30 for 07/15/2025
2025-09-08 07:43:57 | INFO | scraper | Fetched page 29 for 07/10/2025
2025-09-08 07:43:57 | INFO | scraper | Fetched page 27 for 07/08/2025
2025-09-08 07:43:58 | INFO | scraper | Fetched page 26 for 07/21/2025
2025-09-08 07:43:58 | INFO | scraper | Fetched page 28 for 07/21/2025
2025-09-08 07:43:58 | INFO | scraper | Fetched page 30 for 07/06/2025
2025-09-08 07:43:59 | INFO | scraper | Fetched page 26 for 07/14/2025
2025-09-08 07:44:00 | INFO | scraper | Fetched page 31 for 07/09/2025
2025-09-08 07:44:00 | INFO | scraper | Fetched page 30 for 07/13/2025
2025-09-08 07:44:00 | INFO | scraper | Fetched page 27 for 07/14/2025
2025-09-08 07:44:00 | INFO | scraper | Fetched page 33 for 07/09/2025
2025-09-08 07:44:00 | INFO | scraper | Fetched page 27 for 07/16/2025
2025-09-08 07:44:00 | INFO | scraper | Fetched page 27 for 07/28/2025
2025-09-08 07:44:01 | INFO | scraper | Fetched page 29 for 07/06/2025
2025-09-08 07:44:01 | INFO | scraper | Fetched page 26 for 07/28/2025
2025-09-08 07:44:01 | INFO | scraper | Fetched page 30 for 07/16/2025
2025-09-08 07:44:01 | INFO | scraper | Fetched page 28 for 07/07/2025
2025-09-08 07:44:01 | INFO | scraper | Fetched page 22 for 07/29/2025
2025-09-08 07:44:02 | INFO | scraper | Fetched page 30 for 07/14/2025
2025-09-08 07:44:02 | ERROR | scraper | Timeout processing batch starting at page 30 for 07/09/2025
2025-09-08 07:44:03 | ERROR | scraper | Timeout processing batch starting at page 26 for 07/13/2025
2025-09-08 07:44:03 | INFO | scraper | Fetched page 29 for 07/21/2025
2025-09-08 07:44:03 | INFO | scraper | Fetched page 33 for 07/27/2025
2025-09-08 07:44:03 | INFO | scraper | Fetched page 28 for 07/06/2025
2025-09-08 07:44:04 | INFO | scraper | Fetched page 28 for 07/28/2025
2025-09-08 07:44:04 | INFO | scraper | Fetched page 24 for 07/29/2025
2025-09-08 07:44:05 | INFO | scraper | Fetched page 31 for 07/27/2025
2025-09-08 07:44:05 | ERROR | scraper | Timeout processing batch starting at page 26 for 07/06/2025
2025-09-08 07:44:05 | INFO | scraper | Fetched page 30 for 07/21/2025
2025-09-08 07:44:06 | INFO | scraper | Fetched page 34 for 07/27/2025
2025-09-08 07:44:06 | INFO | scraper | Fetched page 29 for 07/23/2025
2025-09-08 07:44:06 | ERROR | scraper | Timeout processing batch starting at page 26 for 07/16/2025
2025-09-08 07:44:07 | INFO | scraper | Fetched page 29 for 07/15/2025
2025-09-08 07:44:07 | INFO | scraper | Fetched page 23 for 07/29/2025
2025-09-08 07:44:07 | INFO | scraper | Fetched page 29 for 07/28/2025
2025-09-08 07:44:08 | ERROR | scraper | Timeout processing batch starting at page 26 for 07/07/2025
2025-09-08 07:44:08 | ERROR | scraper | Timeout processing batch starting at page 26 for 07/17/2025
2025-09-08 07:44:08 | INFO | scraper | Fetched page 30 for 07/23/2025
2025-09-08 07:44:08 | INFO | scraper | Fetched page 30 for 07/28/2025
2025-09-08 07:44:09 | INFO | scraper | Fetched page 25 for 07/29/2025
2025-09-08 07:44:10 | INFO | scraper | Fetched page 32 for 07/27/2025
2025-09-08 07:44:11 | INFO | scraper | Fetched page 32 for 07/23/2025
2025-09-08 07:44:12 | INFO | scraper | Fetched page 35 for 07/27/2025
2025-09-08 07:44:12 | ERROR | scraper | Timeout processing batch starting at page 26 for 07/15/2025
2025-09-08 07:44:13 | ERROR | scraper | Timeout processing batch starting at page 26 for 07/14/2025
2025-09-08 07:44:13 | ERROR | scraper | Timeout processing batch starting at page 26 for 07/08/2025
2025-09-08 07:44:14 | INFO | scraper | Fetched page 38 for 07/09/2025
2025-09-08 07:44:14 | ERROR | scraper | Request exception on page 30 for 07/10/2025: 
2025-09-08 07:44:14 | ERROR | scraper | Request exception on page 27 for 07/10/2025: 
2025-09-08 07:44:14 | ERROR | scraper | Request exception on page 29 for 07/10/2025: 
2025-09-08 07:44:14 | ERROR | scraper | Request exception on page 28 for 07/10/2025: 
2025-09-08 07:44:14 | INFO | scraper | Fetched page 36 for 07/09/2025
2025-09-08 07:44:15 | INFO | scraper | Fetched page 31 for 07/17/2025
2025-09-08 07:44:15 | INFO | scraper | Fetched page 34 for 07/13/2025
2025-09-08 07:44:15 | ERROR | scraper | Timeout processing batch starting at page 28 for 07/23/2025
2025-09-08 07:44:15 | INFO | scraper | Fetched page 35 for 07/09/2025
2025-09-08 07:44:16 | INFO | scraper | Fetched page 31 for 07/13/2025
2025-09-08 07:44:16 | INFO | scraper | Fetched page 37 for 07/09/2025
2025-09-08 07:44:16 | INFO | scraper | Fetched page 32 for 07/16/2025
2025-09-08 07:44:16 | INFO | scraper | Fetched page 32 for 07/13/2025
2025-09-08 07:44:16 | INFO | scraper | Fetched page 35 for 07/13/2025
2025-09-08 07:44:17 | INFO | scraper | Fetched page 31 for 07/16/2025
2025-09-08 07:44:17 | INFO | scraper | Fetched page 31 for 07/07/2025
2025-09-08 07:44:17 | INFO | scraper | Fetched page 21 for 07/29/2025
2025-09-08 07:44:18 | INFO | scraper | Fetched page 31 for 07/08/2025
2025-09-08 07:44:19 | INFO | scraper | Fetched page 30 for 07/10/2025
2025-09-08 07:44:19 | INFO | scraper | Fetched page 33 for 07/06/2025
2025-09-08 07:44:19 | ERROR | scraper | Request exception on page 30 for 07/28/2025: 
2025-09-08 07:44:19 | ERROR | scraper | Request exception on page 26 for 07/28/2025: 
2025-09-08 07:44:19 | ERROR | scraper | Request exception on page 28 for 07/28/2025: 
2025-09-08 07:44:19 | ERROR | scraper | Request exception on page 29 for 07/28/2025: 
2025-09-08 07:44:19 | ERROR | scraper | Request exception on page 27 for 07/28/2025: 
2025-09-08 07:44:20 | INFO | scraper | Fetched page 33 for 07/17/2025
2025-09-08 07:44:20 | ERROR | scraper | Request exception on page 26 for 07/21/2025: 
2025-09-08 07:44:20 | ERROR | scraper | Request exception on page 27 for 07/21/2025: 
2025-09-08 07:44:20 | ERROR | scraper | Request exception on page 28 for 07/21/2025: 
2025-09-08 07:44:20 | ERROR | scraper | Request exception on page 30 for 07/21/2025: 
2025-09-08 07:44:20 | ERROR | scraper | Request exception on page 29 for 07/21/2025: 
2025-09-08 07:44:20 | INFO | scraper | Fetched page 34 for 07/16/2025
2025-09-08 07:44:21 | INFO | scraper | Fetched page 35 for 07/14/2025
2025-09-08 07:44:21 | INFO | scraper | Fetched page 35 for 07/06/2025
2025-09-08 07:44:21 | INFO | scraper | Fetched page 31 for 07/06/2025
2025-09-08 07:44:21 | ERROR | scraper | Timeout processing batch starting at page 21 for 07/29/2025
2025-09-08 07:44:22 | INFO | scraper | Fetched page 34 for 07/07/2025
2025-09-08 07:44:22 | INFO | scraper | Fetched page 35 for 07/17/2025
2025-09-08 07:44:23 | INFO | scraper | Fetched page 29 for 07/10/2025
2025-09-08 07:44:23 | INFO | scraper | Fetched page 31 for 07/14/2025
2025-09-08 07:44:23 | ERROR | scraper | Request exception on page 35 for 07/27/2025: 
2025-09-08 07:44:23 | ERROR | scraper | Request exception on page 34 for 07/27/2025: 
2025-09-08 07:44:23 | ERROR | scraper | Request exception on page 31 for 07/27/2025: 
2025-09-08 07:44:23 | INFO | scraper | Fetched page 33 for 07/16/2025
2025-09-08 07:44:24 | INFO | scraper | Fetched page 35 for 07/16/2025
2025-09-08 07:44:24 | ERROR | scraper | Request exception on page 30 for 07/21/2025: Cannot connect to host merolagani.com:443 ssl:default [None]
2025-09-08 07:44:24 | INFO | scraper | Fetched page 32 for 07/07/2025
2025-09-08 07:44:25 | INFO | scraper | Fetched page 32 for 07/17/2025
2025-09-08 07:44:25 | INFO | scraper | Fetched page 33 for 07/13/2025
2025-09-08 07:44:25 | INFO | scraper | Fetched page 34 for 07/06/2025
2025-09-08 07:44:26 | INFO | scraper | Fetched page 32 for 07/14/2025
2025-09-08 07:44:26 | INFO | scraper | Fetched page 28 for 07/10/2025
2025-09-08 07:44:27 | INFO | scraper | Fetched page 27 for 07/10/2025
2025-09-08 07:44:27 | INFO | scraper | Fetched page 34 for 07/14/2025
2025-09-08 07:44:27 | INFO | scraper | Fetched page 39 for 07/09/2025
2025-09-08 07:44:28 | INFO | scraper | Fetched page 33 for 07/14/2025
2025-09-08 07:44:28 | INFO | scraper | Fetched page 34 for 07/23/2025
2025-09-08 07:44:29 | INFO | scraper | Fetched page 29 for 07/28/2025
2025-09-08 07:44:29 | INFO | scraper | Fetched page 36 for 07/23/2025
2025-09-08 07:44:30 | INFO | scraper | Fetched page 35 for 07/27/2025
2025-09-08 07:44:31 | INFO | scraper | Fetched page 34 for 07/17/2025
2025-09-08 07:44:31 | INFO | scraper | Fetched page 32 for 07/06/2025
2025-09-08 07:44:31 | INFO | scraper | Fetched page 27 for 07/21/2025
2025-09-08 07:44:32 | INFO | scraper | Fetched page 34 for 07/27/2025
2025-09-08 07:44:34 | INFO | scraper | Fetched page 26 for 07/28/2025
2025-09-08 07:44:34 | INFO | scraper | Fetched page 28 for 07/29/2025
2025-09-08 07:44:34 | INFO | scraper | Fetched page 30 for 07/21/2025
2025-09-08 07:44:34 | INFO | scraper | Fetched page 35 for 07/23/2025
2025-09-08 07:44:35 | INFO | scraper | Fetched page 33 for 07/23/2025
2025-09-08 07:44:35 | ERROR | scraper | Request exception on page 35 for 07/13/2025: 
2025-09-08 07:44:35 | ERROR | scraper | Request exception on page 34 for 07/13/2025: 
2025-09-08 07:44:35 | ERROR | scraper | Request exception on page 32 for 07/13/2025: 
2025-09-08 07:44:35 | ERROR | scraper | Request exception on page 33 for 07/13/2025: 
2025-09-08 07:44:35 | ERROR | scraper | Request exception on page 31 for 07/13/2025: 
2025-09-08 07:44:35 | ERROR | scraper | Request exception on page 39 for 07/09/2025: 
2025-09-08 07:44:35 | ERROR | scraper | Request exception on page 37 for 07/09/2025: 
2025-09-08 07:44:35 | ERROR | scraper | Request exception on page 38 for 07/09/2025: 
2025-09-08 07:44:35 | ERROR | scraper | Request exception on page 35 for 07/09/2025: 
2025-09-08 07:44:35 | ERROR | scraper | Request exception on page 36 for 07/09/2025: 
2025-09-08 07:44:35 | INFO | scraper | Fetched page 27 for 07/29/2025
2025-09-08 07:44:36 | INFO | scraper | Fetched page 28 for 07/21/2025
2025-09-08 07:44:36 | INFO | scraper | Fetched page 29 for 07/29/2025
2025-09-08 07:44:36 | INFO | scraper | Fetched page 29 for 07/21/2025
2025-09-08 07:44:37 | ERROR | scraper | Request exception on page 32 for 07/06/2025: 
2025-09-08 07:44:37 | ERROR | scraper | Request exception on page 31 for 07/06/2025: 
2025-09-08 07:44:37 | ERROR | scraper | Request exception on page 34 for 07/06/2025: 
2025-09-08 07:44:37 | ERROR | scraper | Request exception on page 33 for 07/06/2025: 
2025-09-08 07:44:37 | ERROR | scraper | Request exception on page 35 for 07/06/2025: 
2025-09-08 07:44:37 | INFO | scraper | Fetched page 28 for 07/28/2025
2025-09-08 07:44:37 | INFO | scraper | Fetched page 34 for 07/08/2025
2025-09-08 07:44:38 | INFO | scraper | Fetched page 35 for 07/08/2025
2025-09-08 07:44:38 | INFO | scraper | Fetched page 30 for 07/28/2025
2025-09-08 07:44:38 | INFO | scraper | Fetched page 35 for 07/07/2025
2025-09-08 07:44:39 | INFO | scraper | Fetched page 27 for 07/28/2025
2025-09-08 07:44:39 | INFO | scraper | Fetched page 26 for 07/29/2025
2025-09-08 07:44:39 | INFO | scraper | Fetched page 31 for 07/27/2025
2025-09-08 07:44:39 | INFO | scraper | Fetched page 30 for 07/29/2025
2025-09-08 07:44:40 | INFO | scraper | Fetched page 26 for 07/21/2025
2025-09-08 07:44:40 | INFO | scraper | Fetched page 33 for 07/07/2025
2025-09-08 07:44:40 | ERROR | scraper | Request exception on page 32 for 07/07/2025: 
2025-09-08 07:44:40 | ERROR | scraper | Request exception on page 31 for 07/07/2025: 
2025-09-08 07:44:40 | ERROR | scraper | Request exception on page 33 for 07/07/2025: 
2025-09-08 07:44:40 | ERROR | scraper | Request exception on page 35 for 07/07/2025: 
2025-09-08 07:44:40 | ERROR | scraper | Request exception on page 34 for 07/07/2025: 
2025-09-08 07:44:40 | INFO | scraper | Fetched page 32 for 07/08/2025
2025-09-08 07:44:40 | ERROR | scraper | Request exception on page 34 for 07/16/2025: 
2025-09-08 07:44:40 | ERROR | scraper | Request exception on page 35 for 07/16/2025: 
2025-09-08 07:44:40 | ERROR | scraper | Request exception on page 33 for 07/16/2025: 
2025-09-08 07:44:40 | ERROR | scraper | Request exception on page 32 for 07/16/2025: 
2025-09-08 07:44:41 | INFO | scraper | Fetched page 37 for 07/23/2025
2025-09-08 07:44:41 | ERROR | scraper | Request exception on page 33 for 07/17/2025: 
2025-09-08 07:44:41 | ERROR | scraper | Request exception on page 34 for 07/17/2025: 
2025-09-08 07:44:41 | ERROR | scraper | Request exception on page 35 for 07/17/2025: 
2025-09-08 07:44:41 | INFO | scraper | Fetched page 32 for 07/15/2025
2025-09-08 07:44:43 | ERROR | scraper | Timeout processing batch starting at page 26 for 07/10/2025
2025-09-08 07:44:43 | INFO | scraper | Fetched page 31 for 07/15/2025
2025-09-08 07:44:44 | INFO | scraper | Fetched page 38 for 07/09/2025
2025-09-08 07:44:45 | INFO | scraper | Fetched page 31 for 07/13/2025
2025-09-08 07:44:45 | ERROR | scraper | Request exception on page 34 for 07/14/2025: 
2025-09-08 07:44:45 | ERROR | scraper | Request exception on page 31 for 07/14/2025: 
2025-09-08 07:44:45 | ERROR | scraper | Request exception on page 33 for 07/14/2025: 
2025-09-08 07:44:45 | ERROR | scraper | Request exception on page 32 for 07/14/2025: 
2025-09-08 07:44:45 | ERROR | scraper | Request exception on page 34 for 07/08/2025: 
2025-09-08 07:44:45 | ERROR | scraper | Request exception on page 32 for 07/08/2025: 
2025-09-08 07:44:45 | ERROR | scraper | Request exception on page 33 for 07/08/2025: 
2025-09-08 07:44:45 | ERROR | scraper | Request exception on page 35 for 07/08/2025: 
2025-09-08 07:44:45 | ERROR | scraper | Request exception on page 35 for 07/15/2025: 
2025-09-08 07:44:45 | ERROR | scraper | Request exception on page 31 for 07/15/2025: 
2025-09-08 07:44:45 | ERROR | scraper | Request exception on page 32 for 07/15/2025: 
2025-09-08 07:44:45 | ERROR | scraper | Request exception on page 33 for 07/15/2025: 
2025-09-08 07:44:45 | ERROR | scraper | Request exception on page 34 for 07/15/2025: 
2025-09-08 07:44:45 | ERROR | scraper | Request exception on page 35 for 07/14/2025: 
2025-09-08 07:44:46 | INFO | scraper | Fetched page 37 for 07/09/2025
2025-09-08 07:44:46 | INFO | scraper | Fetched page 34 for 07/16/2025
2025-09-08 07:44:47 | INFO | scraper | Fetched page 35 for 07/06/2025
2025-09-08 07:44:47 | INFO | scraper | Fetched page 32 for 07/13/2025
2025-09-08 07:44:47 | INFO | scraper | Fetched page 36 for 07/09/2025
2025-09-08 07:44:47 | INFO | scraper | Fetched page 34 for 07/13/2025
2025-09-08 07:44:48 | INFO | scraper | Fetched page 31 for 07/06/2025
2025-09-08 07:44:48 | ERROR | scraper | Request exception on page 35 for 07/23/2025: 
2025-09-08 07:44:48 | ERROR | scraper | Request exception on page 37 for 07/23/2025: 
2025-09-08 07:44:48 | ERROR | scraper | Request exception on page 33 for 07/23/2025: 
2025-09-08 07:44:48 | ERROR | scraper | Request exception on page 34 for 07/23/2025: 
2025-09-08 07:44:48 | ERROR | scraper | Request exception on page 36 for 07/23/2025: 
2025-09-08 07:44:48 | INFO | scraper | Fetched page 33 for 07/17/2025
2025-09-08 07:44:48 | INFO | scraper | Fetched page 34 for 07/08/2025
2025-09-08 07:44:48 | INFO | scraper | Fetched page 34 for 07/06/2025
2025-09-08 07:44:48 | INFO | scraper | Fetched page 33 for 07/13/2025
2025-09-08 07:44:48 | INFO | scraper | Fetched page 39 for 07/09/2025
2025-09-08 07:44:49 | INFO | scraper | Fetched page 35 for 07/13/2025
2025-09-08 07:44:49 | ERROR | scraper | Timeout processing batch starting at page 26 for 07/28/2025
2025-09-08 07:44:49 | INFO | scraper | Fetched page 31 for 07/10/2025
2025-09-08 07:44:49 | INFO | scraper | Fetched page 34 for 07/17/2025
2025-09-08 07:44:49 | INFO | scraper | Fetched page 35 for 07/16/2025
2025-09-08 07:44:49 | INFO | scraper | Fetched page 35 for 07/09/2025
2025-09-08 07:44:50 | INFO | scraper | Fetched page 32 for 07/06/2025
2025-09-08 07:44:50 | INFO | scraper | Fetched page 31 for 07/07/2025
2025-09-08 07:44:50 | INFO | scraper | Fetched page 35 for 07/07/2025
2025-09-08 07:44:51 | INFO | scraper | Fetched page 33 for 07/07/2025
2025-09-08 07:44:51 | INFO | scraper | Fetched page 35 for 07/17/2025
2025-09-08 07:44:51 | ERROR | scraper | Timeout processing batch starting at page 26 for 07/21/2025
2025-09-08 07:44:52 | ERROR | scraper | Timeout processing batch starting at page 31 for 07/27/2025
2025-09-08 07:44:52 | INFO | scraper | Fetched page 32 for 07/16/2025
2025-09-08 07:44:53 | INFO | scraper | Fetched page 34 for 07/15/2025
2025-09-08 07:44:53 | INFO | scraper | Fetched page 32 for 07/14/2025
2025-09-08 07:44:53 | INFO | scraper | Fetched page 32 for 07/10/2025
2025-09-08 07:44:53 | INFO | scraper | Fetched page 34 for 07/14/2025
2025-09-08 07:44:53 | INFO | scraper | Fetched page 33 for 07/16/2025
2025-09-08 07:44:54 | INFO | scraper | Fetched page 34 for 07/07/2025
2025-09-08 07:44:54 | INFO | scraper | Fetched page 35 for 07/08/2025
2025-09-08 07:44:54 | ERROR | scraper | Request exception on page 30 for 07/29/2025: 
2025-09-08 07:44:54 | ERROR | scraper | Request exception on page 29 for 07/29/2025: 
2025-09-08 07:44:54 | ERROR | scraper | Request exception on page 28 for 07/29/2025: 
2025-09-08 07:44:54 | ERROR | scraper | Request exception on page 27 for 07/29/2025: 
2025-09-08 07:44:54 | ERROR | scraper | Request exception on page 26 for 07/29/2025: 
2025-09-08 07:44:54 | INFO | scraper | Fetched page 35 for 07/10/2025
2025-09-08 07:44:54 | INFO | scraper | Fetched page 33 for 07/06/2025
2025-09-08 07:44:55 | INFO | scraper | Fetched page 32 for 07/07/2025
2025-09-08 07:44:56 | INFO | scraper | Fetched page 31 for 07/14/2025
2025-09-08 07:44:56 | INFO | scraper | Fetched page 33 for 07/10/2025
2025-09-08 07:44:56 | INFO | scraper | Fetched page 33 for 07/14/2025
2025-09-08 07:44:56 | INFO | scraper | Fetched page 36 for 07/23/2025
2025-09-08 07:44:57 | INFO | scraper | Fetched page 32 for 07/08/2025
2025-09-08 07:44:58 | INFO | scraper | Fetched page 31 for 07/21/2025
2025-09-08 07:44:59 | INFO | scraper | Fetched page 34 for 07/23/2025
2025-09-08 07:45:00 | INFO | scraper | Fetched page 33 for 07/15/2025
2025-09-08 07:45:01 | INFO | scraper | Fetched page 32 for 07/21/2025
2025-09-08 07:45:01 | INFO | scraper | Fetched page 31 for 07/28/2025
2025-09-08 07:45:01 | INFO | scraper | Fetched page 35 for 07/15/2025
2025-09-08 07:45:01 | INFO | scraper | Fetched page 37 for 07/27/2025
2025-09-08 07:45:01 | INFO | scraper | Fetched page 37 for 07/23/2025
2025-09-08 07:45:02 | INFO | scraper | Fetched page 35 for 07/23/2025
2025-09-08 07:45:02 | INFO | scraper | Fetched page 34 for 07/28/2025
2025-09-08 07:45:03 | INFO | scraper | Fetched page 36 for 07/27/2025
2025-09-08 07:45:03 | INFO | scraper | Fetched page 35 for 07/14/2025
2025-09-08 07:45:03 | INFO | scraper | Fetched page 35 for 07/28/2025
2025-09-08 07:45:05 | ERROR | scraper | Timeout processing batch starting at page 31 for 07/13/2025
2025-09-08 07:45:05 | ERROR | scraper | Timeout processing batch starting at page 35 for 07/09/2025
2025-09-08 07:45:05 | INFO | scraper | Fetched page 34 for 07/21/2025
2025-09-08 07:45:07 | ERROR | scraper | Timeout processing batch starting at page 31 for 07/06/2025
2025-09-08 07:45:08 | ERROR | scraper | Timeout processing batch starting at page 31 for 07/16/2025
2025-09-08 07:45:10 | ERROR | scraper | Timeout processing batch starting at page 31 for 07/07/2025
2025-09-08 07:45:10 | ERROR | scraper | Timeout processing batch starting at page 31 for 07/17/2025
2025-09-08 07:45:14 | ERROR | scraper | Timeout processing batch starting at page 31 for 07/15/2025
2025-09-08 07:45:15 | ERROR | scraper | Timeout processing batch starting at page 31 for 07/14/2025
2025-09-08 07:45:15 | ERROR | scraper | Timeout processing batch starting at page 31 for 07/08/2025
2025-09-08 07:45:16 | ERROR | scraper | Request exception on page 34 for 07/10/2025: 
2025-09-08 07:45:16 | ERROR | scraper | Request exception on page 33 for 07/10/2025: 
2025-09-08 07:45:16 | ERROR | scraper | Request exception on page 32 for 07/10/2025: 
2025-09-08 07:45:16 | ERROR | scraper | Request exception on page 31 for 07/10/2025: 
2025-09-08 07:45:16 | ERROR | scraper | Request exception on page 35 for 07/10/2025: 
2025-09-08 07:45:17 | ERROR | scraper | Timeout processing batch starting at page 33 for 07/23/2025
2025-09-08 07:45:20 | INFO | scraper | Fetched page 32 for 07/28/2025
2025-09-08 07:45:21 | ERROR | scraper | Request exception on page 33 for 07/28/2025: 
2025-09-08 07:45:21 | ERROR | scraper | Request exception on page 34 for 07/28/2025: 
2025-09-08 07:45:21 | ERROR | scraper | Request exception on page 31 for 07/28/2025: 
2025-09-08 07:45:21 | ERROR | scraper | Request exception on page 32 for 07/28/2025: 
2025-09-08 07:45:21 | ERROR | scraper | Request exception on page 35 for 07/28/2025: 
2025-09-08 07:45:21 | INFO | scraper | Fetched page 40 for 07/07/2025
2025-09-08 07:45:21 | INFO | scraper | Fetched page 40 for 07/13/2025
2025-09-08 07:45:21 | INFO | scraper | Fetched page 40 for 07/27/2025
2025-09-08 07:45:22 | INFO | scraper | Fetched page 37 for 07/07/2025
2025-09-08 07:45:22 | INFO | scraper | Fetched page 38 for 07/14/2025
2025-09-08 07:45:22 | INFO | scraper | Fetched page 38 for 07/08/2025
2025-09-08 07:45:22 | INFO | scraper | Fetched page 38 for 07/07/2025
2025-09-08 07:45:22 | INFO | scraper | Fetched page 39 for 07/17/2025
2025-09-08 07:45:22 | INFO | scraper | Fetched page 29 for 07/29/2025
2025-09-08 07:45:23 | INFO | scraper | Fetched page 36 for 07/14/2025
2025-09-08 07:45:23 | INFO | scraper | Fetched page 30 for 07/29/2025
2025-09-08 07:45:23 | INFO | scraper | Fetched page 37 for 07/13/2025
2025-09-08 07:45:23 | INFO | scraper | Fetched page 39 for 07/08/2025
2025-09-08 07:45:23 | ERROR | scraper | Timeout processing batch starting at page 26 for 07/29/2025
2025-09-08 07:45:24 | INFO | scraper | Fetched page 36 for 07/13/2025
2025-09-08 07:45:24 | INFO | scraper | Fetched page 40 for 07/09/2025
2025-09-08 07:45:24 | INFO | scraper | Fetched page 39 for 07/07/2025
2025-09-08 07:45:24 | INFO | scraper | Fetched page 38 for 07/17/2025
2025-09-08 07:45:24 | ERROR | scraper | Request exception on page 35 for 07/21/2025: 
2025-09-08 07:45:24 | ERROR | scraper | Request exception on page 34 for 07/21/2025: 
2025-09-08 07:45:24 | ERROR | scraper | Request exception on page 32 for 07/21/2025: 
2025-09-08 07:45:24 | ERROR | scraper | Request exception on page 33 for 07/21/2025: 
2025-09-08 07:45:24 | ERROR | scraper | Request exception on page 31 for 07/21/2025: 
2025-09-08 07:45:24 | INFO | scraper | Fetched page 38 for 07/06/2025
2025-09-08 07:45:24 | INFO | scraper | Fetched page 33 for 07/10/2025
2025-09-08 07:45:24 | INFO | scraper | Fetched page 37 for 07/06/2025
2025-09-08 07:45:24 | INFO | scraper | Fetched page 37 for 07/14/2025
2025-09-08 07:45:25 | INFO | scraper | Fetched page 36 for 07/08/2025
2025-09-08 07:45:25 | INFO | scraper | Fetched page 36 for 07/06/2025
2025-09-08 07:45:25 | ERROR | scraper | Request exception on page 38 for 07/27/2025: 
2025-09-08 07:45:25 | ERROR | scraper | Request exception on page 37 for 07/27/2025: 
2025-09-08 07:45:25 | ERROR | scraper | Request exception on page 40 for 07/27/2025: 
2025-09-08 07:45:25 | ERROR | scraper | Request exception on page 36 for 07/27/2025: 
2025-09-08 07:45:25 | ERROR | scraper | Request exception on page 39 for 07/27/2025: 
2025-09-08 07:45:25 | INFO | scraper | Fetched page 37 for 07/08/2025
2025-09-08 07:45:25 | INFO | scraper | Fetched page 36 for 07/07/2025
2025-09-08 07:45:25 | INFO | scraper | Fetched page 39 for 07/14/2025
2025-09-08 07:45:25 | INFO | scraper | Fetched page 32 for 07/10/2025
2025-09-08 07:45:25 | INFO | scraper | Fetched page 42 for 07/23/2025
2025-09-08 07:45:25 | INFO | scraper | Fetched page 38 for 07/13/2025
2025-09-08 07:45:26 | INFO | scraper | Fetched page 39 for 07/06/2025
2025-09-08 07:45:26 | INFO | scraper | Fetched page 44 for 07/09/2025
2025-09-08 07:45:26 | INFO | scraper | Fetched page 36 for 07/15/2025
2025-09-08 07:45:27 | INFO | scraper | Fetched page 34 for 07/10/2025
2025-09-08 07:45:27 | INFO | scraper | Fetched page 40 for 07/17/2025
2025-09-08 07:45:27 | INFO | scraper | Fetched page 35 for 07/10/2025
2025-09-08 07:45:27 | INFO | scraper | Fetched page 39 for 07/13/2025
2025-09-08 07:45:28 | INFO | scraper | Fetched page 41 for 07/23/2025
2025-09-08 07:45:28 | INFO | scraper | Fetched page 40 for 07/15/2025
2025-09-08 07:45:28 | INFO | scraper | Fetched page 39 for 07/15/2025
2025-09-08 07:45:29 | INFO | scraper | Fetched page 37 for 07/15/2025
2025-09-08 07:45:29 | INFO | scraper | Fetched page 35 for 07/28/2025
2025-09-08 07:45:29 | INFO | scraper | Fetched page 40 for 07/06/2025
2025-09-08 07:45:29 | INFO | scraper | Fetched page 41 for 07/09/2025
2025-09-08 07:45:30 | INFO | scraper | Fetched page 31 for 07/28/2025
2025-09-08 07:45:30 | INFO | scraper | Fetched page 31 for 07/10/2025
2025-09-08 07:45:30 | INFO | scraper | Fetched page 38 for 07/23/2025
2025-09-08 07:45:30 | INFO | scraper | Fetched page 42 for 07/09/2025
2025-09-08 07:45:30 | INFO | scraper | Fetched page 40 for 07/08/2025
2025-09-08 07:45:30 | INFO | scraper | Fetched page 37 for 07/17/2025
2025-09-08 07:45:30 | INFO | scraper | Fetched page 36 for 07/17/2025
2025-09-08 07:45:32 | INFO | scraper | Fetched page 31 for 07/29/2025
2025-09-08 07:45:32 | INFO | scraper | Fetched page 43 for 07/09/2025
2025-09-08 07:45:32 | INFO | scraper | Fetched page 33 for 07/28/2025
2025-09-08 07:45:33 | INFO | scraper | Fetched page 40 for 07/14/2025
2025-09-08 07:45:33 | INFO | scraper | Fetched page 34 for 07/21/2025
2025-09-08 07:45:34 | INFO | scraper | Fetched page 35 for 07/29/2025
2025-09-08 07:45:35 | INFO | scraper | Fetched page 34 for 07/29/2025
2025-09-08 07:45:35 | INFO | scraper | Fetched page 35 for 07/21/2025
2025-09-08 07:45:36 | INFO | scraper | Fetched page 40 for 07/23/2025
2025-09-08 07:45:36 | INFO | scraper | Fetched page 34 for 07/28/2025
2025-09-08 07:45:37 | INFO | scraper | Fetched page 32 for 07/28/2025
2025-09-08 07:45:37 | ERROR | scraper | Request exception on page 40 for 07/13/2025: 
2025-09-08 07:45:37 | ERROR | scraper | Request exception on page 36 for 07/13/2025: 
2025-09-08 07:45:37 | ERROR | scraper | Request exception on page 38 for 07/13/2025: 
2025-09-08 07:45:37 | ERROR | scraper | Request exception on page 37 for 07/13/2025: 
2025-09-08 07:45:37 | ERROR | scraper | Request exception on page 39 for 07/13/2025: 
2025-09-08 07:45:37 | INFO | scraper | Fetched page 40 for 07/16/2025
2025-09-08 07:45:37 | INFO | scraper | Fetched page 37 for 07/27/2025
2025-09-08 07:45:38 | INFO | scraper | Fetched page 31 for 07/21/2025
2025-09-08 07:45:38 | ERROR | scraper | Request exception on page 44 for 07/09/2025: 
2025-09-08 07:45:38 | ERROR | scraper | Request exception on page 40 for 07/09/2025: 
2025-09-08 07:45:38 | ERROR | scraper | Request exception on page 43 for 07/09/2025: 
2025-09-08 07:45:38 | ERROR | scraper | Request exception on page 42 for 07/09/2025: 
2025-09-08 07:45:38 | ERROR | scraper | Request exception on page 41 for 07/09/2025: 
2025-09-08 07:45:39 | INFO | scraper | Fetched page 36 for 07/16/2025
2025-09-08 07:45:39 | ERROR | scraper | Request exception on page 39 for 07/06/2025: 
2025-09-08 07:45:39 | ERROR | scraper | Request exception on page 36 for 07/06/2025: 
2025-09-08 07:45:39 | ERROR | scraper | Request exception on page 40 for 07/06/2025: 
2025-09-08 07:45:39 | ERROR | scraper | Request exception on page 38 for 07/06/2025: 
2025-09-08 07:45:39 | ERROR | scraper | Request exception on page 37 for 07/06/2025: 
2025-09-08 07:45:39 | INFO | scraper | Fetched page 36 for 07/27/2025
2025-09-08 07:45:40 | INFO | scraper | Fetched page 33 for 07/21/2025
2025-09-08 07:45:40 | INFO | scraper | Fetched page 33 for 07/29/2025
2025-09-08 07:45:40 | INFO | scraper | Fetched page 38 for 07/16/2025
2025-09-08 07:45:40 | INFO | scraper | Fetched page 40 for 07/27/2025
2025-09-08 07:45:41 | INFO | scraper | Fetched page 37 for 07/16/2025
2025-09-08 07:45:41 | ERROR | scraper | Request exception on page 36 for 07/16/2025: 
2025-09-08 07:45:41 | ERROR | scraper | Request exception on page 38 for 07/16/2025: 
2025-09-08 07:45:41 | ERROR | scraper | Request exception on page 40 for 07/16/2025: 
2025-09-08 07:45:41 | ERROR | scraper | Request exception on page 37 for 07/16/2025: 
2025-09-08 07:45:41 | ERROR | scraper | Request exception on page 39 for 07/16/2025: 
2025-09-08 07:45:42 | ERROR | scraper | Request exception on page 36 for 07/17/2025: 
2025-09-08 07:45:42 | ERROR | scraper | Request exception on page 40 for 07/17/2025: 
2025-09-08 07:45:42 | ERROR | scraper | Request exception on page 37 for 07/17/2025: 
2025-09-08 07:45:42 | ERROR | scraper | Request exception on page 38 for 07/17/2025: 
2025-09-08 07:45:42 | INFO | scraper | Fetched page 39 for 07/27/2025
2025-09-08 07:45:42 | ERROR | scraper | Request exception on page 39 for 07/07/2025: 
2025-09-08 07:45:42 | ERROR | scraper | Request exception on page 36 for 07/07/2025: 
2025-09-08 07:45:42 | ERROR | scraper | Request exception on page 38 for 07/07/2025: 
2025-09-08 07:45:43 | INFO | scraper | Fetched page 38 for 07/15/2025
2025-09-08 07:45:43 | INFO | scraper | Fetched page 39 for 07/23/2025
2025-09-08 07:45:44 | INFO | scraper | Fetched page 32 for 07/21/2025
2025-09-08 07:45:44 | INFO | scraper | Fetched page 38 for 07/27/2025
2025-09-08 07:45:45 | INFO | scraper | Fetched page 40 for 07/06/2025
2025-09-08 07:45:46 | INFO | scraper | Fetched page 39 for 07/07/2025
2025-09-08 07:45:46 | ERROR | scraper | Timeout processing batch starting at page 31 for 07/10/2025
2025-09-08 07:45:46 | INFO | scraper | Fetched page 36 for 07/17/2025
2025-09-08 07:45:46 | INFO | scraper | Fetched page 39 for 07/06/2025
2025-09-08 07:45:47 | INFO | scraper | Fetched page 36 for 07/07/2025
2025-09-08 07:45:47 | ERROR | scraper | Request exception on page 39 for 07/15/2025: 
2025-09-08 07:45:47 | ERROR | scraper | Request exception on page 37 for 07/08/2025: 
2025-09-08 07:45:47 | ERROR | scraper | Request exception on page 40 for 07/08/2025: 
2025-09-08 07:45:47 | ERROR | scraper | Request exception on page 36 for 07/08/2025: 
2025-09-08 07:45:47 | ERROR | scraper | Request exception on page 39 for 07/08/2025: 
2025-09-08 07:45:47 | ERROR | scraper | Request exception on page 37 for 07/15/2025: 
2025-09-08 07:45:47 | ERROR | scraper | Request exception on page 40 for 07/15/2025: 
2025-09-08 07:45:47 | ERROR | scraper | Request exception on page 36 for 07/15/2025: 
2025-09-08 07:45:47 | ERROR | scraper | Request exception on page 38 for 07/15/2025: 
2025-09-08 07:45:47 | INFO | scraper | Fetched page 32 for 07/29/2025
2025-09-08 07:45:47 | INFO | scraper | Fetched page 37 for 07/06/2025
2025-09-08 07:45:48 | ERROR | scraper | Request exception on page 39 for 07/14/2025: 
2025-09-08 07:45:48 | ERROR | scraper | Request exception on page 37 for 07/14/2025: 
2025-09-08 07:45:48 | ERROR | scraper | Request exception on page 40 for 07/14/2025: 
2025-09-08 07:45:49 | INFO | scraper | Fetched page 44 for 07/09/2025
2025-09-08 07:45:50 | INFO | scraper | Fetched page 40 for 07/09/2025
2025-09-08 07:45:50 | ERROR | scraper | Request exception on page 40 for 07/23/2025: 
2025-09-08 07:45:50 | ERROR | scraper | Request exception on page 41 for 07/23/2025: 
2025-09-08 07:45:50 | ERROR | scraper | Request exception on page 38 for 07/23/2025: 
2025-09-08 07:45:50 | ERROR | scraper | Request exception on page 39 for 07/23/2025: 
2025-09-08 07:45:50 | INFO | scraper | Fetched page 38 for 07/06/2025
2025-09-08 07:45:50 | INFO | scraper | Fetched page 37 for 07/08/2025
2025-09-08 07:45:50 | INFO | scraper | Fetched page 36 for 07/10/2025
2025-09-08 07:45:51 | ERROR | scraper | Timeout processing batch starting at page 31 for 07/28/2025
2025-09-08 07:45:52 | INFO | scraper | Fetched page 39 for 07/15/2025
2025-09-08 07:45:52 | INFO | scraper | Fetched page 37 for 07/16/2025
2025-09-08 07:45:52 | INFO | scraper | Fetched page 40 for 07/08/2025
2025-09-08 07:45:52 | INFO | scraper | Fetched page 36 for 07/16/2025
2025-09-08 07:45:53 | INFO | scraper | Fetched page 36 for 07/15/2025
2025-09-08 07:45:53 | ERROR | scraper | Timeout processing batch starting at page 31 for 07/21/2025
2025-09-08 07:45:53 | INFO | scraper | Fetched page 41 for 07/09/2025
2025-09-08 07:45:54 | INFO | scraper | Fetched page 39 for 07/14/2025
2025-09-08 07:45:54 | INFO | scraper | Fetched page 38 for 07/07/2025
2025-09-08 07:45:54 | INFO | scraper | Fetched page 40 for 07/14/2025
2025-09-08 07:45:54 | ERROR | scraper | Timeout processing batch starting at page 36 for 07/27/2025
2025-09-08 07:45:55 | INFO | scraper | Fetched page 40 for 07/16/2025
2025-09-08 07:45:55 | INFO | scraper | Fetched page 42 for 07/09/2025
2025-09-08 07:45:55 | INFO | scraper | Fetched page 39 for 07/16/2025
2025-09-08 07:45:55 | INFO | scraper | Fetched page 37 for 07/15/2025
2025-09-08 07:45:55 | INFO | scraper | Fetched page 40 for 07/23/2025
2025-09-08 07:45:56 | INFO | scraper | Fetched page 36 for 07/08/2025
2025-09-08 07:45:56 | INFO | scraper | Fetched page 38 for 07/16/2025
2025-09-08 07:45:56 | ERROR | scraper | Request exception on page 33 for 07/29/2025: 
2025-09-08 07:45:56 | ERROR | scraper | Request exception on page 35 for 07/29/2025: 
2025-09-08 07:45:56 | ERROR | scraper | Request exception on page 34 for 07/29/2025: 
2025-09-08 07:45:56 | ERROR | scraper | Request exception on page 32 for 07/29/2025: 
2025-09-08 07:45:56 | ERROR | scraper | Request exception on page 31 for 07/29/2025: 
2025-09-08 07:45:56 | INFO | scraper | Fetched page 37 for 07/14/2025
2025-09-08 07:45:56 | INFO | scraper | Fetched page 36 for 07/28/2025
2025-09-08 07:45:57 | INFO | scraper | Fetched page 38 for 07/15/2025
2025-09-08 07:45:58 | INFO | scraper | Fetched page 39 for 07/08/2025
2025-09-08 07:45:58 | INFO | scraper | Fetched page 36 for 07/06/2025
2025-09-08 07:45:58 | ERROR | scraper | Request exception on page 36 for 07/13/2025: Cannot connect to host merolagani.com:443 ssl:default [Temporary failure in name resolution]
2025-09-08 07:45:58 | ERROR | scraper | Request exception on page 37 for 07/13/2025: Cannot connect to host merolagani.com:443 ssl:default [Temporary failure in name resolution]
2025-09-08 07:45:58 | ERROR | scraper | Request exception on page 38 for 07/13/2025: Cannot connect to host merolagani.com:443 ssl:default [Temporary failure in name resolution]
2025-09-08 07:45:58 | ERROR | scraper | Request exception on page 39 for 07/13/2025: Cannot connect to host merolagani.com:443 ssl:default [Temporary failure in name resolution]
2025-09-08 07:45:58 | ERROR | scraper | Request exception on page 40 for 07/13/2025: Cannot connect to host merolagani.com:443 ssl:default [Temporary failure in name resolution]
2025-09-08 07:45:58 | INFO | scraper | Fetched page 43 for 07/09/2025
2025-09-08 07:45:58 | INFO | scraper | Fetched page 36 for 07/21/2025
2025-09-08 07:46:00 | INFO | scraper | Fetched page 37 for 07/21/2025
2025-09-08 07:46:00 | INFO | scraper | Fetched page 41 for 07/27/2025
2025-09-08 07:46:00 | INFO | scraper | Fetched page 37 for 07/17/2025
2025-09-08 07:46:03 | INFO | scraper | Fetched page 40 for 07/17/2025
2025-09-08 07:46:04 | INFO | scraper | Fetched page 45 for 07/27/2025
2025-09-08 07:46:04 | INFO | scraper | Fetched page 40 for 07/15/2025
2025-09-08 07:46:06 | INFO | scraper | Fetched page 39 for 07/21/2025
2025-09-08 07:46:06 | INFO | scraper | Fetched page 34 for 07/29/2025
2025-09-08 07:46:06 | INFO | scraper | Fetched page 38 for 07/17/2025
2025-09-08 07:46:06 | INFO | scraper | Fetched page 38 for 07/21/2025
2025-09-08 07:46:06 | INFO | scraper | Fetched page 33 for 07/29/2025
2025-09-08 07:46:07 | ERROR | scraper | Timeout processing batch starting at page 36 for 07/13/2025
2025-09-08 07:46:07 | ERROR | scraper | Timeout processing batch starting at page 40 for 07/09/2025
2025-09-08 07:46:07 | INFO | scraper | Fetched page 40 for 07/21/2025
2025-09-08 07:46:08 | INFO | scraper | Fetched page 43 for 07/27/2025
2025-09-08 07:46:08 | INFO | scraper | Fetched page 37 for 07/28/2025
2025-09-08 07:46:09 | ERROR | scraper | Timeout processing batch starting at page 36 for 07/06/2025
2025-09-08 07:46:09 | INFO | scraper | Fetched page 35 for 07/29/2025
2025-09-08 07:46:09 | INFO | scraper | Fetched page 40 for 07/10/2025
2025-09-08 07:46:09 | INFO | scraper | Fetched page 37 for 07/10/2025
2025-09-08 07:46:09 | INFO | scraper | Fetched page 40 for 07/28/2025
2025-09-08 07:46:09 | INFO | scraper | Fetched page 39 for 07/10/2025
2025-09-08 07:46:10 | INFO | scraper | Fetched page 42 for 07/27/2025
2025-09-08 07:46:11 | INFO | scraper | Fetched page 32 for 07/29/2025
2025-09-08 07:46:11 | INFO | scraper | Fetched page 38 for 07/23/2025
2025-09-08 07:46:11 | INFO | scraper | Fetched page 45 for 07/09/2025
2025-09-08 07:46:11 | INFO | scraper | Fetched page 38 for 07/28/2025
2025-09-08 07:46:12 | ERROR | scraper | Timeout processing batch starting at page 36 for 07/16/2025
2025-09-08 07:46:12 | ERROR | scraper | Timeout processing batch starting at page 36 for 07/07/2025
2025-09-08 07:46:12 | ERROR | scraper | Timeout processing batch starting at page 36 for 07/17/2025
2025-09-08 07:46:13 | INFO | scraper | Fetched page 38 for 07/10/2025
2025-09-08 07:46:13 | INFO | scraper | Fetched page 41 for 07/23/2025
2025-09-08 07:46:13 | INFO | scraper | Fetched page 41 for 07/06/2025
2025-09-08 07:46:13 | INFO | scraper | Fetched page 44 for 07/27/2025
2025-09-08 07:46:13 | INFO | scraper | Fetched page 39 for 07/28/2025
2025-09-08 07:46:14 | INFO | scraper | Fetched page 44 for 07/13/2025
2025-09-08 07:46:14 | INFO | scraper | Fetched page 31 for 07/29/2025
2025-09-08 07:46:15 | INFO | scraper | Fetched page 42 for 07/06/2025
2025-09-08 07:46:15 | INFO | scraper | Fetched page 39 for 07/23/2025
2025-09-08 07:46:16 | INFO | scraper | Fetched page 43 for 07/13/2025
2025-09-08 07:46:16 | INFO | scraper | Fetched page 45 for 07/06/2025
2025-09-08 07:46:16 | ERROR | scraper | Timeout processing batch starting at page 36 for 07/15/2025
2025-09-08 07:46:16 | INFO | scraper | Fetched page 41 for 07/07/2025
2025-09-08 07:46:17 | INFO | scraper | Fetched page 45 for 07/13/2025
2025-09-08 07:46:17 | ERROR | scraper | Timeout processing batch starting at page 36 for 07/14/2025
2025-09-08 07:46:17 | ERROR | scraper | Timeout processing batch starting at page 36 for 07/08/2025
2025-09-08 07:46:17 | INFO | scraper | Fetched page 41 for 07/16/2025
2025-09-08 07:46:18 | INFO | scraper | Fetched page 41 for 07/17/2025
2025-09-08 07:46:18 | ERROR | scraper | Request exception on page 39 for 07/10/2025: 
2025-09-08 07:46:18 | ERROR | scraper | Request exception on page 40 for 07/10/2025: 
2025-09-08 07:46:18 | ERROR | scraper | Request exception on page 38 for 07/10/2025: 
2025-09-08 07:46:18 | ERROR | scraper | Request exception on page 37 for 07/10/2025: 
2025-09-08 07:46:19 | ERROR | scraper | Timeout processing batch starting at page 38 for 07/23/2025
2025-09-08 07:46:19 | INFO | scraper | Fetched page 42 for 07/07/2025
2025-09-08 07:46:19 | INFO | scraper | Fetched page 44 for 07/17/2025
2025-09-08 07:46:20 | INFO | scraper | Fetched page 41 for 07/13/2025
2025-09-08 07:46:20 | INFO | scraper | Fetched page 43 for 07/07/2025
2025-09-08 07:46:20 | INFO | scraper | Fetched page 43 for 07/06/2025
2025-09-08 07:46:20 | INFO | scraper | Fetched page 42 for 07/13/2025
2025-09-08 07:46:20 | INFO | scraper | Fetched page 44 for 07/07/2025
2025-09-08 07:46:21 | INFO | scraper | Fetched page 45 for 07/07/2025
2025-09-08 07:46:21 | INFO | scraper | Fetched page 44 for 07/06/2025
2025-09-08 07:46:21 | INFO | scraper | Fetched page 42 for 07/14/2025
2025-09-08 07:46:21 | INFO | scraper | Fetched page 42 for 07/15/2025
2025-09-08 07:46:22 | INFO | scraper | Fetched page 45 for 07/17/2025
2025-09-08 07:46:22 | INFO | scraper | Fetched page 41 for 07/08/2025
2025-09-08 07:46:22 | INFO | scraper | Fetched page 41 for 07/15/2025
2025-09-08 07:46:22 | INFO | scraper | Fetched page 39 for 07/10/2025
2025-09-08 07:46:22 | INFO | scraper | Fetched page 41 for 07/14/2025
2025-09-08 07:46:23 | INFO | scraper | Fetched page 42 for 07/08/2025
2025-09-08 07:46:24 | ERROR | scraper | Request exception on page 39 for 07/28/2025: 
2025-09-08 07:46:24 | ERROR | scraper | Request exception on page 38 for 07/28/2025: 
2025-09-08 07:46:24 | ERROR | scraper | Request exception on page 40 for 07/28/2025: 
2025-09-08 07:46:24 | INFO | scraper | Fetched page 43 for 07/08/2025
2025-09-08 07:46:25 | ERROR | scraper | Timeout processing batch starting at page 31 for 07/29/2025
2025-09-08 07:46:26 | INFO | scraper | Fetched page 46 for 07/09/2025
2025-09-08 07:46:26 | ERROR | scraper | Request exception on page 40 for 07/21/2025: 
2025-09-08 07:46:26 | ERROR | scraper | Request exception on page 38 for 07/21/2025: 
2025-09-08 07:46:26 | ERROR | scraper | Request exception on page 39 for 07/21/2025: 
2025-09-08 07:46:26 | INFO | scraper | Fetched page 42 for 07/17/2025
2025-09-08 07:46:26 | INFO | scraper | Fetched page 43 for 07/15/2025
2025-09-08 07:46:26 | INFO | scraper | Fetched page 44 for 07/15/2025
2025-09-08 07:46:27 | INFO | scraper | Fetched page 43 for 07/17/2025
2025-09-08 07:46:27 | INFO | scraper | Fetched page 49 for 07/09/2025
2025-09-08 07:46:28 | ERROR | scraper | Request exception on page 44 for 07/27/2025: 
2025-09-08 07:46:28 | INFO | scraper | Fetched page 45 for 07/15/2025
2025-09-08 07:46:30 | INFO | scraper | Fetched page 44 for 07/14/2025
2025-09-08 07:46:30 | INFO | scraper | Fetched page 47 for 07/09/2025
2025-09-08 07:46:30 | INFO | scraper | Fetched page 39 for 07/28/2025
2025-09-08 07:46:30 | INFO | scraper | Fetched page 48 for 07/09/2025
2025-09-08 07:46:32 | INFO | scraper | Fetched page 38 for 07/21/2025
2025-09-08 07:46:32 | INFO | scraper | Fetched page 40 for 07/21/2025
2025-09-08 07:46:32 | INFO | scraper | Fetched page 37 for 07/29/2025
2025-09-08 07:46:32 | INFO | scraper | Fetched page 38 for 07/28/2025
2025-09-08 07:46:32 | INFO | scraper | Fetched page 43 for 07/14/2025
2025-09-08 07:46:33 | INFO | scraper | Fetched page 45 for 07/08/2025
2025-09-08 07:46:33 | INFO | scraper | Fetched page 44 for 07/08/2025
2025-09-08 07:46:34 | INFO | scraper | Fetched page 43 for 07/16/2025
2025-09-08 07:46:35 | INFO | scraper | Fetched page 36 for 07/29/2025
2025-09-08 07:46:35 | INFO | scraper | Fetched page 43 for 07/23/2025
2025-09-08 07:46:36 | INFO | scraper | Fetched page 45 for 07/14/2025
2025-09-08 07:46:36 | INFO | scraper | Fetched page 40 for 07/29/2025
2025-09-08 07:46:36 | INFO | scraper | Fetched page 44 for 07/27/2025
2025-09-08 07:46:36 | INFO | scraper | Fetched page 40 for 07/10/2025
2025-09-08 07:46:37 | INFO | scraper | Fetched page 45 for 07/16/2025
2025-09-08 07:46:39 | INFO | scraper | Fetched page 42 for 07/16/2025
2025-09-08 07:46:39 | ERROR | scraper | Request exception on page 42 for 07/13/2025: 
2025-09-08 07:46:39 | ERROR | scraper | Request exception on page 41 for 07/13/2025: 
2025-09-08 07:46:39 | ERROR | scraper | Request exception on page 43 for 07/13/2025: 
2025-09-08 07:46:39 | INFO | scraper | Fetched page 39 for 07/29/2025
2025-09-08 07:46:40 | INFO | scraper | Fetched page 38 for 07/10/2025
2025-09-08 07:46:40 | ERROR | scraper | Request exception on page 49 for 07/09/2025: 
2025-09-08 07:46:40 | ERROR | scraper | Request exception on page 46 for 07/09/2025: 
2025-09-08 07:46:40 | ERROR | scraper | Request exception on page 47 for 07/09/2025: 
2025-09-08 07:46:40 | ERROR | scraper | Request exception on page 48 for 07/09/2025: 
2025-09-08 07:46:40 | INFO | scraper | Fetched page 38 for 07/29/2025
2025-09-08 07:46:41 | INFO | scraper | Fetched page 37 for 07/10/2025
2025-09-08 07:46:41 | INFO | scraper | Fetched page 39 for 07/21/2025
2025-09-08 07:46:42 | INFO | scraper | Fetched page 45 for 07/23/2025
2025-09-08 07:46:42 | INFO | scraper | Fetched page 46 for 07/23/2025
2025-09-08 07:46:42 | INFO | scraper | Fetched page 40 for 07/28/2025
2025-09-08 07:46:42 | ERROR | scraper | Request exception on page 45 for 07/06/2025: 
2025-09-08 07:46:42 | ERROR | scraper | Request exception on page 42 for 07/06/2025: 
2025-09-08 07:46:42 | ERROR | scraper | Request exception on page 43 for 07/06/2025: 
2025-09-08 07:46:42 | ERROR | scraper | Request exception on page 44 for 07/06/2025: 
2025-09-08 07:46:43 | INFO | scraper | Fetched page 42 for 07/13/2025
2025-09-08 07:46:44 | INFO | scraper | Fetched page 44 for 07/16/2025
2025-09-08 07:46:44 | ERROR | scraper | Request exception on page 42 for 07/16/2025: 
2025-09-08 07:46:44 | ERROR | scraper | Request exception on page 41 for 07/07/2025: 
2025-09-08 07:46:44 | ERROR | scraper | Request exception on page 45 for 07/17/2025: 
2025-09-08 07:46:44 | ERROR | scraper | Request exception on page 44 for 07/17/2025: 
2025-09-08 07:46:44 | ERROR | scraper | Request exception on page 45 for 07/16/2025: 
2025-09-08 07:46:44 | ERROR | scraper | Request exception on page 45 for 07/07/2025: 
2025-09-08 07:46:44 | ERROR | scraper | Request exception on page 43 for 07/16/2025: 
2025-09-08 07:46:44 | ERROR | scraper | Request exception on page 42 for 07/17/2025: 
2025-09-08 07:46:44 | ERROR | scraper | Request exception on page 43 for 07/07/2025: 
2025-09-08 07:46:44 | ERROR | scraper | Request exception on page 44 for 07/07/2025: 
2025-09-08 07:46:44 | ERROR | scraper | Request exception on page 44 for 07/16/2025: 
2025-09-08 07:46:44 | INFO | scraper | Fetched page 41 for 07/13/2025
2025-09-08 07:46:46 | INFO | scraper | Fetched page 49 for 07/09/2025
2025-09-08 07:46:46 | INFO | scraper | Fetched page 45 for 07/06/2025
2025-09-08 07:46:47 | INFO | scraper | Fetched page 47 for 07/23/2025
2025-09-08 07:46:47 | INFO | scraper | Fetched page 43 for 07/13/2025
2025-09-08 07:46:47 | INFO | scraper | Fetched page 48 for 07/09/2025
2025-09-08 07:46:47 | INFO | scraper | Fetched page 46 for 07/09/2025
2025-09-08 07:46:48 | ERROR | scraper | Timeout processing batch starting at page 36 for 07/10/2025
2025-09-08 07:46:48 | INFO | scraper | Fetched page 42 for 07/16/2025
2025-09-08 07:46:48 | INFO | scraper | Fetched page 41 for 07/07/2025
2025-09-08 07:46:48 | INFO | scraper | Fetched page 47 for 07/09/2025
2025-09-08 07:46:49 | INFO | scraper | Fetched page 45 for 07/17/2025
2025-09-08 07:46:49 | ERROR | scraper | Request exception on page 43 for 07/14/2025: 
2025-09-08 07:46:49 | ERROR | scraper | Request exception on page 43 for 07/15/2025: 
2025-09-08 07:46:49 | ERROR | scraper | Request exception on page 45 for 07/15/2025: 
2025-09-08 07:46:49 | ERROR | scraper | Request exception on page 42 for 07/08/2025: 
2025-09-08 07:46:49 | ERROR | scraper | Request exception on page 43 for 07/08/2025: 
2025-09-08 07:46:49 | ERROR | scraper | Request exception on page 42 for 07/14/2025: 
2025-09-08 07:46:49 | ERROR | scraper | Request exception on page 44 for 07/14/2025: 
2025-09-08 07:46:49 | ERROR | scraper | Request exception on page 45 for 07/14/2025: 
2025-09-08 07:46:49 | ERROR | scraper | Request exception on page 45 for 07/08/2025: 
2025-09-08 07:46:49 | ERROR | scraper | Request exception on page 44 for 07/08/2025: 
2025-09-08 07:46:49 | INFO | scraper | Fetched page 43 for 07/06/2025
2025-09-08 07:46:50 | INFO | scraper | Fetched page 42 for 07/06/2025
2025-09-08 07:46:50 | INFO | scraper | Fetched page 44 for 07/17/2025
2025-09-08 07:46:51 | INFO | scraper | Fetched page 44 for 07/16/2025
2025-09-08 07:46:52 | INFO | scraper | Fetched page 44 for 07/06/2025
2025-09-08 07:46:52 | ERROR | scraper | Request exception on page 43 for 07/23/2025: 
2025-09-08 07:46:52 | ERROR | scraper | Request exception on page 45 for 07/23/2025: 
2025-09-08 07:46:52 | ERROR | scraper | Request exception on page 47 for 07/23/2025: 
2025-09-08 07:46:52 | ERROR | scraper | Request exception on page 44 for 07/23/2025: 
2025-09-08 07:46:52 | ERROR | scraper | Request exception on page 46 for 07/23/2025: 
2025-09-08 07:46:53 | ERROR | scraper | Timeout processing batch starting at page 36 for 07/28/2025
2025-09-08 07:46:53 | INFO | scraper | Fetched page 43 for 07/15/2025
2025-09-08 07:46:53 | INFO | scraper | Fetched page 45 for 07/16/2025
2025-09-08 07:46:53 | INFO | scraper | Fetched page 42 for 07/08/2025
2025-09-08 07:46:53 | INFO | scraper | Fetched page 43 for 07/14/2025
2025-09-08 07:46:54 | INFO | scraper | Fetched page 41 for 07/10/2025
2025-09-08 07:46:55 | INFO | scraper | Fetched page 44 for 07/10/2025
2025-09-08 07:46:55 | INFO | scraper | Fetched page 45 for 07/15/2025
2025-09-08 07:46:55 | ERROR | scraper | Timeout processing batch starting at page 36 for 07/21/2025
2025-09-08 07:46:55 | INFO | scraper | Fetched page 43 for 07/16/2025
2025-09-08 07:46:55 | INFO | scraper | Fetched page 42 for 07/17/2025
2025-09-08 07:46:56 | INFO | scraper | Fetched page 45 for 07/08/2025
2025-09-08 07:46:56 | ERROR | scraper | Timeout processing batch starting at page 41 for 07/27/2025
2025-09-08 07:46:57 | INFO | scraper | Fetched page 45 for 07/10/2025
2025-09-08 07:46:57 | INFO | scraper | Fetched page 43 for 07/08/2025
2025-09-08 07:46:58 | INFO | scraper | Fetched page 44 for 07/08/2025
2025-09-08 07:46:58 | ERROR | scraper | Request exception on page 38 for 07/29/2025: 
2025-09-08 07:46:58 | ERROR | scraper | Request exception on page 39 for 07/29/2025: 
2025-09-08 07:46:58 | ERROR | scraper | Request exception on page 40 for 07/29/2025: 
2025-09-08 07:46:59 | INFO | scraper | Fetched page 42 for 07/28/2025
2025-09-08 07:46:59 | INFO | scraper | Fetched page 42 for 07/10/2025
2025-09-08 07:47:00 | INFO | scraper | Fetched page 43 for 07/10/2025
2025-09-08 07:47:00 | INFO | scraper | Fetched page 41 for 07/28/2025
2025-09-08 07:47:01 | INFO | scraper | Fetched page 41 for 07/21/2025
2025-09-08 07:47:02 | INFO | scraper | Fetched page 45 for 07/07/2025
2025-09-08 07:47:03 | INFO | scraper | Fetched page 46 for 07/27/2025
2025-09-08 07:47:03 | INFO | scraper | Fetched page 38 for 07/29/2025
2025-09-08 07:47:03 | INFO | scraper | Fetched page 43 for 07/21/2025
2025-09-08 07:47:03 | INFO | scraper | Fetched page 43 for 07/07/2025
2025-09-08 07:47:04 | INFO | scraper | Fetched page 45 for 07/28/2025
2025-09-08 07:47:04 | INFO | scraper | Fetched page 44 for 07/21/2025
2025-09-08 07:47:04 | INFO | scraper | Fetched page 44 for 07/07/2025
2025-09-08 07:47:05 | INFO | scraper | Fetched page 39 for 07/29/2025
2025-09-08 07:47:06 | INFO | scraper | Fetched page 44 for 07/14/2025
2025-09-08 07:47:06 | INFO | scraper | Fetched page 43 for 07/28/2025
2025-09-08 07:47:06 | INFO | scraper | Fetched page 46 for 07/23/2025
2025-09-08 07:47:06 | INFO | scraper | Fetched page 42 for 07/21/2025
2025-09-08 07:47:07 | INFO | scraper | Fetched page 45 for 07/14/2025
2025-09-08 07:47:08 | INFO | scraper | Fetched page 45 for 07/21/2025
2025-09-08 07:47:08 | INFO | scraper | Fetched page 45 for 07/23/2025
2025-09-08 07:47:08 | INFO | scraper | Fetched page 44 for 07/28/2025
2025-09-08 07:47:09 | ERROR | scraper | Timeout processing batch starting at page 41 for 07/13/2025
2025-09-08 07:47:09 | ERROR | scraper | Timeout processing batch starting at page 45 for 07/09/2025
2025-09-08 07:47:10 | INFO | scraper | Fetched page 44 for 07/23/2025
2025-09-08 07:47:11 | ERROR | scraper | Timeout processing batch starting at page 41 for 07/06/2025
2025-09-08 07:47:11 | INFO | scraper | Fetched page 42 for 07/14/2025
2025-09-08 07:47:11 | INFO | scraper | Fetched page 50 for 07/27/2025
2025-09-08 07:47:12 | INFO | scraper | Fetched page 47 for 07/23/2025
2025-09-08 07:47:12 | INFO | scraper | Fetched page 49 for 07/27/2025
2025-09-08 07:47:13 | INFO | scraper | Fetched page 51 for 07/09/2025
2025-09-08 07:47:14 | ERROR | scraper | Timeout processing batch starting at page 41 for 07/16/2025
2025-09-08 07:47:14 | ERROR | scraper | Timeout processing batch starting at page 41 for 07/07/2025
2025-09-08 07:47:14 | INFO | scraper | Fetched page 40 for 07/29/2025
2025-09-08 07:47:14 | INFO | scraper | Fetched page 50 for 07/09/2025
2025-09-08 07:47:15 | INFO | scraper | Fetched page 43 for 07/23/2025
2025-09-08 07:47:15 | ERROR | scraper | Timeout processing batch starting at page 41 for 07/17/2025
2025-09-08 07:47:15 | INFO | scraper | Fetched page 46 for 07/06/2025
2025-09-08 07:47:16 | INFO | scraper | Fetched page 52 for 07/09/2025
2025-09-08 07:47:16 | INFO | scraper | Fetched page 46 for 07/13/2025
2025-09-08 07:47:17 | INFO | scraper | Fetched page 48 for 07/13/2025
2025-09-08 07:47:18 | INFO | scraper | Fetched page 46 for 07/16/2025
2025-09-08 07:47:18 | INFO | scraper | Fetched page 47 for 07/27/2025
2025-09-08 07:47:18 | ERROR | scraper | Timeout processing batch starting at page 41 for 07/15/2025
2025-09-08 07:47:19 | INFO | scraper | Fetched page 48 for 07/06/2025
2025-09-08 07:47:19 | ERROR | scraper | Timeout processing batch starting at page 41 for 07/14/2025
2025-09-08 07:47:19 | ERROR | scraper | Timeout processing batch starting at page 41 for 07/08/2025
2025-09-08 07:47:19 | INFO | scraper | Fetched page 50 for 07/13/2025
2025-09-08 07:47:20 | INFO | scraper | Fetched page 50 for 07/06/2025
2025-09-08 07:47:20 | INFO | scraper | Fetched page 48 for 07/16/2025
2025-09-08 07:47:20 | INFO | scraper | Fetched page 50 for 07/07/2025
2025-09-08 07:47:20 | INFO | scraper | Fetched page 47 for 07/13/2025
2025-09-08 07:47:20 | ERROR | scraper | Request exception on page 45 for 07/10/2025: 
2025-09-08 07:47:20 | ERROR | scraper | Request exception on page 42 for 07/10/2025: 
2025-09-08 07:47:20 | ERROR | scraper | Request exception on page 43 for 07/10/2025: 
2025-09-08 07:47:20 | ERROR | scraper | Request exception on page 41 for 07/10/2025: 
2025-09-08 07:47:20 | INFO | scraper | Fetched page 46 for 07/17/2025
2025-09-08 07:47:21 | INFO | scraper | Fetched page 48 for 07/27/2025
2025-09-08 07:47:21 | INFO | scraper | Fetched page 47 for 07/16/2025
2025-09-08 07:47:21 | ERROR | scraper | Timeout processing batch starting at page 43 for 07/23/2025
2025-09-08 07:47:21 | INFO | scraper | Fetched page 47 for 07/06/2025
2025-09-08 07:47:22 | INFO | scraper | Fetched page 49 for 07/16/2025
2025-09-08 07:47:22 | INFO | scraper | Fetched page 47 for 07/17/2025
2025-09-08 07:47:22 | INFO | scraper | Fetched page 48 for 07/07/2025
2025-09-08 07:47:23 | INFO | scraper | Fetched page 46 for 07/15/2025
2025-09-08 07:47:23 | INFO | scraper | Fetched page 47 for 07/07/2025
2025-09-08 07:47:23 | INFO | scraper | Fetched page 49 for 07/06/2025
2025-09-08 07:47:24 | INFO | scraper | Fetched page 46 for 07/07/2025
2025-09-08 07:47:24 | INFO | scraper | Fetched page 46 for 07/08/2025
2025-09-08 07:47:25 | INFO | scraper | Fetched page 45 for 07/10/2025
2025-09-08 07:47:25 | ERROR | scraper | Request exception on page 44 for 07/28/2025: 
2025-09-08 07:47:25 | ERROR | scraper | Request exception on page 45 for 07/28/2025: 
2025-09-08 07:47:25 | ERROR | scraper | Request exception on page 43 for 07/28/2025: 
2025-09-08 07:47:26 | INFO | scraper | Fetched page 46 for 07/14/2025
2025-09-08 07:47:26 | INFO | scraper | Fetched page 50 for 07/17/2025
2025-09-08 07:47:27 | INFO | scraper | Fetched page 49 for 07/17/2025
2025-09-08 07:47:27 | INFO | scraper | Fetched page 50 for 07/14/2025
2025-09-08 07:47:27 | INFO | scraper | Fetched page 50 for 07/08/2025
2025-09-08 07:47:27 | INFO | scraper | Fetched page 47 for 07/15/2025
2025-09-08 07:47:27 | ERROR | scraper | Timeout processing batch starting at page 36 for 07/29/2025
2025-09-08 07:47:28 | INFO | scraper | Fetched page 50 for 07/16/2025
2025-09-08 07:47:28 | INFO | scraper | Fetched page 43 for 07/10/2025
2025-09-08 07:47:28 | INFO | scraper | Fetched page 49 for 07/07/2025
2025-09-08 07:47:28 | ERROR | scraper | Request exception on page 43 for 07/21/2025: 
2025-09-08 07:47:28 | INFO | scraper | Fetched page 48 for 07/14/2025
2025-09-08 07:47:29 | ERROR | scraper | Request exception on page 49 for 07/27/2025: 
2025-09-08 07:47:29 | ERROR | scraper | Request exception on page 48 for 07/27/2025: 
2025-09-08 07:47:29 | ERROR | scraper | Request exception on page 47 for 07/27/2025: 
2025-09-08 07:47:29 | ERROR | scraper | Request exception on page 50 for 07/27/2025: 
2025-09-08 07:47:29 | INFO | scraper | Fetched page 48 for 07/17/2025
2025-09-08 07:47:29 | INFO | scraper | Fetched page 47 for 07/14/2025
2025-09-08 07:47:30 | INFO | scraper | Fetched page 49 for 07/15/2025
2025-09-08 07:47:30 | INFO | scraper | Fetched page 41 for 07/10/2025
2025-09-08 07:47:30 | INFO | scraper | Fetched page 50 for 07/15/2025
2025-09-08 07:47:31 | INFO | scraper | Fetched page 44 for 07/28/2025
2025-09-08 07:47:31 | INFO | scraper | Fetched page 47 for 07/08/2025
2025-09-08 07:47:31 | INFO | scraper | Fetched page 49 for 07/13/2025
2025-09-08 07:47:31 | INFO | scraper | Fetched page 48 for 07/15/2025
2025-09-08 07:47:31 | INFO | scraper | Fetched page 49 for 07/14/2025
2025-09-08 07:47:32 | INFO | scraper | Fetched page 49 for 07/08/2025
2025-09-08 07:47:32 | INFO | scraper | Fetched page 43 for 07/21/2025
2025-09-08 07:47:33 | INFO | scraper | Fetched page 48 for 07/08/2025
2025-09-08 07:47:33 | INFO | scraper | Fetched page 42 for 07/10/2025
2025-09-08 07:47:33 | INFO | scraper | Fetched page 48 for 07/23/2025
2025-09-08 07:47:33 | INFO | scraper | Fetched page 45 for 07/28/2025
2025-09-08 07:47:34 | INFO | scraper | Fetched page 53 for 07/09/2025
2025-09-08 07:47:35 | INFO | scraper | Fetched page 41 for 07/29/2025
2025-09-08 07:47:36 | INFO | scraper | Fetched page 52 for 07/23/2025
2025-09-08 07:47:36 | INFO | scraper | Fetched page 49 for 07/27/2025
2025-09-08 07:47:36 | INFO | scraper | Fetched page 54 for 07/09/2025
2025-09-08 07:47:38 | INFO | scraper | Fetched page 42 for 07/29/2025
2025-09-08 07:47:40 | INFO | scraper | Fetched page 45 for 07/29/2025
2025-09-08 07:47:41 | INFO | scraper | Fetched page 51 for 07/23/2025
2025-09-08 07:47:41 | INFO | scraper | Fetched page 47 for 07/27/2025
2025-09-08 07:47:41 | ERROR | scraper | Request exception on page 50 for 07/13/2025: 
2025-09-08 07:47:41 | ERROR | scraper | Request exception on page 49 for 07/13/2025: 
2025-09-08 07:47:41 | ERROR | scraper | Request exception on page 46 for 07/13/2025: 
2025-09-08 07:47:41 | ERROR | scraper | Request exception on page 47 for 07/13/2025: 
2025-09-08 07:47:42 | ERROR | scraper | Request exception on page 53 for 07/09/2025: 
2025-09-08 07:47:42 | ERROR | scraper | Request exception on page 54 for 07/09/2025: 
2025-09-08 07:47:43 | INFO | scraper | Fetched page 49 for 07/23/2025
2025-09-08 07:47:43 | ERROR | scraper | Request exception on page 49 for 07/06/2025: 
2025-09-08 07:47:43 | ERROR | scraper | Request exception on page 47 for 07/06/2025: 
2025-09-08 07:47:43 | INFO | scraper | Fetched page 48 for 07/27/2025
2025-09-08 07:47:44 | INFO | scraper | Fetched page 44 for 07/29/2025
2025-09-08 07:47:45 | INFO | scraper | Fetched page 43 for 07/29/2025
2025-09-08 07:47:45 | INFO | scraper | Fetched page 50 for 07/23/2025
2025-09-08 07:47:45 | INFO | scraper | Fetched page 50 for 07/13/2025
2025-09-08 07:47:46 | ERROR | scraper | Request exception on page 49 for 07/16/2025: 
2025-09-08 07:47:46 | ERROR | scraper | Request exception on page 50 for 07/16/2025: 
2025-09-08 07:47:46 | ERROR | scraper | Request exception on page 48 for 07/07/2025: 
2025-09-08 07:47:46 | ERROR | scraper | Request exception on page 47 for 07/07/2025: 
2025-09-08 07:47:46 | ERROR | scraper | Request exception on page 49 for 07/07/2025: 
2025-09-08 07:47:47 | INFO | scraper | Fetched page 49 for 07/06/2025
2025-09-08 07:47:47 | INFO | scraper | Fetched page 50 for 07/27/2025
2025-09-08 07:47:47 | ERROR | scraper | Request exception on page 47 for 07/17/2025: 
2025-09-08 07:47:47 | ERROR | scraper | Request exception on page 50 for 07/17/2025: 
2025-09-08 07:47:47 | INFO | scraper | Fetched page 54 for 07/09/2025
2025-09-08 07:47:48 | INFO | scraper | Fetched page 53 for 07/09/2025
2025-09-08 07:47:48 | INFO | scraper | Fetched page 47 for 07/06/2025
2025-09-08 07:47:49 | INFO | scraper | Fetched page 43 for 07/28/2025
2025-09-08 07:47:50 | ERROR | scraper | Timeout processing batch starting at page 41 for 07/10/2025
2025-09-08 07:47:51 | INFO | scraper | Fetched page 48 for 07/07/2025
2025-09-08 07:47:51 | ERROR | scraper | Request exception on page 46 for 07/08/2025: 
2025-09-08 07:47:51 | ERROR | scraper | Request exception on page 49 for 07/08/2025: 
2025-09-08 07:47:51 | ERROR | scraper | Request exception on page 48 for 07/08/2025: 
2025-09-08 07:47:51 | ERROR | scraper | Request exception on page 49 for 07/15/2025: 
2025-09-08 07:47:51 | ERROR | scraper | Request exception on page 50 for 07/15/2025: 
2025-09-08 07:47:51 | INFO | scraper | Fetched page 49 for 07/13/2025
2025-09-08 07:47:51 | ERROR | scraper | Request exception on page 47 for 07/15/2025: 
2025-09-08 07:47:51 | INFO | scraper | Fetched page 49 for 07/16/2025
2025-09-08 07:47:51 | ERROR | scraper | Request exception on page 48 for 07/14/2025: 
2025-09-08 07:47:51 | ERROR | scraper | Request exception on page 47 for 07/14/2025: 
2025-09-08 07:47:52 | INFO | scraper | Fetched page 47 for 07/07/2025
2025-09-08 07:47:52 | INFO | scraper | Fetched page 47 for 07/13/2025
2025-09-08 07:47:52 | INFO | scraper | Fetched page 50 for 07/16/2025
2025-09-08 07:47:53 | INFO | scraper | Fetched page 47 for 07/17/2025
2025-09-08 07:47:53 | INFO | scraper | Fetched page 50 for 07/17/2025
2025-09-08 07:47:54 | INFO | scraper | Fetched page 46 for 07/10/2025
2025-09-08 07:47:54 | INFO | scraper | Fetched page 46 for 07/08/2025
2025-09-08 07:47:54 | INFO | scraper | Fetched page 48 for 07/14/2025
2025-09-08 07:47:54 | ERROR | scraper | Request exception on page 48 for 07/23/2025: 
2025-09-08 07:47:54 | ERROR | scraper | Request exception on page 52 for 07/23/2025: 
2025-09-08 07:47:54 | ERROR | scraper | Request exception on page 49 for 07/23/2025: 
2025-09-08 07:47:54 | INFO | scraper | Fetched page 49 for 07/15/2025
2025-09-08 07:47:55 | INFO | scraper | Fetched page 49 for 07/08/2025
2025-09-08 07:47:56 | ERROR | scraper | Timeout processing batch starting at page 41 for 07/28/2025
2025-09-08 07:47:56 | INFO | scraper | Fetched page 47 for 07/14/2025
2025-09-08 07:47:56 | INFO | scraper | Fetched page 50 for 07/15/2025
2025-09-08 07:47:57 | INFO | scraper | Fetched page 49 for 07/07/2025
2025-09-08 07:47:57 | ERROR | scraper | Timeout processing batch starting at page 41 for 07/21/2025
2025-09-08 07:47:58 | INFO | scraper | Fetched page 46 for 07/13/2025
2025-09-08 07:47:58 | ERROR | scraper | Timeout processing batch starting at page 46 for 07/27/2025
2025-09-08 07:47:59 | INFO | scraper | Fetched page 47 for 07/15/2025
2025-09-08 07:47:59 | INFO | scraper | Fetched page 50 for 07/10/2025
2025-09-08 07:47:59 | INFO | scraper | Fetched page 48 for 07/23/2025
2025-09-08 07:48:00 | ERROR | scraper | Request exception on page 43 for 07/29/2025: 
2025-09-08 07:48:00 | ERROR | scraper | Request exception on page 42 for 07/29/2025: 
2025-09-08 07:48:00 | ERROR | scraper | Request exception on page 41 for 07/29/2025: 
2025-09-08 07:48:00 | INFO | scraper | Fetched page 47 for 07/10/2025
2025-09-08 07:48:01 | INFO | scraper | Fetched page 52 for 07/23/2025
2025-09-08 07:48:02 | INFO | scraper | Fetched page 49 for 07/10/2025
2025-09-08 07:48:02 | INFO | scraper | Fetched page 47 for 07/28/2025
2025-09-08 07:48:02 | INFO | scraper | Fetched page 48 for 07/10/2025
2025-09-08 07:48:03 | INFO | scraper | Fetched page 46 for 07/21/2025
2025-09-08 07:48:04 | INFO | scraper | Fetched page 48 for 07/08/2025
2025-09-08 07:48:04 | INFO | scraper | Fetched page 48 for 07/28/2025
2025-09-08 07:48:04 | INFO | scraper | Fetched page 50 for 07/21/2025
2025-09-08 07:48:05 | INFO | scraper | Fetched page 42 for 07/29/2025
2025-09-08 07:48:05 | INFO | scraper | Fetched page 51 for 07/27/2025
2025-09-08 07:48:06 | INFO | scraper | Fetched page 50 for 07/28/2025
2025-09-08 07:48:07 | INFO | scraper | Fetched page 43 for 07/29/2025
2025-09-08 07:48:07 | INFO | scraper | Fetched page 48 for 07/21/2025
2025-09-08 07:48:08 | INFO | scraper | Fetched page 49 for 07/21/2025
2025-09-08 07:48:09 | INFO | scraper | Fetched page 41 for 07/29/2025
2025-09-08 07:48:09 | INFO | scraper | Fetched page 49 for 07/28/2025
2025-09-08 07:48:09 | INFO | scraper | Fetched page 49 for 07/23/2025
2025-09-08 07:48:11 | ERROR | scraper | Timeout processing batch starting at page 46 for 07/13/2025
2025-09-08 07:48:11 | ERROR | scraper | Timeout processing batch starting at page 50 for 07/09/2025
2025-09-08 07:48:12 | INFO | scraper | Fetched page 46 for 07/28/2025
2025-09-08 07:48:12 | INFO | scraper | Fetched page 47 for 07/21/2025
2025-09-08 07:48:13 | ERROR | scraper | Timeout processing batch starting at page 46 for 07/06/2025
2025-09-08 07:48:15 | INFO | scraper | Fetched page 55 for 07/09/2025
2025-09-08 07:48:16 | ERROR | scraper | Timeout processing batch starting at page 46 for 07/16/2025
2025-09-08 07:48:16 | ERROR | scraper | Timeout processing batch starting at page 46 for 07/07/2025
2025-09-08 07:48:16 | INFO | scraper | Fetched page 56 for 07/09/2025
2025-09-08 07:48:17 | ERROR | scraper | Timeout processing batch starting at page 46 for 07/17/2025
2025-09-08 07:48:17 | INFO | scraper | Fetched page 55 for 07/27/2025
2025-09-08 07:48:17 | INFO | scraper | Fetched page 51 for 07/06/2025
2025-09-08 07:48:17 | INFO | scraper | Fetched page 52 for 07/13/2025
2025-09-08 07:48:17 | INFO | scraper | Fetched page 58 for 07/09/2025
2025-09-08 07:48:18 | INFO | scraper | Fetched page 57 for 07/09/2025
2025-09-08 07:48:18 | INFO | scraper | Fetched page 52 for 07/06/2025
2025-09-08 07:48:19 | INFO | scraper | Fetched page 52 for 07/27/2025
2025-09-08 07:48:19 | INFO | scraper | Fetched page 51 for 07/13/2025
2025-09-08 07:48:20 | INFO | scraper | Fetched page 54 for 07/06/2025
2025-09-08 07:48:20 | INFO | scraper | Fetched page 59 for 07/09/2025
2025-09-08 07:48:20 | INFO | scraper | Fetched page 55 for 07/06/2025
2025-09-08 07:48:20 | INFO | scraper | Fetched page 51 for 07/16/2025
2025-09-08 07:48:20 | INFO | scraper | Fetched page 51 for 07/07/2025
2025-09-08 07:48:20 | ERROR | scraper | Timeout processing batch starting at page 46 for 07/15/2025
2025-09-08 07:48:20 | INFO | scraper | Fetched page 54 for 07/13/2025
2025-09-08 07:48:21 | INFO | scraper | Fetched page 53 for 07/07/2025
2025-09-08 07:48:21 | ERROR | scraper | Timeout processing batch starting at page 46 for 07/14/2025
2025-09-08 07:48:21 | ERROR | scraper | Timeout processing batch starting at page 46 for 07/08/2025
2025-09-08 07:48:21 | INFO | scraper | Fetched page 52 for 07/16/2025
2025-09-08 07:48:21 | INFO | scraper | Fetched page 55 for 07/13/2025
2025-09-08 07:48:21 | INFO | scraper | Fetched page 53 for 07/27/2025
2025-09-08 07:48:22 | INFO | scraper | Fetched page 52 for 07/07/2025
2025-09-08 07:48:22 | INFO | scraper | Fetched page 53 for 07/06/2025
2025-09-08 07:48:22 | ERROR | scraper | Request exception on page 49 for 07/10/2025: 
2025-09-08 07:48:22 | ERROR | scraper | Request exception on page 47 for 07/10/2025: 
2025-09-08 07:48:22 | INFO | scraper | Fetched page 52 for 07/17/2025
2025-09-08 07:48:22 | INFO | scraper | Fetched page 55 for 07/07/2025
2025-09-08 07:48:22 | INFO | scraper | Fetched page 53 for 07/13/2025
2025-09-08 07:48:23 | ERROR | scraper | Timeout processing batch starting at page 48 for 07/23/2025
2025-09-08 07:48:23 | INFO | scraper | Fetched page 54 for 07/27/2025
2025-09-08 07:48:23 | INFO | scraper | Fetched page 51 for 07/17/2025
2025-09-08 07:48:23 | INFO | scraper | Fetched page 54 for 07/07/2025
2025-09-08 07:48:25 | INFO | scraper | Fetched page 51 for 07/15/2025
2025-09-08 07:48:25 | INFO | scraper | Fetched page 52 for 07/15/2025
2025-09-08 07:48:25 | INFO | scraper | Fetched page 51 for 07/08/2025
2025-09-08 07:48:25 | INFO | scraper | Fetched page 49 for 07/10/2025
2025-09-08 07:48:26 | INFO | scraper | Fetched page 53 for 07/08/2025
2025-09-08 07:48:26 | INFO | scraper | Fetched page 51 for 07/14/2025
2025-09-08 07:48:27 | INFO | scraper | Fetched page 52 for 07/08/2025
2025-09-08 07:48:27 | INFO | scraper | Fetched page 54 for 07/15/2025
2025-09-08 07:48:27 | INFO | scraper | Fetched page 47 for 07/10/2025
2025-09-08 07:48:28 | INFO | scraper | Fetched page 52 for 07/14/2025
2025-09-08 07:48:28 | INFO | scraper | Fetched page 53 for 07/15/2025
2025-09-08 07:48:29 | INFO | scraper | Fetched page 53 for 07/23/2025
2025-09-08 07:48:29 | ERROR | scraper | Request exception on page 47 for 07/28/2025: 
2025-09-08 07:48:29 | ERROR | scraper | Request exception on page 46 for 07/28/2025: 
2025-09-08 07:48:29 | ERROR | scraper | Timeout processing batch starting at page 41 for 07/29/2025
2025-09-08 07:48:30 | INFO | scraper | Fetched page 54 for 07/14/2025
2025-09-08 07:48:30 | ERROR | scraper | Request exception on page 49 for 07/21/2025: 
2025-09-08 07:48:30 | ERROR | scraper | Request exception on page 47 for 07/21/2025: 
2025-09-08 07:48:30 | INFO | scraper | Fetched page 53 for 07/14/2025
2025-09-08 07:48:30 | INFO | scraper | Fetched page 55 for 07/08/2025
2025-09-08 07:48:30 | INFO | scraper | Fetched page 54 for 07/08/2025
2025-09-08 07:48:31 | ERROR | scraper | Request exception on page 53 for 07/27/2025: 
2025-09-08 07:48:31 | ERROR | scraper | Request exception on page 52 for 07/27/2025: 
2025-09-08 07:48:31 | ERROR | scraper | Request exception on page 55 for 07/27/2025: 
2025-09-08 07:48:31 | ERROR | scraper | Request exception on page 54 for 07/27/2025: 
2025-09-08 07:48:32 | INFO | scraper | Fetched page 54 for 07/23/2025
2025-09-08 07:48:32 | INFO | scraper | Fetched page 55 for 07/15/2025
2025-09-08 07:48:33 | INFO | scraper | Fetched page 47 for 07/28/2025
2025-09-08 07:48:34 | INFO | scraper | Fetched page 47 for 07/21/2025
2025-09-08 07:48:36 | INFO | scraper | Fetched page 46 for 07/29/2025
2025-09-08 07:48:37 | INFO | scraper | Fetched page 49 for 07/21/2025
2025-09-08 07:48:37 | INFO | scraper | Fetched page 53 for 07/16/2025
2025-09-08 07:48:37 | INFO | scraper | Fetched page 54 for 07/16/2025
2025-09-08 07:48:37 | INFO | scraper | Fetched page 46 for 07/28/2025
2025-09-08 07:48:37 | INFO | scraper | Fetched page 53 for 07/27/2025
2025-09-08 07:48:38 | INFO | scraper | Fetched page 47 for 07/29/2025
2025-09-08 07:48:38 | INFO | scraper | Fetched page 48 for 07/29/2025
2025-09-08 07:48:40 | INFO | scraper | Fetched page 49 for 07/29/2025
2025-09-08 07:48:40 | INFO | scraper | Fetched page 55 for 07/14/2025
2025-09-08 07:48:40 | INFO | scraper | Fetched page 55 for 07/16/2025
2025-09-08 07:48:41 | INFO | scraper | Fetched page 52 for 07/27/2025
2025-09-08 07:48:42 | INFO | scraper | Fetched page 50 for 07/29/2025
2025-09-08 07:48:42 | INFO | scraper | Fetched page 56 for 07/23/2025
2025-09-08 07:48:42 | INFO | scraper | Fetched page 57 for 07/23/2025
2025-09-08 07:48:42 | INFO | scraper | Fetched page 55 for 07/27/2025
2025-09-08 07:48:43 | ERROR | scraper | Request exception on page 53 for 07/13/2025: 
2025-09-08 07:48:43 | ERROR | scraper | Request exception on page 55 for 07/13/2025: 
2025-09-08 07:48:43 | ERROR | scraper | Request exception on page 51 for 07/13/2025: 
2025-09-08 07:48:43 | INFO | scraper | Fetched page 54 for 07/27/2025
2025-09-08 07:48:44 | ERROR | scraper | Request exception on page 56 for 07/09/2025: 
2025-09-08 07:48:44 | ERROR | scraper | Request exception on page 58 for 07/09/2025: 
2025-09-08 07:48:45 | ERROR | scraper | Request exception on page 53 for 07/06/2025: 
2025-09-08 07:48:45 | ERROR | scraper | Request exception on page 54 for 07/06/2025: 
2025-09-08 07:48:47 | INFO | scraper | Fetched page 53 for 07/13/2025
2025-09-08 07:48:48 | ERROR | scraper | Request exception on page 53 for 07/07/2025: 
2025-09-08 07:48:48 | ERROR | scraper | Request exception on page 54 for 07/07/2025: 
2025-09-08 07:48:48 | ERROR | scraper | Request exception on page 54 for 07/16/2025: 
2025-09-08 07:48:48 | ERROR | scraper | Request exception on page 53 for 07/16/2025: 
2025-09-08 07:48:48 | ERROR | scraper | Request exception on page 55 for 07/16/2025: 
2025-09-08 07:48:48 | INFO | scraper | Fetched page 56 for 07/09/2025
2025-09-08 07:48:48 | INFO | scraper | Fetched page 55 for 07/13/2025
2025-09-08 07:48:49 | INFO | scraper | Fetched page 58 for 07/09/2025
2025-09-08 07:48:49 | ERROR | scraper | Request exception on page 52 for 07/17/2025: 
2025-09-08 07:48:49 | ERROR | scraper | Request exception on page 54 for 07/17/2025: 
2025-09-08 07:48:49 | ERROR | scraper | Request exception on page 53 for 07/17/2025: 
2025-09-08 07:48:49 | ERROR | scraper | Request exception on page 55 for 07/17/2025: 
2025-09-08 07:48:50 | INFO | scraper | Fetched page 53 for 07/06/2025
2025-09-08 07:48:50 | INFO | scraper | Fetched page 54 for 07/06/2025
2025-09-08 07:48:52 | INFO | scraper | Fetched page 54 for 07/16/2025
2025-09-08 07:48:52 | INFO | scraper | Fetched page 54 for 07/07/2025
2025-09-08 07:48:52 | INFO | scraper | Fetched page 53 for 07/07/2025
2025-09-08 07:48:52 | ERROR | scraper | Timeout processing batch starting at page 46 for 07/10/2025
2025-09-08 07:48:53 | INFO | scraper | Fetched page 53 for 07/16/2025
2025-09-08 07:48:53 | INFO | scraper | Fetched page 52 for 07/17/2025
2025-09-08 07:48:53 | ERROR | scraper | Request exception on page 53 for 07/15/2025: 
2025-09-08 07:48:53 | ERROR | scraper | Request exception on page 54 for 07/15/2025: 
2025-09-08 07:48:53 | ERROR | scraper | Request exception on page 53 for 07/08/2025: 
2025-09-08 07:48:53 | ERROR | scraper | Request exception on page 55 for 07/15/2025: 
2025-09-08 07:48:53 | ERROR | scraper | Request exception on page 54 for 07/08/2025: 
2025-09-08 07:48:54 | ERROR | scraper | Request exception on page 53 for 07/14/2025: 
2025-09-08 07:48:54 | ERROR | scraper | Request exception on page 54 for 07/14/2025: 
2025-09-08 07:48:54 | ERROR | scraper | Request exception on page 52 for 07/14/2025: 
2025-09-08 07:48:54 | ERROR | scraper | Request exception on page 55 for 07/08/2025: 
2025-09-08 07:48:56 | ERROR | scraper | Request exception on page 57 for 07/23/2025: 
2025-09-08 07:48:56 | ERROR | scraper | Request exception on page 55 for 07/23/2025: 
2025-09-08 07:48:56 | INFO | scraper | Fetched page 53 for 07/15/2025
2025-09-08 07:48:56 | INFO | scraper | Fetched page 51 for 07/10/2025
2025-09-08 07:48:56 | INFO | scraper | Fetched page 53 for 07/08/2025
2025-09-08 07:48:57 | INFO | scraper | Fetched page 54 for 07/15/2025
2025-09-08 07:48:57 | INFO | scraper | Fetched page 53 for 07/14/2025
2025-09-08 07:48:57 | INFO | scraper | Fetched page 55 for 07/16/2025
2025-09-08 07:48:57 | INFO | scraper | Fetched page 54 for 07/08/2025
2025-09-08 07:48:58 | INFO | scraper | Fetched page 54 for 07/14/2025
2025-09-08 07:48:58 | INFO | scraper | Fetched page 55 for 07/15/2025
2025-09-08 07:48:58 | ERROR | scraper | Timeout processing batch starting at page 46 for 07/28/2025
2025-09-08 07:48:59 | INFO | scraper | Fetched page 51 for 07/13/2025
2025-09-08 07:48:59 | INFO | scraper | Fetched page 54 for 07/10/2025
2025-09-08 07:48:59 | INFO | scraper | Fetched page 52 for 07/14/2025
2025-09-08 07:48:59 | ERROR | scraper | Timeout processing batch starting at page 46 for 07/21/2025
2025-09-08 07:49:00 | ERROR | scraper | Timeout processing batch starting at page 51 for 07/27/2025
2025-09-08 07:49:01 | INFO | scraper | Fetched page 57 for 07/23/2025
2025-09-08 07:49:01 | INFO | scraper | Fetched page 55 for 07/10/2025
2025-09-08 07:49:02 | ERROR | scraper | Request exception on page 50 for 07/29/2025: 
2025-09-08 07:49:02 | INFO | scraper | Fetched page 55 for 07/23/2025
2025-09-08 07:49:03 | INFO | scraper | Fetched page 53 for 07/10/2025
2025-09-08 07:49:03 | INFO | scraper | Fetched page 52 for 07/10/2025
2025-09-08 07:49:04 | INFO | scraper | Fetched page 51 for 07/28/2025
2025-09-08 07:49:04 | INFO | scraper | Fetched page 51 for 07/21/2025
2025-09-08 07:49:07 | INFO | scraper | Fetched page 50 for 07/29/2025
2025-09-08 07:49:07 | INFO | scraper | Fetched page 52 for 07/21/2025
2025-09-08 07:49:07 | INFO | scraper | Fetched page 56 for 07/27/2025
2025-09-08 07:49:07 | INFO | scraper | Fetched page 55 for 07/28/2025
2025-09-08 07:49:09 | INFO | scraper | Fetched page 57 for 07/27/2025
2025-09-08 07:49:10 | INFO | scraper | Fetched page 52 for 07/28/2025
2025-09-08 07:49:10 | INFO | scraper | Fetched page 54 for 07/28/2025
2025-09-08 07:49:10 | INFO | scraper | Fetched page 58 for 07/27/2025
2025-09-08 07:49:11 | INFO | scraper | Fetched page 53 for 07/28/2025
2025-09-08 07:49:13 | ERROR | scraper | Timeout processing batch starting at page 51 for 07/13/2025
2025-09-08 07:49:13 | ERROR | scraper | Timeout processing batch starting at page 55 for 07/09/2025
2025-09-08 07:49:15 | ERROR | scraper | Timeout processing batch starting at page 51 for 07/06/2025
2025-09-08 07:49:18 | ERROR | scraper | Timeout processing batch starting at page 51 for 07/16/2025
2025-09-08 07:49:18 | ERROR | scraper | Timeout processing batch starting at page 51 for 07/07/2025
2025-09-08 07:49:18 | INFO | scraper | Fetched page 56 for 07/13/2025
2025-09-08 07:49:18 | INFO | scraper | Fetched page 61 for 07/09/2025
2025-09-08 07:49:18 | INFO | scraper | Fetched page 60 for 07/09/2025
2025-09-08 07:49:18 | INFO | scraper | Fetched page 56 for 07/06/2025
2025-09-08 07:49:19 | ERROR | scraper | Timeout processing batch starting at page 51 for 07/17/2025
2025-09-08 07:49:20 | INFO | scraper | Fetched page 57 for 07/13/2025
2025-09-08 07:49:21 | INFO | scraper | Fetched page 56 for 07/07/2025
2025-09-08 07:49:22 | INFO | scraper | Fetched page 57 for 07/07/2025
2025-09-08 07:49:22 | ERROR | scraper | Timeout processing batch starting at page 51 for 07/15/2025
2025-09-08 07:49:22 | INFO | scraper | Fetched page 56 for 07/16/2025
2025-09-08 07:49:23 | ERROR | scraper | Timeout processing batch starting at page 51 for 07/08/2025
2025-09-08 07:49:23 | INFO | scraper | Fetched page 57 for 07/16/2025
2025-09-08 07:49:24 | ERROR | scraper | Timeout processing batch starting at page 51 for 07/14/2025
2025-09-08 07:49:24 | ERROR | scraper | Request exception on page 53 for 07/10/2025: 
2025-09-08 07:49:24 | ERROR | scraper | Request exception on page 51 for 07/10/2025: 
2025-09-08 07:49:24 | INFO | scraper | Fetched page 59 for 07/13/2025
2025-09-08 07:49:25 | INFO | scraper | Fetched page 60 for 07/16/2025
2025-09-08 07:49:25 | ERROR | scraper | Timeout processing batch starting at page 53 for 07/23/2025
2025-09-08 07:49:25 | INFO | scraper | Fetched page 58 for 07/13/2025
2025-09-08 07:49:26 | INFO | scraper | Fetched page 56 for 07/15/2025
2025-09-08 07:49:26 | INFO | scraper | Fetched page 60 for 07/13/2025
2025-09-08 07:49:26 | INFO | scraper | Fetched page 58 for 07/16/2025
2025-09-08 07:49:27 | INFO | scraper | Fetched page 59 for 07/16/2025
2025-09-08 07:49:27 | INFO | scraper | Fetched page 56 for 07/08/2025
2025-09-08 07:49:27 | INFO | scraper | Fetched page 57 for 07/15/2025
2025-09-08 07:49:27 | INFO | scraper | Fetched page 51 for 07/10/2025
2025-09-08 07:49:28 | INFO | scraper | Fetched page 53 for 07/10/2025
2025-09-08 07:49:28 | INFO | scraper | Fetched page 56 for 07/14/2025
2025-09-08 07:49:29 | INFO | scraper | Fetched page 58 for 07/14/2025
2025-09-08 07:49:29 | INFO | scraper | Fetched page 57 for 07/14/2025
2025-09-08 07:49:29 | INFO | scraper | Fetched page 58 for 07/06/2025
2025-09-08 07:49:29 | INFO | scraper | Fetched page 60 for 07/06/2025
2025-09-08 07:49:29 | INFO | scraper | Fetched page 60 for 07/07/2025
2025-09-08 07:49:29 | INFO | scraper | Fetched page 57 for 07/06/2025
2025-09-08 07:49:30 | INFO | scraper | Fetched page 58 for 07/23/2025
2025-09-08 07:49:30 | INFO | scraper | Fetched page 60 for 07/14/2025
2025-09-08 07:49:30 | INFO | scraper | Fetched page 59 for 07/07/2025
2025-09-08 07:49:31 | ERROR | scraper | Request exception on page 53 for 07/28/2025: 
2025-09-08 07:49:31 | ERROR | scraper | Request exception on page 52 for 07/28/2025: 
2025-09-08 07:49:31 | INFO | scraper | Fetched page 59 for 07/06/2025
2025-09-08 07:49:31 | INFO | scraper | Fetched page 59 for 07/23/2025
2025-09-08 07:49:31 | ERROR | scraper | Timeout processing batch starting at page 46 for 07/29/2025
2025-09-08 07:49:32 | INFO | scraper | Fetched page 62 for 07/23/2025
2025-09-08 07:49:32 | ERROR | scraper | Request exception on page 54 for 07/21/2025: 
2025-09-08 07:49:32 | ERROR | scraper | Request exception on page 55 for 07/21/2025: 
2025-09-08 07:49:32 | ERROR | scraper | Request exception on page 53 for 07/21/2025: 
2025-09-08 07:49:32 | INFO | scraper | Fetched page 58 for 07/17/2025
2025-09-08 07:49:32 | INFO | scraper | Fetched page 59 for 07/17/2025
2025-09-08 07:49:33 | INFO | scraper | Fetched page 60 for 07/17/2025
2025-09-08 07:49:33 | ERROR | scraper | Request exception on page 59 for 07/27/2025: 
2025-09-08 07:49:33 | ERROR | scraper | Request exception on page 60 for 07/27/2025: 
2025-09-08 07:49:33 | INFO | scraper | Fetched page 57 for 07/17/2025
2025-09-08 07:49:34 | INFO | scraper | Fetched page 61 for 07/23/2025
2025-09-08 07:49:34 | INFO | scraper | Fetched page 56 for 07/17/2025
2025-09-08 07:49:35 | INFO | scraper | Fetched page 53 for 07/28/2025
2025-09-08 07:49:35 | INFO | scraper | Fetched page 54 for 07/21/2025
2025-09-08 07:49:36 | INFO | scraper | Fetched page 63 for 07/09/2025
2025-09-08 07:49:36 | INFO | scraper | Fetched page 60 for 07/23/2025
2025-09-08 07:49:37 | INFO | scraper | Fetched page 51 for 07/29/2025
2025-09-08 07:49:37 | INFO | scraper | Fetched page 59 for 07/27/2025
2025-09-08 07:49:38 | INFO | scraper | Fetched page 52 for 07/28/2025
2025-09-08 07:49:38 | INFO | scraper | Fetched page 55 for 07/21/2025
2025-09-08 07:49:38 | INFO | scraper | Fetched page 58 for 07/07/2025
2025-09-08 07:49:39 | INFO | scraper | Fetched page 54 for 07/29/2025
2025-09-08 07:49:39 | INFO | scraper | Fetched page 62 for 07/09/2025
2025-09-08 07:49:40 | INFO | scraper | Fetched page 59 for 07/14/2025
2025-09-08 07:49:40 | INFO | scraper | Fetched page 59 for 07/15/2025
2025-09-08 07:49:41 | INFO | scraper | Fetched page 60 for 07/27/2025
2025-09-08 07:49:41 | INFO | scraper | Fetched page 60 for 07/15/2025
2025-09-08 07:49:42 | INFO | scraper | Fetched page 55 for 07/29/2025
2025-09-08 07:49:43 | INFO | scraper | Fetched page 52 for 07/29/2025
2025-09-08 07:49:44 | INFO | scraper | Fetched page 53 for 07/29/2025
2025-09-08 07:49:44 | INFO | scraper | Fetched page 58 for 07/15/2025
2025-09-08 07:49:45 | ERROR | scraper | Request exception on page 57 for 07/13/2025: 
2025-09-08 07:49:45 | ERROR | scraper | Request exception on page 56 for 07/13/2025: 
2025-09-08 07:49:45 | ERROR | scraper | Request exception on page 60 for 07/13/2025: 
2025-09-08 07:49:45 | INFO | scraper | Fetched page 64 for 07/09/2025
2025-09-08 07:49:46 | ERROR | scraper | Request exception on page 63 for 07/09/2025: 
2025-09-08 07:49:46 | ERROR | scraper | Request exception on page 64 for 07/09/2025: 
2025-09-08 07:49:46 | ERROR | scraper | Request exception on page 62 for 07/09/2025: 
2025-09-08 07:49:47 | ERROR | scraper | Request exception on page 59 for 07/06/2025: 
2025-09-08 07:49:47 | ERROR | scraper | Request exception on page 58 for 07/06/2025: 
2025-09-08 07:49:47 | ERROR | scraper | Request exception on page 60 for 07/06/2025: 
2025-09-08 07:49:47 | ERROR | scraper | Request exception on page 57 for 07/06/2025: 
2025-09-08 07:49:47 | ERROR | scraper | Request exception on page 56 for 07/06/2025: 
2025-09-08 07:49:48 | INFO | scraper | Fetched page 56 for 07/13/2025
2025-09-08 07:49:49 | INFO | scraper | Fetched page 63 for 07/09/2025
2025-09-08 07:49:49 | INFO | scraper | Fetched page 57 for 07/13/2025
2025-09-08 07:49:50 | INFO | scraper | Fetched page 64 for 07/09/2025
2025-09-08 07:49:50 | ERROR | scraper | Request exception on page 58 for 07/07/2025: 
2025-09-08 07:49:50 | ERROR | scraper | Request exception on page 57 for 07/07/2025: 
2025-09-08 07:49:50 | ERROR | scraper | Request exception on page 60 for 07/07/2025: 
2025-09-08 07:49:50 | ERROR | scraper | Request exception on page 56 for 07/16/2025: 
2025-09-08 07:49:51 | ERROR | scraper | Request exception on page 59 for 07/17/2025: 
2025-09-08 07:49:51 | ERROR | scraper | Request exception on page 60 for 07/17/2025: 
2025-09-08 07:49:51 | ERROR | scraper | Request exception on page 56 for 07/17/2025: 
2025-09-08 07:49:51 | ERROR | scraper | Request exception on page 57 for 07/17/2025: 
2025-09-08 07:49:52 | INFO | scraper | Fetched page 60 for 07/06/2025
2025-09-08 07:49:53 | INFO | scraper | Fetched page 58 for 07/07/2025
2025-09-08 07:49:54 | INFO | scraper | Fetched page 57 for 07/07/2025
2025-09-08 07:49:54 | INFO | scraper | Fetched page 56 for 07/16/2025
2025-09-08 07:49:54 | ERROR | scraper | Timeout processing batch starting at page 51 for 07/10/2025
2025-09-08 07:49:54 | INFO | scraper | Fetched page 57 for 07/06/2025
2025-09-08 07:49:54 | INFO | scraper | Fetched page 56 for 07/06/2025
2025-09-08 07:49:54 | INFO | scraper | Fetched page 60 for 07/13/2025
2025-09-08 07:49:55 | ERROR | scraper | Request exception on page 58 for 07/15/2025: 
2025-09-08 07:49:55 | ERROR | scraper | Request exception on page 59 for 07/15/2025: 
2025-09-08 07:49:55 | ERROR | scraper | Request exception on page 60 for 07/15/2025: 
2025-09-08 07:49:55 | INFO | scraper | Fetched page 59 for 07/17/2025
2025-09-08 07:49:56 | ERROR | scraper | Request exception on page 58 for 07/14/2025: 
2025-09-08 07:49:56 | ERROR | scraper | Request exception on page 57 for 07/14/2025: 
2025-09-08 07:49:56 | ERROR | scraper | Request exception on page 58 for 07/08/2025: 
2025-09-08 07:49:56 | ERROR | scraper | Request exception on page 57 for 07/08/2025: 
2025-09-08 07:49:56 | ERROR | scraper | Request exception on page 60 for 07/08/2025: 
2025-09-08 07:49:56 | ERROR | scraper | Request exception on page 59 for 07/08/2025: 
2025-09-08 07:49:56 | ERROR | scraper | Request exception on page 59 for 07/14/2025: 
2025-09-08 07:49:56 | ERROR | scraper | Request exception on page 60 for 07/14/2025: 
2025-09-08 07:49:56 | INFO | scraper | Fetched page 58 for 07/06/2025
2025-09-08 07:49:57 | INFO | scraper | Fetched page 59 for 07/06/2025
2025-09-08 07:49:58 | ERROR | scraper | Request exception on page 61 for 07/23/2025: 
2025-09-08 07:49:58 | ERROR | scraper | Request exception on page 60 for 07/23/2025: 
2025-09-08 07:49:59 | INFO | scraper | Fetched page 58 for 07/15/2025
2025-09-08 07:49:59 | INFO | scraper | Fetched page 59 for 07/15/2025
2025-09-08 07:49:59 | INFO | scraper | Fetched page 58 for 07/14/2025
2025-09-08 07:49:59 | INFO | scraper | Fetched page 58 for 07/08/2025
2025-09-08 07:50:00 | INFO | scraper | Fetched page 59 for 07/14/2025
2025-09-08 07:50:00 | ERROR | scraper | Timeout processing batch starting at page 51 for 07/28/2025
2025-09-08 07:50:01 | ERROR | scraper | Timeout processing batch starting at page 51 for 07/21/2025
2025-09-08 07:50:02 | INFO | scraper | Fetched page 61 for 07/23/2025
2025-09-08 07:50:02 | ERROR | scraper | Timeout processing batch starting at page 56 for 07/27/2025
2025-09-08 07:50:02 | INFO | scraper | Fetched page 60 for 07/14/2025
2025-09-08 07:50:03 | INFO | scraper | Fetched page 57 for 07/14/2025
2025-09-08 07:50:04 | ERROR | scraper | Request exception on page 54 for 07/29/2025: 
2025-09-08 07:50:04 | INFO | scraper | Fetched page 60 for 07/23/2025
2025-09-08 07:50:06 | INFO | scraper | Fetched page 56 for 07/28/2025
2025-09-08 07:50:07 | INFO | scraper | Fetched page 56 for 07/21/2025
2025-09-08 07:50:07 | INFO | scraper | Fetched page 57 for 07/10/2025
2025-09-08 07:50:07 | INFO | scraper | Fetched page 56 for 07/10/2025
2025-09-08 07:50:08 | INFO | scraper | Fetched page 61 for 07/27/2025
2025-09-08 07:50:08 | INFO | scraper | Fetched page 57 for 07/21/2025
2025-09-08 07:50:08 | INFO | scraper | Fetched page 57 for 07/28/2025
2025-09-08 07:50:09 | INFO | scraper | Fetched page 54 for 07/29/2025
2025-09-08 07:50:09 | INFO | scraper | Fetched page 58 for 07/10/2025
2025-09-08 07:50:10 | INFO | scraper | Fetched page 60 for 07/10/2025
2025-09-08 07:50:11 | INFO | scraper | Fetched page 62 for 07/27/2025
2025-09-08 07:50:11 | INFO | scraper | Fetched page 58 for 07/28/2025
2025-09-08 07:50:12 | INFO | scraper | Fetched page 59 for 07/10/2025
2025-09-08 07:50:13 | INFO | scraper | Fetched page 60 for 07/28/2025
2025-09-08 07:50:15 | ERROR | scraper | Timeout processing batch starting at page 56 for 07/13/2025
2025-09-08 07:50:15 | ERROR | scraper | Timeout processing batch starting at page 60 for 07/09/2025
2025-09-08 07:50:15 | INFO | scraper | Fetched page 59 for 07/28/2025
2025-09-08 07:50:17 | ERROR | scraper | Timeout processing batch starting at page 56 for 07/06/2025
2025-09-08 07:50:19 | INFO | scraper | Fetched page 62 for 07/13/2025
2025-09-08 07:50:20 | ERROR | scraper | Timeout processing batch starting at page 56 for 07/16/2025
2025-09-08 07:50:20 | ERROR | scraper | Timeout processing batch starting at page 56 for 07/07/2025
2025-09-08 07:50:20 | INFO | scraper | Fetched page 65 for 07/09/2025
2025-09-08 07:50:21 | ERROR | scraper | Timeout processing batch starting at page 56 for 07/17/2025
2025-09-08 07:50:21 | INFO | scraper | Fetched page 61 for 07/13/2025
2025-09-08 07:50:21 | INFO | scraper | Fetched page 61 for 07/06/2025
2025-09-08 07:50:22 | INFO | scraper | Fetched page 63 for 07/13/2025
2025-09-08 07:50:23 | INFO | scraper | Fetched page 62 for 07/06/2025
2025-09-08 07:50:23 | INFO | scraper | Fetched page 64 for 07/13/2025
2025-09-08 07:50:24 | INFO | scraper | Fetched page 64 for 07/06/2025
2025-09-08 07:50:24 | INFO | scraper | Fetched page 62 for 07/07/2025
2025-09-08 07:50:24 | ERROR | scraper | Timeout processing batch starting at page 56 for 07/15/2025
2025-09-08 07:50:24 | INFO | scraper | Fetched page 61 for 07/07/2025
2025-09-08 07:50:25 | INFO | scraper | Fetched page 61 for 07/16/2025
2025-09-08 07:50:25 | INFO | scraper | Fetched page 63 for 07/06/2025
2025-09-08 07:50:25 | ERROR | scraper | Timeout processing batch starting at page 56 for 07/08/2025
2025-09-08 07:50:25 | INFO | scraper | Fetched page 61 for 07/17/2025
2025-09-08 07:50:26 | ERROR | scraper | Timeout processing batch starting at page 56 for 07/14/2025
2025-09-08 07:50:26 | ERROR | scraper | Request exception on page 59 for 07/10/2025: 
2025-09-08 07:50:26 | ERROR | scraper | Request exception on page 58 for 07/10/2025: 
2025-09-08 07:50:26 | ERROR | scraper | Request exception on page 60 for 07/10/2025: 
2025-09-08 07:50:27 | INFO | scraper | Fetched page 65 for 07/06/2025
2025-09-08 07:50:27 | ERROR | scraper | Timeout processing batch starting at page 58 for 07/23/2025
2025-09-08 07:50:27 | INFO | scraper | Fetched page 65 for 07/13/2025
2025-09-08 07:50:29 | INFO | scraper | Fetched page 61 for 07/08/2025
2025-09-08 07:50:30 | INFO | scraper | Fetched page 58 for 07/10/2025
2025-09-08 07:50:30 | INFO | scraper | Fetched page 61 for 07/14/2025
2025-09-08 07:50:31 | INFO | scraper | Fetched page 62 for 07/14/2025
2025-09-08 07:50:31 | INFO | scraper | Fetched page 59 for 07/10/2025
2025-09-08 07:50:32 | INFO | scraper | Fetched page 63 for 07/23/2025
2025-09-08 07:50:33 | INFO | scraper | Fetched page 62 for 07/17/2025
2025-09-08 07:50:33 | ERROR | scraper | Timeout processing batch starting at page 51 for 07/29/2025
2025-09-08 07:50:34 | ERROR | scraper | Request exception on page 60 for 07/21/2025: 
2025-09-08 07:50:34 | ERROR | scraper | Request exception on page 59 for 07/21/2025: 
2025-09-08 07:50:34 | ERROR | scraper | Request exception on page 58 for 07/21/2025: 
2025-09-08 07:50:34 | INFO | scraper | Fetched page 60 for 07/10/2025
2025-09-08 07:50:35 | INFO | scraper | Fetched page 65 for 07/23/2025
2025-09-08 07:50:35 | ERROR | scraper | Request exception on page 63 for 07/27/2025: 
2025-09-08 07:50:35 | ERROR | scraper | Request exception on page 64 for 07/27/2025: 
2025-09-08 07:50:35 | ERROR | scraper | Request exception on page 65 for 07/27/2025: 
2025-09-08 07:50:35 | ERROR | scraper | Request exception on page 62 for 07/27/2025: 
2025-09-08 07:50:37 | INFO | scraper | Fetched page 63 for 07/17/2025
2025-09-08 07:50:37 | INFO | scraper | Fetched page 67 for 07/23/2025
2025-09-08 07:50:37 | INFO | scraper | Fetched page 64 for 07/17/2025
2025-09-08 07:50:38 | INFO | scraper | Fetched page 60 for 07/21/2025
2025-09-08 07:50:39 | INFO | scraper | Fetched page 56 for 07/29/2025
2025-09-08 07:50:39 | INFO | scraper | Fetched page 65 for 07/17/2025
2025-09-08 07:50:40 | INFO | scraper | Fetched page 59 for 07/21/2025
2025-09-08 07:50:40 | INFO | scraper | Fetched page 66 for 07/23/2025
2025-09-08 07:50:41 | INFO | scraper | Fetched page 63 for 07/27/2025
2025-09-08 07:50:41 | INFO | scraper | Fetched page 64 for 07/23/2025
2025-09-08 07:50:47 | ERROR | scraper | Request exception on page 62 for 07/13/2025: 
2025-09-08 07:50:47 | ERROR | scraper | Request exception on page 61 for 07/13/2025: 
2025-09-08 07:50:48 | ERROR | scraper | Request exception on page 69 for 07/09/2025: 
2025-09-08 07:50:48 | ERROR | scraper | Request exception on page 67 for 07/09/2025: 
2025-09-08 07:50:48 | ERROR | scraper | Request exception on page 66 for 07/09/2025: 
2025-09-08 07:50:48 | ERROR | scraper | Request exception on page 65 for 07/09/2025: 
2025-09-08 07:50:48 | ERROR | scraper | Request exception on page 68 for 07/09/2025: 
2025-09-08 07:50:50 | ERROR | scraper | Request exception on page 64 for 07/06/2025: 
2025-09-08 07:50:50 | INFO | scraper | Fetched page 62 for 07/13/2025
2025-09-08 07:50:52 | INFO | scraper | Fetched page 61 for 07/13/2025
2025-09-08 07:50:52 | ERROR | scraper | Request exception on page 63 for 07/07/2025: 
2025-09-08 07:50:52 | ERROR | scraper | Request exception on page 63 for 07/16/2025: 
2025-09-08 07:50:52 | ERROR | scraper | Request exception on page 64 for 07/07/2025: 
2025-09-08 07:50:52 | ERROR | scraper | Request exception on page 64 for 07/16/2025: 
2025-09-08 07:50:52 | ERROR | scraper | Request exception on page 62 for 07/07/2025: 
2025-09-08 07:50:52 | ERROR | scraper | Request exception on page 65 for 07/16/2025: 
2025-09-08 07:50:52 | ERROR | scraper | Request exception on page 61 for 07/16/2025: 
2025-09-08 07:50:52 | ERROR | scraper | Request exception on page 62 for 07/16/2025: 
2025-09-08 07:50:52 | ERROR | scraper | Request exception on page 65 for 07/07/2025: 
2025-09-08 07:50:53 | INFO | scraper | Fetched page 64 for 07/06/2025
2025-09-08 07:50:53 | ERROR | scraper | Request exception on page 63 for 07/17/2025: 
2025-09-08 07:50:55 | INFO | scraper | Fetched page 63 for 07/07/2025
2025-09-08 07:50:56 | ERROR | scraper | Timeout processing batch starting at page 56 for 07/10/2025
2025-09-08 07:50:57 | ERROR | scraper | Request exception on page 62 for 07/15/2025: 
2025-09-08 07:50:57 | ERROR | scraper | Request exception on page 61 for 07/15/2025: 
2025-09-08 07:50:57 | ERROR | scraper | Request exception on page 65 for 07/15/2025: 
2025-09-08 07:50:57 | ERROR | scraper | Request exception on page 64 for 07/15/2025: 
2025-09-08 07:50:57 | ERROR | scraper | Request exception on page 63 for 07/15/2025: 
2025-09-08 07:50:57 | INFO | scraper | Fetched page 63 for 07/17/2025
2025-09-08 07:50:58 | INFO | scraper | Fetched page 65 for 07/08/2025
2025-09-08 07:50:58 | ERROR | scraper | Request exception on page 64 for 07/08/2025: 
2025-09-08 07:50:58 | ERROR | scraper | Request exception on page 63 for 07/08/2025: 
2025-09-08 07:50:58 | ERROR | scraper | Request exception on page 65 for 07/08/2025: 
2025-09-08 07:50:58 | ERROR | scraper | Request exception on page 62 for 07/08/2025: 
2025-09-08 07:50:58 | ERROR | scraper | Request exception on page 65 for 07/14/2025: 
2025-09-08 07:50:58 | ERROR | scraper | Request exception on page 62 for 07/14/2025: 
2025-09-08 07:50:58 | ERROR | scraper | Request exception on page 64 for 07/14/2025: 
2025-09-08 07:50:58 | ERROR | scraper | Request exception on page 63 for 07/14/2025: 
2025-09-08 07:51:00 | INFO | scraper | Fetched page 61 for 07/10/2025
2025-09-08 07:51:01 | INFO | scraper | Fetched page 64 for 07/08/2025
2025-09-08 07:51:01 | INFO | scraper | Fetched page 65 for 07/14/2025
2025-09-08 07:51:02 | INFO | scraper | Fetched page 62 for 07/10/2025
2025-09-08 07:51:02 | ERROR | scraper | Timeout processing batch starting at page 56 for 07/28/2025
2025-09-08 07:51:03 | INFO | scraper | Fetched page 63 for 07/08/2025
2025-09-08 07:51:03 | INFO | scraper | Fetched page 63 for 07/10/2025
2025-09-08 07:51:03 | ERROR | scraper | Timeout processing batch starting at page 56 for 07/21/2025
2025-09-08 07:51:04 | INFO | scraper | Fetched page 64 for 07/10/2025
2025-09-08 07:51:04 | ERROR | scraper | Timeout processing batch starting at page 61 for 07/27/2025
2025-09-08 07:51:05 | INFO | scraper | Fetched page 65 for 07/10/2025
2025-09-08 07:51:06 | ERROR | scraper | Request exception on page 59 for 07/29/2025: 
2025-09-08 07:51:06 | ERROR | scraper | Request exception on page 58 for 07/29/2025: 
2025-09-08 07:51:06 | ERROR | scraper | Request exception on page 57 for 07/29/2025: 
2025-09-08 07:51:06 | ERROR | scraper | Request exception on page 60 for 07/29/2025: 
2025-09-08 07:51:06 | INFO | scraper | Fetched page 62 for 07/08/2025
2025-09-08 07:51:07 | INFO | scraper | Fetched page 65 for 07/08/2025
2025-09-08 07:51:09 | INFO | scraper | Fetched page 61 for 07/21/2025
2025-09-08 07:51:10 | INFO | scraper | Fetched page 62 for 07/21/2025
2025-09-08 07:51:10 | INFO | scraper | Fetched page 59 for 07/29/2025
2025-09-08 07:51:12 | INFO | scraper | Fetched page 66 for 07/27/2025
2025-09-08 07:51:14 | INFO | scraper | Fetched page 67 for 07/27/2025
2025-09-08 07:51:17 | ERROR | scraper | Timeout processing batch starting at page 61 for 07/13/2025
2025-09-08 07:51:17 | ERROR | scraper | Timeout processing batch starting at page 65 for 07/09/2025
2025-09-08 07:51:18 | INFO | scraper | Fetched page 68 for 07/27/2025
2025-09-08 07:51:19 | INFO | scraper | Fetched page 69 for 07/27/2025
2025-09-08 07:51:19 | ERROR | scraper | Timeout processing batch starting at page 61 for 07/06/2025
2025-09-08 07:51:21 | INFO | scraper | Fetched page 70 for 07/27/2025
2025-09-08 07:51:22 | ERROR | scraper | Timeout processing batch starting at page 61 for 07/16/2025
2025-09-08 07:51:22 | ERROR | scraper | Timeout processing batch starting at page 61 for 07/07/2025
2025-09-08 07:51:22 | INFO | scraper | Fetched page 66 for 07/13/2025
2025-09-08 07:51:23 | ERROR | scraper | Timeout processing batch starting at page 61 for 07/17/2025
2025-09-08 07:51:23 | INFO | scraper | Fetched page 66 for 07/06/2025
2025-09-08 07:51:24 | INFO | scraper | Fetched page 67 for 07/13/2025
2025-09-08 07:51:24 | INFO | scraper | Fetched page 69 for 07/13/2025
2025-09-08 07:51:25 | INFO | scraper | Fetched page 70 for 07/13/2025
2025-09-08 07:51:26 | INFO | scraper | Fetched page 66 for 07/07/2025
2025-09-08 07:51:26 | ERROR | scraper | Timeout processing batch starting at page 61 for 07/15/2025
2025-09-08 07:51:27 | ERROR | scraper | Timeout processing batch starting at page 61 for 07/08/2025
2025-09-08 07:51:28 | ERROR | scraper | Timeout processing batch starting at page 61 for 07/14/2025
2025-09-08 07:51:28 | ERROR | scraper | Request exception on page 62 for 07/10/2025: 
2025-09-08 07:51:28 | ERROR | scraper | Request exception on page 65 for 07/10/2025: 
2025-09-08 07:51:29 | ERROR | scraper | Timeout processing batch starting at page 63 for 07/23/2025
2025-09-08 07:51:35 | ERROR | scraper | Request exception on page 61 for 07/28/2025: 
2025-09-08 07:51:35 | ERROR | scraper | Request exception on page 64 for 07/28/2025: 
2025-09-08 07:51:35 | ERROR | scraper | Request exception on page 65 for 07/28/2025: 
2025-09-08 07:51:35 | ERROR | scraper | Request exception on page 62 for 07/28/2025: 
2025-09-08 07:51:35 | ERROR | scraper | Request exception on page 63 for 07/28/2025: 
2025-09-08 07:51:35 | ERROR | scraper | Timeout processing batch starting at page 56 for 07/29/2025
2025-09-08 07:51:36 | ERROR | scraper | Request exception on page 63 for 07/21/2025: 
2025-09-08 07:51:36 | ERROR | scraper | Request exception on page 64 for 07/21/2025: 
2025-09-08 07:51:36 | ERROR | scraper | Request exception on page 61 for 07/21/2025: 
2025-09-08 07:51:36 | ERROR | scraper | Request exception on page 62 for 07/21/2025: 
2025-09-08 07:51:36 | ERROR | scraper | Request exception on page 65 for 07/21/2025: 
2025-09-08 07:51:37 | ERROR | scraper | Request exception on page 70 for 07/27/2025: 
2025-09-08 07:51:37 | ERROR | scraper | Request exception on page 69 for 07/27/2025: 
2025-09-08 07:51:37 | ERROR | scraper | Request exception on page 68 for 07/27/2025: 
2025-09-08 07:51:37 | ERROR | scraper | Request exception on page 67 for 07/27/2025: 
2025-09-08 07:51:47 | ERROR | scraper | Request exception on page 68 for 07/14/2025: Cannot connect to host merolagani.com:443 ssl:default [Temporary failure in name resolution]
2025-09-08 07:51:47 | ERROR | scraper | Request exception on page 70 for 07/14/2025: Cannot connect to host merolagani.com:443 ssl:default [Temporary failure in name resolution]
2025-09-08 07:51:47 | ERROR | scraper | Request exception on page 67 for 07/14/2025: Cannot connect to host merolagani.com:443 ssl:default [Temporary failure in name resolution]
2025-09-08 07:51:47 | ERROR | scraper | Request exception on page 69 for 07/14/2025: Cannot connect to host merolagani.com:443 ssl:default [Temporary failure in name resolution]
2025-09-08 07:51:49 | ERROR | scraper | Request exception on page 69 for 07/13/2025: 
2025-09-08 07:51:49 | ERROR | scraper | Request exception on page 68 for 07/13/2025: 
2025-09-08 07:51:49 | ERROR | scraper | Request exception on page 67 for 07/13/2025: 
2025-09-08 07:51:49 | ERROR | scraper | Request exception on page 70 for 07/13/2025: 
2025-09-08 07:51:50 | ERROR | scraper | Request exception on page 74 for 07/09/2025: 
2025-09-08 07:51:50 | ERROR | scraper | Request exception on page 70 for 07/09/2025: 
2025-09-08 07:51:50 | ERROR | scraper | Request exception on page 72 for 07/09/2025: 
2025-09-08 07:51:50 | ERROR | scraper | Request exception on page 73 for 07/09/2025: 
2025-09-08 07:51:50 | ERROR | scraper | Request exception on page 71 for 07/09/2025: 
2025-09-08 07:51:52 | ERROR | scraper | Request exception on page 68 for 07/06/2025: 
2025-09-08 07:51:52 | ERROR | scraper | Request exception on page 67 for 07/06/2025: 
2025-09-08 07:51:52 | ERROR | scraper | Request exception on page 70 for 07/06/2025: 
2025-09-08 07:51:52 | ERROR | scraper | Request exception on page 69 for 07/06/2025: 
2025-09-08 07:51:52 | ERROR | scraper | Request exception on page 66 for 07/06/2025: 
2025-09-08 07:51:54 | ERROR | scraper | Request exception on page 70 for 07/16/2025: 
2025-09-08 07:51:54 | ERROR | scraper | Request exception on page 68 for 07/07/2025: 
2025-09-08 07:51:54 | ERROR | scraper | Request exception on page 69 for 07/07/2025: 
2025-09-08 07:51:54 | ERROR | scraper | Request exception on page 66 for 07/16/2025: 
2025-09-08 07:51:54 | ERROR | scraper | Request exception on page 66 for 07/07/2025: 
2025-09-08 07:51:54 | ERROR | scraper | Request exception on page 67 for 07/07/2025: 
2025-09-08 07:51:54 | ERROR | scraper | Request exception on page 70 for 07/07/2025: 
2025-09-08 07:51:54 | ERROR | scraper | Request exception on page 68 for 07/16/2025: 
2025-09-08 07:51:54 | ERROR | scraper | Request exception on page 69 for 07/16/2025: 
2025-09-08 07:51:54 | ERROR | scraper | Request exception on page 67 for 07/16/2025: 
2025-09-08 07:51:55 | ERROR | scraper | Request exception on page 70 for 07/17/2025: 
2025-09-08 07:51:55 | ERROR | scraper | Request exception on page 69 for 07/17/2025: 
2025-09-08 07:51:55 | ERROR | scraper | Request exception on page 66 for 07/17/2025: 
2025-09-08 07:51:55 | ERROR | scraper | Request exception on page 68 for 07/17/2025: 
2025-09-08 07:51:55 | ERROR | scraper | Request exception on page 67 for 07/17/2025: 
2025-09-08 07:51:58 | ERROR | scraper | Timeout processing batch starting at page 61 for 07/10/2025
2025-09-08 07:51:58 | ERROR | scraper | Request exception on page 67 for 07/27/2025: Cannot connect to host merolagani.com:443 ssl:default [Temporary failure in name resolution]
2025-09-08 07:51:58 | ERROR | scraper | Request exception on page 68 for 07/27/2025: Cannot connect to host merolagani.com:443 ssl:default [Temporary failure in name resolution]
2025-09-08 07:51:58 | ERROR | scraper | Request exception on page 69 for 07/27/2025: Cannot connect to host merolagani.com:443 ssl:default [Temporary failure in name resolution]
2025-09-08 07:51:59 | ERROR | scraper | Request exception on page 66 for 07/15/2025: 
2025-09-08 07:51:59 | ERROR | scraper | Request exception on page 69 for 07/15/2025: 
2025-09-08 07:51:59 | ERROR | scraper | Request exception on page 70 for 07/15/2025: 
2025-09-08 07:51:59 | ERROR | scraper | Request exception on page 67 for 07/15/2025: 
2025-09-08 07:51:59 | ERROR | scraper | Request exception on page 68 for 07/15/2025: 
2025-09-08 07:52:00 | ERROR | scraper | Request exception on page 70 for 07/08/2025: Cannot connect to host merolagani.com:443 ssl:default [Temporary failure in name resolution]
2025-09-08 07:52:00 | ERROR | scraper | Request exception on page 69 for 07/08/2025: Cannot connect to host merolagani.com:443 ssl:default [Temporary failure in name resolution]
2025-09-08 07:52:00 | ERROR | scraper | Request exception on page 68 for 07/08/2025: 
2025-09-08 07:52:00 | ERROR | scraper | Request exception on page 66 for 07/14/2025: 
2025-09-08 07:52:00 | ERROR | scraper | Request exception on page 67 for 07/08/2025: 
2025-09-08 07:52:00 | ERROR | scraper | Request exception on page 66 for 07/08/2025: 
2025-09-08 07:52:02 | ERROR | scraper | Request exception on page 68 for 07/17/2025: Cannot connect to host merolagani.com:443 ssl:default [Temporary failure in name resolution]
2025-09-08 07:52:02 | ERROR | scraper | Request exception on page 69 for 07/17/2025: Cannot connect to host merolagani.com:443 ssl:default [Temporary failure in name resolution]
2025-09-08 07:52:02 | ERROR | scraper | Request exception on page 66 for 07/17/2025: Cannot connect to host merolagani.com:443 ssl:default [Temporary failure in name resolution]
2025-09-08 07:52:02 | ERROR | scraper | Request exception on page 70 for 07/17/2025: Cannot connect to host merolagani.com:443 ssl:default [Temporary failure in name resolution]
2025-09-08 07:52:02 | ERROR | scraper | Request exception on page 67 for 07/17/2025: Cannot connect to host merolagani.com:443 ssl:default [Temporary failure in name resolution]
2025-09-08 07:52:02 | ERROR | scraper | Request exception on page 68 for 07/23/2025: 
2025-09-08 07:52:02 | ERROR | scraper | Request exception on page 72 for 07/23/2025: 
2025-09-08 07:52:02 | ERROR | scraper | Request exception on page 71 for 07/23/2025: 
2025-09-08 07:52:02 | ERROR | scraper | Request exception on page 69 for 07/23/2025: 
2025-09-08 07:52:02 | ERROR | scraper | Request exception on page 70 for 07/23/2025: 
2025-09-08 07:52:04 | ERROR | scraper | Request exception on page 67 for 07/07/2025: Cannot connect to host merolagani.com:443 ssl:default [Temporary failure in name resolution]
2025-09-08 07:52:04 | ERROR | scraper | Request exception on page 68 for 07/07/2025: Cannot connect to host merolagani.com:443 ssl:default [Temporary failure in name resolution]
2025-09-08 07:52:04 | ERROR | scraper | Request exception on page 66 for 07/07/2025: Cannot connect to host merolagani.com:443 ssl:default [Temporary failure in name resolution]
2025-09-08 07:52:04 | ERROR | scraper | Request exception on page 69 for 07/07/2025: Cannot connect to host merolagani.com:443 ssl:default [Temporary failure in name resolution]
2025-09-08 07:52:04 | ERROR | scraper | Request exception on page 70 for 07/07/2025: Cannot connect to host merolagani.com:443 ssl:default [Temporary failure in name resolution]
2025-09-08 07:52:04 | ERROR | scraper | Request exception on page 68 for 07/15/2025: Cannot connect to host merolagani.com:443 ssl:default [Temporary failure in name resolution]
2025-09-08 07:52:04 | ERROR | scraper | Request exception on page 70 for 07/15/2025: Cannot connect to host merolagani.com:443 ssl:default [Temporary failure in name resolution]
2025-09-08 07:52:04 | ERROR | scraper | Request exception on page 66 for 07/15/2025: Cannot connect to host merolagani.com:443 ssl:default [Temporary failure in name resolution]
2025-09-08 07:52:04 | ERROR | scraper | Request exception on page 67 for 07/15/2025: Cannot connect to host merolagani.com:443 ssl:default [Temporary failure in name resolution]
2025-09-08 07:52:04 | ERROR | scraper | Request exception on page 69 for 07/15/2025: Cannot connect to host merolagani.com:443 ssl:default [Temporary failure in name resolution]
2025-09-08 07:52:04 | ERROR | scraper | Timeout processing batch starting at page 61 for 07/28/2025
2025-09-08 07:52:05 | ERROR | scraper | Timeout processing batch starting at page 61 for 07/21/2025
2025-09-08 07:52:06 | ERROR | scraper | Timeout processing batch starting at page 66 for 07/27/2025
2025-09-08 07:52:08 | ERROR | scraper | Request exception on page 63 for 07/29/2025: 
2025-09-08 07:52:08 | ERROR | scraper | Request exception on page 64 for 07/29/2025: 
2025-09-08 07:52:08 | ERROR | scraper | Request exception on page 62 for 07/29/2025: 
2025-09-08 07:52:08 | ERROR | scraper | Request exception on page 65 for 07/29/2025: 
2025-09-08 07:52:08 | ERROR | scraper | Request exception on page 61 for 07/29/2025: 
2025-09-08 07:52:08 | INFO | scraper | Fetched page 67 for 07/13/2025
2025-09-08 07:52:08 | ERROR | scraper | Request exception on page 67 for 07/14/2025: Cannot connect to host merolagani.com:443 ssl:default [Temporary failure in name resolution]
2025-09-08 07:52:08 | ERROR | scraper | Request exception on page 69 for 07/14/2025: Cannot connect to host merolagani.com:443 ssl:default [Temporary failure in name resolution]
2025-09-08 07:52:08 | ERROR | scraper | Request exception on page 70 for 07/14/2025: Cannot connect to host merolagani.com:443 ssl:default [Temporary failure in name resolution]
2025-09-08 07:52:08 | ERROR | scraper | Request exception on page 66 for 07/14/2025: Cannot connect to host merolagani.com:443 ssl:default [Temporary failure in name resolution]
2025-09-08 07:52:08 | ERROR | scraper | Request exception on page 68 for 07/14/2025: Cannot connect to host merolagani.com:443 ssl:default [Temporary failure in name resolution]
2025-09-08 07:52:09 | ERROR | scraper | Request exception on page 66 for 07/21/2025: Cannot connect to host merolagani.com:443 ssl:default [Temporary failure in name resolution]
2025-09-08 07:52:09 | ERROR | scraper | Request exception on page 69 for 07/21/2025: Cannot connect to host merolagani.com:443 ssl:default [Temporary failure in name resolution]
2025-09-08 07:52:09 | ERROR | scraper | Request exception on page 70 for 07/21/2025: Cannot connect to host merolagani.com:443 ssl:default [Temporary failure in name resolution]
2025-09-08 07:52:09 | ERROR | scraper | Request exception on page 67 for 07/21/2025: Cannot connect to host merolagani.com:443 ssl:default [Temporary failure in name resolution]
2025-09-08 07:52:09 | ERROR | scraper | Request exception on page 68 for 07/21/2025: Cannot connect to host merolagani.com:443 ssl:default [Temporary failure in name resolution]
2025-09-08 07:52:09 | INFO | scraper | Fetched page 71 for 07/23/2025
2025-09-08 07:52:09 | INFO | scraper | Fetched page 66 for 07/07/2025
2025-09-08 07:52:09 | INFO | scraper | Fetched page 66 for 07/08/2025
2025-09-08 07:52:10 | INFO | scraper | Fetched page 68 for 07/13/2025
2025-09-08 07:52:10 | INFO | scraper | Fetched page 74 for 07/09/2025
2025-09-08 07:52:10 | INFO | scraper | Fetched page 68 for 07/07/2025
2025-09-08 07:52:10 | INFO | scraper | Fetched page 70 for 07/23/2025
2025-09-08 07:52:10 | INFO | scraper | Fetched page 67 for 07/07/2025
2025-09-08 07:52:10 | INFO | scraper | Fetched page 70 for 07/08/2025
2025-09-08 07:52:10 | INFO | scraper | Fetched page 71 for 07/09/2025
2025-09-08 07:52:10 | INFO | scraper | Fetched page 70 for 07/13/2025
2025-09-08 07:52:11 | INFO | scraper | Fetched page 69 for 07/08/2025
2025-09-08 07:52:11 | INFO | scraper | Fetched page 69 for 07/15/2025
2025-09-08 07:52:11 | INFO | scraper | Fetched page 72 for 07/23/2025
2025-09-08 07:52:11 | INFO | scraper | Fetched page 69 for 07/07/2025
2025-09-08 07:52:11 | INFO | scraper | Fetched page 69 for 07/13/2025
2025-09-08 07:52:11 | INFO | scraper | Fetched page 70 for 07/15/2025
2025-09-08 07:52:12 | INFO | scraper | Fetched page 70 for 07/07/2025
2025-09-08 07:52:12 | INFO | scraper | Fetched page 68 for 07/08/2025
2025-09-08 07:52:12 | INFO | scraper | Fetched page 69 for 07/23/2025
2025-09-08 07:52:12 | INFO | scraper | Fetched page 67 for 07/15/2025
2025-09-08 07:52:12 | INFO | scraper | Fetched page 73 for 07/09/2025
2025-09-08 07:52:12 | INFO | scraper | Fetched page 70 for 07/09/2025
2025-09-08 07:52:12 | INFO | scraper | Fetched page 68 for 07/15/2025
2025-09-08 07:52:12 | INFO | scraper | Fetched page 66 for 07/15/2025
2025-09-08 07:52:12 | INFO | scraper | Fetched page 67 for 07/06/2025
2025-09-08 07:52:12 | INFO | scraper | Fetched page 72 for 07/09/2025
2025-09-08 07:52:13 | INFO | scraper | Fetched page 67 for 07/08/2025
2025-09-08 07:52:13 | INFO | scraper | Fetched page 68 for 07/23/2025
2025-09-08 07:52:14 | INFO | scraper | Fetched page 67 for 07/17/2025
2025-09-08 07:52:14 | INFO | scraper | Fetched page 70 for 07/21/2025
2025-09-08 07:52:14 | INFO | scraper | Fetched page 65 for 07/29/2025
2025-09-08 07:52:15 | INFO | scraper | Fetched page 67 for 07/21/2025
2025-09-08 07:52:15 | INFO | scraper | Fetched page 69 for 07/06/2025
2025-09-08 07:52:15 | INFO | scraper | Fetched page 70 for 07/14/2025
2025-09-08 07:52:15 | INFO | scraper | Fetched page 70 for 07/06/2025
2025-09-08 07:52:15 | INFO | scraper | Fetched page 74 for 07/27/2025
2025-09-08 07:52:15 | INFO | scraper | Fetched page 66 for 07/21/2025
2025-09-08 07:52:16 | INFO | scraper | Fetched page 69 for 07/17/2025
2025-09-08 07:52:16 | INFO | scraper | Fetched page 66 for 07/14/2025
2025-09-08 07:52:16 | INFO | scraper | Fetched page 70 for 07/17/2025
2025-09-08 07:52:16 | INFO | scraper | Fetched page 69 for 07/21/2025
2025-09-08 07:52:16 | INFO | scraper | Fetched page 68 for 07/06/2025
2025-09-08 07:52:17 | INFO | scraper | Fetched page 68 for 07/17/2025
2025-09-08 07:52:17 | INFO | scraper | Fetched page 61 for 07/29/2025
2025-09-08 07:52:18 | INFO | scraper | Fetched page 66 for 07/06/2025
2025-09-08 07:52:18 | INFO | scraper | Fetched page 62 for 07/29/2025
2025-09-08 07:52:18 | INFO | scraper | Fetched page 68 for 07/14/2025
2025-09-08 07:52:19 | INFO | scraper | Fetched page 75 for 07/27/2025
2025-09-08 07:52:19 | INFO | scraper | Fetched page 68 for 07/21/2025
2025-09-08 07:52:19 | ERROR | scraper | Timeout processing batch starting at page 66 for 07/13/2025
2025-09-08 07:52:19 | INFO | scraper | Fetched page 64 for 07/29/2025
2025-09-08 07:52:19 | INFO | scraper | Fetched page 71 for 07/27/2025
2025-09-08 07:52:19 | ERROR | scraper | Timeout processing batch starting at page 70 for 07/09/2025
2025-09-08 07:52:21 | ERROR | scraper | Timeout processing batch starting at page 66 for 07/06/2025
2025-09-08 07:52:24 | ERROR | scraper | Timeout processing batch starting at page 66 for 07/16/2025
2025-09-08 07:52:24 | ERROR | scraper | Timeout processing batch starting at page 66 for 07/07/2025
2025-09-08 07:52:25 | ERROR | scraper | Timeout processing batch starting at page 66 for 07/17/2025
2025-09-08 07:52:28 | ERROR | scraper | Timeout processing batch starting at page 66 for 07/15/2025
2025-09-08 07:52:29 | ERROR | scraper | Timeout processing batch starting at page 66 for 07/08/2025
2025-09-08 07:52:30 | ERROR | scraper | Timeout processing batch starting at page 66 for 07/14/2025
2025-09-08 07:52:30 | ERROR | scraper | Request exception on page 66 for 07/10/2025: 
2025-09-08 07:52:30 | ERROR | scraper | Request exception on page 69 for 07/10/2025: 
2025-09-08 07:52:30 | ERROR | scraper | Request exception on page 70 for 07/10/2025: 
2025-09-08 07:52:30 | ERROR | scraper | Request exception on page 67 for 07/10/2025: 
2025-09-08 07:52:30 | ERROR | scraper | Request exception on page 68 for 07/10/2025: 
2025-09-08 07:52:31 | ERROR | scraper | Timeout processing batch starting at page 68 for 07/23/2025
2025-09-08 07:52:37 | ERROR | scraper | Request exception on page 66 for 07/28/2025: 
2025-09-08 07:52:37 | ERROR | scraper | Request exception on page 69 for 07/28/2025: 
2025-09-08 07:52:37 | ERROR | scraper | Request exception on page 70 for 07/28/2025: 
2025-09-08 07:52:37 | ERROR | scraper | Request exception on page 67 for 07/28/2025: 
2025-09-08 07:52:37 | ERROR | scraper | Request exception on page 68 for 07/28/2025: 
2025-09-08 07:52:37 | ERROR | scraper | Timeout processing batch starting at page 61 for 07/29/2025
2025-09-08 07:52:39 | ERROR | scraper | Request exception on page 72 for 07/27/2025: 
2025-09-08 07:52:39 | ERROR | scraper | Request exception on page 71 for 07/27/2025: 
2025-09-08 07:52:39 | ERROR | scraper | Request exception on page 75 for 07/27/2025: 
2025-09-08 07:52:39 | ERROR | scraper | Request exception on page 74 for 07/27/2025: 
2025-09-08 07:52:39 | ERROR | scraper | Request exception on page 73 for 07/27/2025: 
2025-09-08 07:52:40 | ERROR | scraper | Request exception on page 67 for 07/21/2025: 
2025-09-08 07:52:40 | ERROR | scraper | Request exception on page 68 for 07/21/2025: 
2025-09-08 07:52:40 | ERROR | scraper | Request exception on page 70 for 07/21/2025: 
2025-09-08 07:52:40 | ERROR | scraper | Request exception on page 69 for 07/21/2025: 
2025-09-08 07:52:40 | ERROR | scraper | Request exception on page 66 for 07/21/2025: 
2025-09-08 07:52:41 | ERROR | scraper | Request exception on page 74 for 07/13/2025: Cannot connect to host merolagani.com:443 ssl:default [Temporary failure in name resolution]
2025-09-08 07:52:41 | ERROR | scraper | Request exception on page 73 for 07/13/2025: Cannot connect to host merolagani.com:443 ssl:default [Temporary failure in name resolution]
2025-09-08 07:52:41 | ERROR | scraper | Request exception on page 75 for 07/13/2025: Cannot connect to host merolagani.com:443 ssl:default [Temporary failure in name resolution]
2025-09-08 07:52:41 | ERROR | scraper | Request exception on page 72 for 07/13/2025: Cannot connect to host merolagani.com:443 ssl:default [Temporary failure in name resolution]
2025-09-08 07:52:41 | ERROR | scraper | Request exception on page 71 for 07/13/2025: Cannot connect to host merolagani.com:443 ssl:default [Temporary failure in name resolution]
2025-09-08 07:52:41 | ERROR | scraper | Request exception on page 79 for 07/09/2025: Cannot connect to host merolagani.com:443 ssl:default [Temporary failure in name resolution]
2025-09-08 07:52:41 | ERROR | scraper | Request exception on page 78 for 07/09/2025: Cannot connect to host merolagani.com:443 ssl:default [Temporary failure in name resolution]
2025-09-08 07:52:41 | ERROR | scraper | Request exception on page 77 for 07/09/2025: Cannot connect to host merolagani.com:443 ssl:default [Temporary failure in name resolution]
2025-09-08 07:52:41 | ERROR | scraper | Request exception on page 76 for 07/09/2025: Cannot connect to host merolagani.com:443 ssl:default [Temporary failure in name resolution]
2025-09-08 07:52:41 | ERROR | scraper | Request exception on page 75 for 07/09/2025: Cannot connect to host merolagani.com:443 ssl:default [Temporary failure in name resolution]
2025-09-08 07:52:43 | ERROR | scraper | Request exception on page 72 for 07/06/2025: Cannot connect to host merolagani.com:443 ssl:default [Temporary failure in name resolution]
2025-09-08 07:52:43 | ERROR | scraper | Request exception on page 75 for 07/06/2025: Cannot connect to host merolagani.com:443 ssl:default [Temporary failure in name resolution]
2025-09-08 07:52:43 | ERROR | scraper | Request exception on page 73 for 07/06/2025: Cannot connect to host merolagani.com:443 ssl:default [Temporary failure in name resolution]
2025-09-08 07:52:43 | ERROR | scraper | Request exception on page 74 for 07/06/2025: Cannot connect to host merolagani.com:443 ssl:default [Temporary failure in name resolution]
2025-09-08 07:52:43 | ERROR | scraper | Request exception on page 71 for 07/06/2025: Cannot connect to host merolagani.com:443 ssl:default [Temporary failure in name resolution]
2025-09-08 07:52:46 | ERROR | scraper | Request exception on page 75 for 07/07/2025: Cannot connect to host merolagani.com:443 ssl:default [Temporary failure in name resolution]
2025-09-08 07:52:46 | ERROR | scraper | Request exception on page 74 for 07/07/2025: Cannot connect to host merolagani.com:443 ssl:default [Temporary failure in name resolution]
2025-09-08 07:52:46 | ERROR | scraper | Request exception on page 73 for 07/07/2025: Cannot connect to host merolagani.com:443 ssl:default [Temporary failure in name resolution]
2025-09-08 07:52:46 | ERROR | scraper | Request exception on page 72 for 07/07/2025: Cannot connect to host merolagani.com:443 ssl:default [Temporary failure in name resolution]
2025-09-08 07:52:46 | ERROR | scraper | Request exception on page 71 for 07/07/2025: Cannot connect to host merolagani.com:443 ssl:default [Temporary failure in name resolution]
2025-09-08 07:52:47 | ERROR | scraper | Request exception on page 72 for 07/17/2025: Cannot connect to host merolagani.com:443 ssl:default [Temporary failure in name resolution]
2025-09-08 07:52:47 | ERROR | scraper | Request exception on page 73 for 07/17/2025: Cannot connect to host merolagani.com:443 ssl:default [Temporary failure in name resolution]
2025-09-08 07:52:47 | ERROR | scraper | Request exception on page 74 for 07/17/2025: Cannot connect to host merolagani.com:443 ssl:default [Temporary failure in name resolution]
2025-09-08 07:52:47 | ERROR | scraper | Request exception on page 75 for 07/17/2025: Cannot connect to host merolagani.com:443 ssl:default [Temporary failure in name resolution]
2025-09-08 07:52:47 | ERROR | scraper | Request exception on page 71 for 07/17/2025: Cannot connect to host merolagani.com:443 ssl:default [Temporary failure in name resolution]
2025-09-08 07:52:50 | ERROR | scraper | Request exception on page 72 for 07/15/2025: Cannot connect to host merolagani.com:443 ssl:default [Temporary failure in name resolution]
2025-09-08 07:52:50 | ERROR | scraper | Request exception on page 75 for 07/15/2025: Cannot connect to host merolagani.com:443 ssl:default [Temporary failure in name resolution]
2025-09-08 07:52:50 | ERROR | scraper | Request exception on page 74 for 07/15/2025: Cannot connect to host merolagani.com:443 ssl:default [Temporary failure in name resolution]
2025-09-08 07:52:50 | ERROR | scraper | Request exception on page 73 for 07/15/2025: Cannot connect to host merolagani.com:443 ssl:default [Temporary failure in name resolution]
2025-09-08 07:52:50 | ERROR | scraper | Request exception on page 71 for 07/15/2025: Cannot connect to host merolagani.com:443 ssl:default [Temporary failure in name resolution]
2025-09-08 07:52:51 | ERROR | scraper | Request exception on page 74 for 07/08/2025: Cannot connect to host merolagani.com:443 ssl:default [Temporary failure in name resolution]
2025-09-08 07:52:51 | ERROR | scraper | Request exception on page 72 for 07/08/2025: Cannot connect to host merolagani.com:443 ssl:default [Temporary failure in name resolution]
2025-09-08 07:52:51 | ERROR | scraper | Request exception on page 73 for 07/08/2025: Cannot connect to host merolagani.com:443 ssl:default [Temporary failure in name resolution]
2025-09-08 07:52:51 | ERROR | scraper | Request exception on page 75 for 07/08/2025: Cannot connect to host merolagani.com:443 ssl:default [Temporary failure in name resolution]
2025-09-08 07:52:51 | ERROR | scraper | Request exception on page 71 for 07/08/2025: Cannot connect to host merolagani.com:443 ssl:default [Temporary failure in name resolution]
2025-09-08 07:52:52 | ERROR | scraper | Request exception on page 73 for 07/14/2025: Cannot connect to host merolagani.com:443 ssl:default [Temporary failure in name resolution]
2025-09-08 07:52:52 | ERROR | scraper | Request exception on page 74 for 07/14/2025: Cannot connect to host merolagani.com:443 ssl:default [Temporary failure in name resolution]
2025-09-08 07:52:52 | ERROR | scraper | Request exception on page 75 for 07/14/2025: Cannot connect to host merolagani.com:443 ssl:default [Temporary failure in name resolution]
2025-09-08 07:52:52 | ERROR | scraper | Request exception on page 72 for 07/14/2025: Cannot connect to host merolagani.com:443 ssl:default [Temporary failure in name resolution]
2025-09-08 07:52:52 | ERROR | scraper | Request exception on page 71 for 07/14/2025: Cannot connect to host merolagani.com:443 ssl:default [Temporary failure in name resolution]
2025-09-08 07:52:55 | ERROR | scraper | Request exception on page 75 for 07/23/2025: Cannot connect to host merolagani.com:443 ssl:default [Temporary failure in name resolution]
2025-09-08 07:52:55 | ERROR | scraper | Request exception on page 76 for 07/23/2025: Cannot connect to host merolagani.com:443 ssl:default [Temporary failure in name resolution]
2025-09-08 07:52:55 | ERROR | scraper | Request exception on page 77 for 07/23/2025: Cannot connect to host merolagani.com:443 ssl:default [Temporary failure in name resolution]
2025-09-08 07:52:55 | ERROR | scraper | Request exception on page 74 for 07/23/2025: Cannot connect to host merolagani.com:443 ssl:default [Temporary failure in name resolution]
2025-09-08 07:52:56 | ERROR | scraper | Request exception on page 75 for 07/16/2025: 
2025-09-08 07:52:56 | ERROR | scraper | Request exception on page 71 for 07/16/2025: 
2025-09-08 07:52:56 | ERROR | scraper | Request exception on page 73 for 07/16/2025: 
2025-09-08 07:52:56 | ERROR | scraper | Request exception on page 74 for 07/16/2025: 
2025-09-08 07:52:56 | ERROR | scraper | Request exception on page 72 for 07/16/2025: 
2025-09-08 07:52:56 | ERROR | scraper | Request exception on page 68 for 07/10/2025: Cannot connect to host merolagani.com:443 ssl:default [Temporary failure in name resolution]
2025-09-08 07:52:56 | ERROR | scraper | Request exception on page 67 for 07/10/2025: Cannot connect to host merolagani.com:443 ssl:default [Temporary failure in name resolution]
2025-09-08 07:52:56 | ERROR | scraper | Request exception on page 69 for 07/10/2025: Cannot connect to host merolagani.com:443 ssl:default [Temporary failure in name resolution]
2025-09-08 07:52:56 | ERROR | scraper | Request exception on page 70 for 07/10/2025: Cannot connect to host merolagani.com:443 ssl:default [Temporary failure in name resolution]
2025-09-08 07:52:56 | ERROR | scraper | Request exception on page 66 for 07/10/2025: Cannot connect to host merolagani.com:443 ssl:default [Temporary failure in name resolution]
2025-09-08 07:52:58 | INFO | scraper | Fetched page 73 for 07/23/2025
2025-09-08 07:52:59 | ERROR | scraper | Request exception on page 70 for 07/28/2025: Cannot connect to host merolagani.com:443 ssl:default [Temporary failure in name resolution]
2025-09-08 07:52:59 | ERROR | scraper | Request exception on page 67 for 07/28/2025: Cannot connect to host merolagani.com:443 ssl:default [Temporary failure in name resolution]
2025-09-08 07:52:59 | ERROR | scraper | Request exception on page 66 for 07/28/2025: Cannot connect to host merolagani.com:443 ssl:default [Temporary failure in name resolution]
2025-09-08 07:52:59 | ERROR | scraper | Request exception on page 69 for 07/28/2025: Cannot connect to host merolagani.com:443 ssl:default [Temporary failure in name resolution]
2025-09-08 07:52:59 | ERROR | scraper | Request exception on page 68 for 07/28/2025: Cannot connect to host merolagani.com:443 ssl:default [Temporary failure in name resolution]
2025-09-08 07:52:59 | ERROR | scraper | Request exception on page 67 for 07/29/2025: Cannot connect to host merolagani.com:443 ssl:default [Temporary failure in name resolution]
2025-09-08 07:52:59 | ERROR | scraper | Request exception on page 70 for 07/29/2025: Cannot connect to host merolagani.com:443 ssl:default [Temporary failure in name resolution]
2025-09-08 07:52:59 | ERROR | scraper | Request exception on page 69 for 07/29/2025: Cannot connect to host merolagani.com:443 ssl:default [Temporary failure in name resolution]
2025-09-08 07:52:59 | ERROR | scraper | Request exception on page 68 for 07/29/2025: Cannot connect to host merolagani.com:443 ssl:default [Temporary failure in name resolution]
2025-09-08 07:52:59 | ERROR | scraper | Request exception on page 66 for 07/29/2025: Cannot connect to host merolagani.com:443 ssl:default [Temporary failure in name resolution]
2025-09-08 07:53:00 | ERROR | scraper | Timeout processing batch starting at page 66 for 07/10/2025
2025-09-08 07:53:00 | INFO | scraper | Fetched page 75 for 07/27/2025
2025-09-08 07:53:00 | INFO | scraper | Fetched page 73 for 07/15/2025
2025-09-08 07:53:00 | INFO | scraper | Fetched page 75 for 07/07/2025
2025-09-08 07:53:01 | INFO | scraper | Fetched page 71 for 07/08/2025
2025-09-08 07:53:01 | INFO | scraper | Fetched page 71 for 07/15/2025
2025-09-08 07:53:01 | INFO | scraper | Fetched page 66 for 07/21/2025
2025-09-08 07:53:01 | INFO | scraper | Fetched page 75 for 07/14/2025
2025-09-08 07:53:01 | INFO | scraper | Fetched page 73 for 07/07/2025
2025-09-08 07:53:01 | INFO | scraper | Fetched page 77 for 07/23/2025
2025-09-08 07:53:02 | INFO | scraper | Fetched page 77 for 07/09/2025
2025-09-08 07:53:02 | INFO | scraper | Fetched page 75 for 07/09/2025
2025-09-08 07:53:02 | INFO | scraper | Fetched page 74 for 07/13/2025
2025-09-08 07:53:02 | INFO | scraper | Fetched page 74 for 07/07/2025
2025-09-08 07:53:02 | INFO | scraper | Fetched page 72 for 07/07/2025
2025-09-08 07:53:03 | INFO | scraper | Fetched page 71 for 07/27/2025
2025-09-08 07:53:03 | INFO | scraper | Fetched page 74 for 07/08/2025
2025-09-08 07:53:03 | INFO | scraper | Fetched page 73 for 07/06/2025
2025-09-08 07:53:03 | INFO | scraper | Fetched page 76 for 07/09/2025
2025-09-08 07:53:03 | INFO | scraper | Fetched page 72 for 07/15/2025
2025-09-08 07:53:04 | INFO | scraper | Fetched page 75 for 07/23/2025
2025-09-08 07:53:04 | INFO | scraper | Fetched page 67 for 07/21/2025
2025-09-08 07:53:04 | INFO | scraper | Fetched page 75 for 07/15/2025
2025-09-08 07:53:04 | INFO | scraper | Fetched page 73 for 07/08/2025
2025-09-08 07:53:04 | INFO | scraper | Fetched page 71 for 07/13/2025
2025-09-08 07:53:04 | INFO | scraper | Fetched page 72 for 07/08/2025
2025-09-08 07:53:04 | ERROR | scraper | Request exception on page 73 for 07/23/2025: 
2025-09-08 07:53:04 | INFO | scraper | Fetched page 74 for 07/15/2025
2025-09-08 07:53:04 | INFO | scraper | Fetched page 75 for 07/17/2025
2025-09-08 07:53:04 | INFO | scraper | Fetched page 79 for 07/09/2025
2025-09-08 07:53:04 | INFO | scraper | Fetched page 74 for 07/06/2025
2025-09-08 07:53:04 | INFO | scraper | Fetched page 75 for 07/08/2025
2025-09-08 07:53:05 | INFO | scraper | Fetched page 72 for 07/14/2025
2025-09-08 07:53:05 | INFO | scraper | Fetched page 71 for 07/07/2025
2025-09-08 07:53:05 | INFO | scraper | Fetched page 73 for 07/13/2025
2025-09-08 07:53:05 | INFO | scraper | Fetched page 73 for 07/17/2025
2025-09-08 07:53:06 | INFO | scraper | Fetched page 71 for 07/14/2025
2025-09-08 07:53:06 | ERROR | scraper | Timeout processing batch starting at page 66 for 07/28/2025
2025-09-08 07:53:06 | INFO | scraper | Fetched page 68 for 07/21/2025
2025-09-08 07:53:07 | INFO | scraper | Fetched page 75 for 07/06/2025
2025-09-08 07:53:07 | INFO | scraper | Fetched page 74 for 07/27/2025
2025-09-08 07:53:07 | ERROR | scraper | Timeout processing batch starting at page 66 for 07/21/2025
2025-09-08 07:53:08 | INFO | scraper | Fetched page 75 for 07/13/2025
2025-09-08 07:53:08 | INFO | scraper | Fetched page 69 for 07/29/2025
2025-09-08 07:53:08 | INFO | scraper | Fetched page 74 for 07/23/2025
2025-09-08 07:53:08 | INFO | scraper | Fetched page 71 for 07/06/2025
2025-09-08 07:53:08 | INFO | scraper | Fetched page 74 for 07/10/2025
2025-09-08 07:53:08 | ERROR | scraper | Timeout processing batch starting at page 71 for 07/27/2025
2025-09-08 07:53:10 | INFO | scraper | Fetched page 70 for 07/29/2025
2025-09-08 07:53:10 | INFO | scraper | Fetched page 73 for 07/10/2025
2025-09-08 07:53:10 | INFO | scraper | Fetched page 74 for 07/17/2025
2025-09-08 07:53:10 | INFO | scraper | Fetched page 71 for 07/10/2025
2025-09-08 07:53:10 | INFO | scraper | Fetched page 74 for 07/14/2025
2025-09-08 07:53:10 | INFO | scraper | Fetched page 76 for 07/23/2025
2025-09-08 07:53:12 | ERROR | scraper | Request exception on page 75 for 07/13/2025: 
2025-09-08 07:53:12 | ERROR | scraper | Request exception on page 74 for 07/13/2025: 
2025-09-08 07:53:12 | ERROR | scraper | Request exception on page 71 for 07/13/2025: 
2025-09-08 07:53:12 | ERROR | scraper | Request exception on page 72 for 07/13/2025: 
2025-09-08 07:53:12 | ERROR | scraper | Request exception on page 73 for 07/13/2025: 
2025-09-08 07:53:13 | ERROR | scraper | Request exception on page 77 for 07/09/2025: 
2025-09-08 07:53:13 | ERROR | scraper | Request exception on page 75 for 07/09/2025: 
2025-09-08 07:53:13 | ERROR | scraper | Request exception on page 78 for 07/09/2025: 
2025-09-08 07:53:13 | ERROR | scraper | Request exception on page 79 for 07/09/2025: 
2025-09-08 07:53:13 | ERROR | scraper | Request exception on page 76 for 07/09/2025: 
2025-09-08 07:53:15 | ERROR | scraper | Request exception on page 75 for 07/06/2025: 
2025-09-08 07:53:15 | ERROR | scraper | Request exception on page 71 for 07/06/2025: 
2025-09-08 07:53:15 | ERROR | scraper | Request exception on page 72 for 07/06/2025: 
2025-09-08 07:53:15 | ERROR | scraper | Request exception on page 74 for 07/06/2025: 
2025-09-08 07:53:15 | ERROR | scraper | Request exception on page 73 for 07/06/2025: 
2025-09-08 07:53:17 | ERROR | scraper | Request exception on page 71 for 07/07/2025: 
2025-09-08 07:53:17 | ERROR | scraper | Request exception on page 74 for 07/07/2025: 
2025-09-08 07:53:17 | ERROR | scraper | Request exception on page 75 for 07/07/2025: 
2025-09-08 07:53:17 | ERROR | scraper | Request exception on page 73 for 07/07/2025: 
2025-09-08 07:53:17 | ERROR | scraper | Request exception on page 72 for 07/07/2025: 
2025-09-08 07:53:18 | ERROR | scraper | Request exception on page 74 for 07/17/2025: 
2025-09-08 07:53:18 | ERROR | scraper | Request exception on page 73 for 07/17/2025: 
2025-09-08 07:53:18 | ERROR | scraper | Request exception on page 72 for 07/17/2025: 
2025-09-08 07:53:18 | ERROR | scraper | Request exception on page 71 for 07/17/2025: 
2025-09-08 07:53:18 | ERROR | scraper | Request exception on page 75 for 07/17/2025: 
2025-09-08 07:53:21 | ERROR | scraper | Timeout processing batch starting at page 71 for 07/13/2025
2025-09-08 07:53:21 | ERROR | scraper | Timeout processing batch starting at page 75 for 07/09/2025
2025-09-08 07:53:22 | ERROR | scraper | Request exception on page 75 for 07/15/2025: 
2025-09-08 07:53:22 | ERROR | scraper | Request exception on page 72 for 07/15/2025: 
2025-09-08 07:53:22 | ERROR | scraper | Request exception on page 71 for 07/15/2025: 
2025-09-08 07:53:22 | ERROR | scraper | Request exception on page 74 for 07/15/2025: 
2025-09-08 07:53:23 | ERROR | scraper | Request exception on page 73 for 07/08/2025: 
2025-09-08 07:53:23 | ERROR | scraper | Request exception on page 71 for 07/08/2025: 
2025-09-08 07:53:23 | ERROR | scraper | Request exception on page 74 for 07/14/2025: 
2025-09-08 07:53:23 | ERROR | scraper | Request exception on page 74 for 07/08/2025: 
2025-09-08 07:53:23 | ERROR | scraper | Request exception on page 72 for 07/08/2025: 
2025-09-08 07:53:23 | ERROR | scraper | Request exception on page 73 for 07/14/2025: 
2025-09-08 07:53:23 | ERROR | scraper | Request exception on page 75 for 07/08/2025: 
2025-09-08 07:53:23 | ERROR | scraper | Request exception on page 71 for 07/14/2025: 
2025-09-08 07:53:23 | ERROR | scraper | Request exception on page 75 for 07/14/2025: 
2025-09-08 07:53:23 | ERROR | scraper | Request exception on page 72 for 07/14/2025: 
2025-09-08 07:53:23 | ERROR | scraper | Timeout processing batch starting at page 71 for 07/06/2025
2025-09-08 07:53:26 | ERROR | scraper | Timeout processing batch starting at page 71 for 07/16/2025
2025-09-08 07:53:26 | ERROR | scraper | Timeout processing batch starting at page 71 for 07/07/2025
2025-09-08 07:53:27 | ERROR | scraper | Timeout processing batch starting at page 71 for 07/17/2025
2025-09-08 07:53:27 | ERROR | scraper | Request exception on page 77 for 07/23/2025: 
2025-09-08 07:53:27 | ERROR | scraper | Request exception on page 75 for 07/23/2025: 
2025-09-08 07:53:27 | ERROR | scraper | Request exception on page 76 for 07/23/2025: 
2025-09-08 07:53:27 | ERROR | scraper | Request exception on page 74 for 07/23/2025: 
2025-09-08 07:53:30 | ERROR | scraper | Request exception on page 82 for 07/09/2025: Cannot connect to host merolagani.com:443 ssl:default [Temporary failure in name resolution]
2025-09-08 07:53:30 | ERROR | scraper | Request exception on page 80 for 07/09/2025: Cannot connect to host merolagani.com:443 ssl:default [Temporary failure in name resolution]
2025-09-08 07:53:30 | ERROR | scraper | Request exception on page 81 for 07/09/2025: Cannot connect to host merolagani.com:443 ssl:default [Temporary failure in name resolution]
2025-09-08 07:53:30 | ERROR | scraper | Request exception on page 83 for 07/09/2025: Cannot connect to host merolagani.com:443 ssl:default [Temporary failure in name resolution]
2025-09-08 07:53:30 | ERROR | scraper | Request exception on page 84 for 07/09/2025: Cannot connect to host merolagani.com:443 ssl:default [Temporary failure in name resolution]
2025-09-08 07:53:30 | INFO | scraper | Fetched page 75 for 07/15/2025
2025-09-08 07:53:30 | ERROR | scraper | Timeout processing batch starting at page 71 for 07/15/2025
2025-09-08 07:53:31 | ERROR | scraper | Request exception on page 69 for 07/29/2025: 
2025-09-08 07:53:31 | ERROR | scraper | Request exception on page 67 for 07/29/2025: 
2025-09-08 07:53:31 | ERROR | scraper | Request exception on page 66 for 07/29/2025: 
2025-09-08 07:53:31 | ERROR | scraper | Request exception on page 70 for 07/29/2025: 
2025-09-08 07:53:31 | ERROR | scraper | Request exception on page 68 for 07/29/2025: 
2025-09-08 07:53:31 | ERROR | scraper | Timeout processing batch starting at page 71 for 07/08/2025
2025-09-08 07:53:32 | INFO | scraper | Fetched page 79 for 07/06/2025
2025-09-08 07:53:32 | ERROR | scraper | Timeout processing batch starting at page 71 for 07/14/2025
2025-09-08 07:53:32 | ERROR | scraper | Request exception on page 74 for 07/10/2025: 
2025-09-08 07:53:32 | ERROR | scraper | Request exception on page 75 for 07/10/2025: 
2025-09-08 07:53:32 | ERROR | scraper | Request exception on page 71 for 07/10/2025: 
2025-09-08 07:53:32 | ERROR | scraper | Request exception on page 73 for 07/10/2025: 
2025-09-08 07:53:32 | ERROR | scraper | Request exception on page 72 for 07/10/2025: 
2025-09-08 07:53:32 | INFO | scraper | Fetched page 77 for 07/06/2025
2025-09-08 07:53:33 | INFO | scraper | Fetched page 79 for 07/16/2025
2025-09-08 07:53:33 | INFO | scraper | Fetched page 80 for 07/27/2025
2025-09-08 07:53:33 | ERROR | scraper | Timeout processing batch starting at page 73 for 07/23/2025
2025-09-08 07:53:34 | INFO | scraper | Fetched page 80 for 07/16/2025
2025-09-08 07:53:34 | INFO | scraper | Fetched page 77 for 07/07/2025
2025-09-08 07:53:35 | INFO | scraper | Fetched page 78 for 07/17/2025
2025-09-08 07:53:35 | INFO | scraper | Fetched page 78 for 07/06/2025
2025-09-08 07:53:39 | ERROR | scraper | Request exception on page 75 for 07/28/2025: 
2025-09-08 07:53:39 | ERROR | scraper | Request exception on page 71 for 07/28/2025: 
2025-09-08 07:53:39 | ERROR | scraper | Request exception on page 74 for 07/28/2025: 
2025-09-08 07:53:39 | ERROR | scraper | Request exception on page 73 for 07/28/2025: 
2025-09-08 07:53:39 | ERROR | scraper | Request exception on page 72 for 07/28/2025: 
2025-09-08 07:53:39 | ERROR | scraper | Timeout processing batch starting at page 66 for 07/29/2025
2025-09-08 07:53:40 | ERROR | scraper | Request exception on page 74 for 07/21/2025: 
2025-09-08 07:53:40 | ERROR | scraper | Request exception on page 75 for 07/21/2025: 
2025-09-08 07:53:40 | ERROR | scraper | Request exception on page 71 for 07/21/2025: 
2025-09-08 07:53:40 | ERROR | scraper | Request exception on page 73 for 07/21/2025: 
2025-09-08 07:53:40 | ERROR | scraper | Request exception on page 72 for 07/21/2025: 
2025-09-08 07:53:41 | ERROR | scraper | Request exception on page 80 for 07/27/2025: 
2025-09-08 07:53:41 | ERROR | scraper | Request exception on page 79 for 07/27/2025: 
2025-09-08 07:53:41 | ERROR | scraper | Request exception on page 77 for 07/27/2025: 
2025-09-08 07:53:41 | ERROR | scraper | Request exception on page 78 for 07/27/2025: 
2025-09-08 07:53:41 | ERROR | scraper | Request exception on page 76 for 07/27/2025: 
2025-09-08 07:53:45 | ERROR | scraper | Request exception on page 77 for 07/08/2025: Cannot connect to host merolagani.com:443 ssl:default [No address associated with hostname]
2025-09-08 07:53:45 | ERROR | scraper | Request exception on page 79 for 07/08/2025: Cannot connect to host merolagani.com:443 ssl:default [No address associated with hostname]
2025-09-08 07:53:45 | ERROR | scraper | Request exception on page 76 for 07/08/2025: Cannot connect to host merolagani.com:443 ssl:default [No address associated with hostname]
2025-09-08 07:53:45 | ERROR | scraper | Request exception on page 80 for 07/08/2025: Cannot connect to host merolagani.com:443 ssl:default [No address associated with hostname]
2025-09-08 07:53:45 | ERROR | scraper | Request exception on page 78 for 07/08/2025: Cannot connect to host merolagani.com:443 ssl:default [No address associated with hostname]
2025-09-08 07:53:45 | ERROR | scraper | Request exception on page 77 for 07/14/2025: Cannot connect to host merolagani.com:443 ssl:default [No address associated with hostname]
2025-09-08 07:53:45 | ERROR | scraper | Request exception on page 79 for 07/14/2025: Cannot connect to host merolagani.com:443 ssl:default [No address associated with hostname]
2025-09-08 07:53:45 | ERROR | scraper | Request exception on page 80 for 07/14/2025: Cannot connect to host merolagani.com:443 ssl:default [No address associated with hostname]
2025-09-08 07:53:45 | ERROR | scraper | Request exception on page 78 for 07/14/2025: Cannot connect to host merolagani.com:443 ssl:default [No address associated with hostname]
2025-09-08 07:53:45 | ERROR | scraper | Request exception on page 76 for 07/14/2025: Cannot connect to host merolagani.com:443 ssl:default [No address associated with hostname]
2025-09-08 07:53:53 | ERROR | scraper | Request exception on page 76 for 07/13/2025: 
2025-09-08 07:53:53 | ERROR | scraper | Request exception on page 80 for 07/13/2025: 
2025-09-08 07:53:53 | ERROR | scraper | Request exception on page 79 for 07/13/2025: 
2025-09-08 07:53:53 | ERROR | scraper | Request exception on page 78 for 07/13/2025: 
2025-09-08 07:53:53 | ERROR | scraper | Request exception on page 77 for 07/13/2025: 
2025-09-08 07:53:56 | ERROR | scraper | Request exception on page 76 for 07/06/2025: 
2025-09-08 07:53:56 | ERROR | scraper | Request exception on page 79 for 07/06/2025: 
2025-09-08 07:53:56 | ERROR | scraper | Request exception on page 80 for 07/06/2025: 
2025-09-08 07:53:56 | ERROR | scraper | Request exception on page 78 for 07/06/2025: 
2025-09-08 07:53:56 | ERROR | scraper | Request exception on page 77 for 07/06/2025: 
2025-09-08 07:53:58 | ERROR | scraper | Request exception on page 80 for 07/16/2025: 
2025-09-08 07:53:58 | ERROR | scraper | Request exception on page 78 for 07/07/2025: 
2025-09-08 07:53:58 | ERROR | scraper | Request exception on page 76 for 07/16/2025: 
2025-09-08 07:53:58 | ERROR | scraper | Request exception on page 78 for 07/16/2025: 
2025-09-08 07:53:58 | ERROR | scraper | Request exception on page 77 for 07/07/2025: 
2025-09-08 07:53:58 | ERROR | scraper | Request exception on page 79 for 07/16/2025: 
2025-09-08 07:53:58 | ERROR | scraper | Request exception on page 80 for 07/07/2025: 
2025-09-08 07:53:58 | ERROR | scraper | Request exception on page 77 for 07/16/2025: 
2025-09-08 07:53:58 | ERROR | scraper | Request exception on page 76 for 07/07/2025: 
2025-09-08 07:53:58 | ERROR | scraper | Request exception on page 79 for 07/07/2025: 
2025-09-08 07:53:59 | ERROR | scraper | Request exception on page 76 for 07/17/2025: 
2025-09-08 07:53:59 | ERROR | scraper | Request exception on page 79 for 07/17/2025: 
2025-09-08 07:53:59 | ERROR | scraper | Request exception on page 80 for 07/17/2025: 
2025-09-08 07:53:59 | ERROR | scraper | Request exception on page 78 for 07/17/2025: 
2025-09-08 07:53:59 | ERROR | scraper | Request exception on page 77 for 07/17/2025: 
2025-09-08 07:54:00 | ERROR | scraper | Request exception on page 74 for 07/28/2025: Cannot connect to host merolagani.com:443 ssl:default [Temporary failure in name resolution]
2025-09-08 07:54:00 | ERROR | scraper | Request exception on page 71 for 07/28/2025: Cannot connect to host merolagani.com:443 ssl:default [Temporary failure in name resolution]
2025-09-08 07:54:00 | ERROR | scraper | Request exception on page 72 for 07/28/2025: Cannot connect to host merolagani.com:443 ssl:default [Temporary failure in name resolution]
2025-09-08 07:54:00 | ERROR | scraper | Request exception on page 73 for 07/28/2025: Cannot connect to host merolagani.com:443 ssl:default [Temporary failure in name resolution]
2025-09-08 07:54:00 | ERROR | scraper | Request exception on page 75 for 07/28/2025: Cannot connect to host merolagani.com:443 ssl:default [Temporary failure in name resolution]
2025-09-08 07:54:01 | ERROR | scraper | Request exception on page 71 for 07/21/2025: Cannot connect to host merolagani.com:443 ssl:default [Temporary failure in name resolution]
2025-09-08 07:54:01 | ERROR | scraper | Request exception on page 73 for 07/21/2025: Cannot connect to host merolagani.com:443 ssl:default [Temporary failure in name resolution]
2025-09-08 07:54:01 | ERROR | scraper | Request exception on page 72 for 07/21/2025: Cannot connect to host merolagani.com:443 ssl:default [Temporary failure in name resolution]
2025-09-08 07:54:01 | ERROR | scraper | Request exception on page 75 for 07/21/2025: Cannot connect to host merolagani.com:443 ssl:default [Temporary failure in name resolution]
2025-09-08 07:54:01 | ERROR | scraper | Request exception on page 74 for 07/21/2025: Cannot connect to host merolagani.com:443 ssl:default [Temporary failure in name resolution]
2025-09-08 07:54:02 | ERROR | scraper | Timeout processing batch starting at page 71 for 07/10/2025
2025-09-08 07:54:02 | ERROR | scraper | Request exception on page 82 for 07/09/2025: 
2025-09-08 07:54:02 | ERROR | scraper | Request exception on page 84 for 07/09/2025: 
2025-09-08 07:54:02 | ERROR | scraper | Request exception on page 83 for 07/09/2025: 
2025-09-08 07:54:02 | ERROR | scraper | Request exception on page 80 for 07/09/2025: 
2025-09-08 07:54:02 | ERROR | scraper | Request exception on page 81 for 07/09/2025: 
2025-09-08 07:54:02 | ERROR | scraper | Request exception on page 78 for 07/27/2025: Cannot connect to host merolagani.com:443 ssl:default [Temporary failure in name resolution]
2025-09-08 07:54:02 | ERROR | scraper | Request exception on page 76 for 07/27/2025: Cannot connect to host merolagani.com:443 ssl:default [Temporary failure in name resolution]
2025-09-08 07:54:02 | ERROR | scraper | Request exception on page 79 for 07/27/2025: Cannot connect to host merolagani.com:443 ssl:default [Temporary failure in name resolution]
2025-09-08 07:54:02 | ERROR | scraper | Request exception on page 77 for 07/27/2025: Cannot connect to host merolagani.com:443 ssl:default [Temporary failure in name resolution]
2025-09-08 07:54:02 | ERROR | scraper | Request exception on page 80 for 07/27/2025: Cannot connect to host merolagani.com:443 ssl:default [Temporary failure in name resolution]
2025-09-08 07:54:03 | ERROR | scraper | Request exception on page 78 for 07/15/2025: 
2025-09-08 07:54:03 | ERROR | scraper | Request exception on page 80 for 07/15/2025: 
2025-09-08 07:54:03 | ERROR | scraper | Request exception on page 76 for 07/15/2025: 
2025-09-08 07:54:03 | ERROR | scraper | Request exception on page 79 for 07/15/2025: 
2025-09-08 07:54:03 | ERROR | scraper | Request exception on page 77 for 07/15/2025: 
2025-09-08 07:54:06 | ERROR | scraper | Request exception on page 82 for 07/23/2025: 
2025-09-08 07:54:06 | ERROR | scraper | Request exception on page 78 for 07/23/2025: 
2025-09-08 07:54:06 | ERROR | scraper | Request exception on page 80 for 07/23/2025: 
2025-09-08 07:54:06 | ERROR | scraper | Request exception on page 79 for 07/23/2025: 
2025-09-08 07:54:06 | ERROR | scraper | Request exception on page 81 for 07/23/2025: 
2025-09-08 07:54:06 | ERROR | scraper | Request exception on page 79 for 07/08/2025: Cannot connect to host merolagani.com:443 ssl:default [Temporary failure in name resolution]
2025-09-08 07:54:06 | ERROR | scraper | Request exception on page 80 for 07/08/2025: Cannot connect to host merolagani.com:443 ssl:default [Temporary failure in name resolution]
2025-09-08 07:54:06 | ERROR | scraper | Request exception on page 76 for 07/08/2025: Cannot connect to host merolagani.com:443 ssl:default [Temporary failure in name resolution]
2025-09-08 07:54:06 | ERROR | scraper | Request exception on page 78 for 07/08/2025: Cannot connect to host merolagani.com:443 ssl:default [Temporary failure in name resolution]
2025-09-08 07:54:06 | ERROR | scraper | Request exception on page 77 for 07/08/2025: Cannot connect to host merolagani.com:443 ssl:default [Temporary failure in name resolution]
2025-09-08 07:54:06 | ERROR | scraper | Request exception on page 78 for 07/14/2025: Cannot connect to host merolagani.com:443 ssl:default [Temporary failure in name resolution]
2025-09-08 07:54:06 | ERROR | scraper | Request exception on page 76 for 07/14/2025: Cannot connect to host merolagani.com:443 ssl:default [Temporary failure in name resolution]
2025-09-08 07:54:06 | ERROR | scraper | Request exception on page 79 for 07/14/2025: Cannot connect to host merolagani.com:443 ssl:default [Temporary failure in name resolution]
2025-09-08 07:54:06 | ERROR | scraper | Request exception on page 80 for 07/14/2025: Cannot connect to host merolagani.com:443 ssl:default [Temporary failure in name resolution]
2025-09-08 07:54:06 | ERROR | scraper | Request exception on page 77 for 07/14/2025: Cannot connect to host merolagani.com:443 ssl:default [Temporary failure in name resolution]
2025-09-08 07:54:08 | ERROR | scraper | Timeout processing batch starting at page 71 for 07/28/2025
2025-09-08 07:54:09 | ERROR | scraper | Timeout processing batch starting at page 71 for 07/21/2025
2025-09-08 07:54:10 | ERROR | scraper | Timeout processing batch starting at page 76 for 07/27/2025
2025-09-08 07:54:12 | ERROR | scraper | Request exception on page 74 for 07/29/2025: 
2025-09-08 07:54:12 | ERROR | scraper | Request exception on page 75 for 07/29/2025: 
2025-09-08 07:54:12 | ERROR | scraper | Request exception on page 73 for 07/29/2025: 
2025-09-08 07:54:12 | ERROR | scraper | Request exception on page 71 for 07/29/2025: 
2025-09-08 07:54:12 | ERROR | scraper | Request exception on page 72 for 07/29/2025: 
2025-09-08 07:54:14 | ERROR | scraper | Request exception on page 79 for 07/13/2025: Cannot connect to host merolagani.com:443 ssl:default [Temporary failure in name resolution]
2025-09-08 07:54:14 | ERROR | scraper | Request exception on page 80 for 07/13/2025: Cannot connect to host merolagani.com:443 ssl:default [Temporary failure in name resolution]
2025-09-08 07:54:14 | ERROR | scraper | Request exception on page 78 for 07/13/2025: Cannot connect to host merolagani.com:443 ssl:default [Temporary failure in name resolution]
2025-09-08 07:54:14 | ERROR | scraper | Request exception on page 77 for 07/13/2025: Cannot connect to host merolagani.com:443 ssl:default [Temporary failure in name resolution]
2025-09-08 07:54:14 | ERROR | scraper | Request exception on page 76 for 07/13/2025: Cannot connect to host merolagani.com:443 ssl:default [Temporary failure in name resolution]
2025-09-08 07:54:17 | INFO | scraper | Fetched page 80 for 07/08/2025
2025-09-08 07:54:17 | ERROR | scraper | Request exception on page 78 for 07/06/2025: Cannot connect to host merolagani.com:443 ssl:default [Temporary failure in name resolution]
2025-09-08 07:54:17 | ERROR | scraper | Request exception on page 77 for 07/06/2025: Cannot connect to host merolagani.com:443 ssl:default [Temporary failure in name resolution]
2025-09-08 07:54:17 | ERROR | scraper | Request exception on page 79 for 07/06/2025: Cannot connect to host merolagani.com:443 ssl:default [Temporary failure in name resolution]
2025-09-08 07:54:17 | ERROR | scraper | Request exception on page 80 for 07/06/2025: Cannot connect to host merolagani.com:443 ssl:default [Temporary failure in name resolution]
2025-09-08 07:54:17 | ERROR | scraper | Request exception on page 76 for 07/06/2025: Cannot connect to host merolagani.com:443 ssl:default [Temporary failure in name resolution]
2025-09-08 07:54:17 | INFO | scraper | Fetched page 79 for 07/14/2025
2025-09-08 07:54:19 | INFO | scraper | Fetched page 77 for 07/14/2025
2025-09-08 07:54:23 | ERROR | scraper | Timeout processing batch starting at page 76 for 07/13/2025
2025-09-08 07:54:23 | ERROR | scraper | Timeout processing batch starting at page 80 for 07/09/2025
2025-09-08 07:54:25 | ERROR | scraper | Timeout processing batch starting at page 76 for 07/06/2025
2025-09-08 07:54:27 | ERROR | scraper | Request exception on page 79 for 07/23/2025: Cannot connect to host merolagani.com:443 ssl:default [Temporary failure in name resolution]
2025-09-08 07:54:27 | ERROR | scraper | Request exception on page 81 for 07/23/2025: Cannot connect to host merolagani.com:443 ssl:default [Temporary failure in name resolution]
2025-09-08 07:54:27 | ERROR | scraper | Request exception on page 78 for 07/23/2025: Cannot connect to host merolagani.com:443 ssl:default [Temporary failure in name resolution]
2025-09-08 07:54:27 | ERROR | scraper | Request exception on page 80 for 07/23/2025: Cannot connect to host merolagani.com:443 ssl:default [Temporary failure in name resolution]
2025-09-08 07:54:27 | ERROR | scraper | Request exception on page 82 for 07/23/2025: Cannot connect to host merolagani.com:443 ssl:default [Temporary failure in name resolution]
2025-09-08 07:54:28 | ERROR | scraper | Timeout processing batch starting at page 76 for 07/16/2025
2025-09-08 07:54:28 | ERROR | scraper | Timeout processing batch starting at page 76 for 07/07/2025
2025-09-08 07:54:29 | ERROR | scraper | Timeout processing batch starting at page 76 for 07/17/2025
2025-09-08 07:54:32 | ERROR | scraper | Timeout processing batch starting at page 76 for 07/15/2025
2025-09-08 07:54:33 | ERROR | scraper | Timeout processing batch starting at page 76 for 07/08/2025
2025-09-08 07:54:34 | ERROR | scraper | Timeout processing batch starting at page 76 for 07/14/2025
2025-09-08 07:54:34 | ERROR | scraper | Request exception on page 76 for 07/10/2025: 
2025-09-08 07:54:34 | ERROR | scraper | Request exception on page 79 for 07/10/2025: 
2025-09-08 07:54:34 | ERROR | scraper | Request exception on page 80 for 07/10/2025: 
2025-09-08 07:54:34 | ERROR | scraper | Request exception on page 77 for 07/10/2025: 
2025-09-08 07:54:34 | ERROR | scraper | Request exception on page 78 for 07/10/2025: 
2025-09-08 07:54:35 | ERROR | scraper | Timeout processing batch starting at page 78 for 07/23/2025
2025-09-08 07:54:39 | ERROR | scraper | Request exception on page 84 for 07/06/2025: Cannot connect to host merolagani.com:443 ssl:default [Temporary failure in name resolution]
2025-09-08 07:54:39 | ERROR | scraper | Request exception on page 82 for 07/06/2025: Cannot connect to host merolagani.com:443 ssl:default [Temporary failure in name resolution]
2025-09-08 07:54:39 | ERROR | scraper | Request exception on page 81 for 07/06/2025: Cannot connect to host merolagani.com:443 ssl:default [Temporary failure in name resolution]
2025-09-08 07:54:39 | ERROR | scraper | Request exception on page 83 for 07/06/2025: Cannot connect to host merolagani.com:443 ssl:default [Temporary failure in name resolution]
2025-09-08 07:54:39 | ERROR | scraper | Request exception on page 85 for 07/06/2025: Cannot connect to host merolagani.com:443 ssl:default [Temporary failure in name resolution]
2025-09-08 07:54:40 | ERROR | scraper | Request exception on page 82 for 07/07/2025: Cannot connect to host merolagani.com:443 ssl:default [Temporary failure in name resolution]
2025-09-08 07:54:40 | ERROR | scraper | Request exception on page 83 for 07/07/2025: Cannot connect to host merolagani.com:443 ssl:default [Temporary failure in name resolution]
2025-09-08 07:54:40 | ERROR | scraper | Request exception on page 84 for 07/07/2025: Cannot connect to host merolagani.com:443 ssl:default [Temporary failure in name resolution]
2025-09-08 07:54:40 | ERROR | scraper | Request exception on page 85 for 07/07/2025: Cannot connect to host merolagani.com:443 ssl:default [Temporary failure in name resolution]
2025-09-08 07:54:40 | ERROR | scraper | Request exception on page 81 for 07/07/2025: Cannot connect to host merolagani.com:443 ssl:default [Temporary failure in name resolution]
2025-09-08 07:54:40 | ERROR | scraper | Request exception on page 86 for 07/09/2025: Cannot connect to host merolagani.com:443 ssl:default [Temporary failure in name resolution]
2025-09-08 07:54:40 | ERROR | scraper | Request exception on page 89 for 07/09/2025: Cannot connect to host merolagani.com:443 ssl:default [Temporary failure in name resolution]
2025-09-08 07:54:40 | ERROR | scraper | Request exception on page 88 for 07/09/2025: Cannot connect to host merolagani.com:443 ssl:default [Temporary failure in name resolution]
2025-09-08 07:54:40 | ERROR | scraper | Request exception on page 87 for 07/09/2025: Cannot connect to host merolagani.com:443 ssl:default [Temporary failure in name resolution]
2025-09-08 07:54:40 | ERROR | scraper | Request exception on page 85 for 07/09/2025: Cannot connect to host merolagani.com:443 ssl:default [Temporary failure in name resolution]
2025-09-08 07:54:41 | ERROR | scraper | Request exception on page 82 for 07/17/2025: Cannot connect to host merolagani.com:443 ssl:default [Temporary failure in name resolution]
2025-09-08 07:54:41 | ERROR | scraper | Request exception on page 84 for 07/17/2025: Cannot connect to host merolagani.com:443 ssl:default [Temporary failure in name resolution]
2025-09-08 07:54:41 | ERROR | scraper | Request exception on page 83 for 07/17/2025: Cannot connect to host merolagani.com:443 ssl:default [Temporary failure in name resolution]
2025-09-08 07:54:41 | ERROR | scraper | Request exception on page 85 for 07/17/2025: Cannot connect to host merolagani.com:443 ssl:default [Temporary failure in name resolution]
2025-09-08 07:54:41 | ERROR | scraper | Request exception on page 81 for 07/17/2025: Cannot connect to host merolagani.com:443 ssl:default [Temporary failure in name resolution]
2025-09-08 07:54:41 | ERROR | scraper | Request exception on page 80 for 07/28/2025: 
2025-09-08 07:54:41 | ERROR | scraper | Request exception on page 76 for 07/28/2025: 
2025-09-08 07:54:41 | ERROR | scraper | Request exception on page 79 for 07/28/2025: 
2025-09-08 07:54:41 | ERROR | scraper | Request exception on page 78 for 07/28/2025: 
2025-09-08 07:54:41 | ERROR | scraper | Request exception on page 77 for 07/28/2025: 
2025-09-08 07:54:41 | ERROR | scraper | Timeout processing batch starting at page 71 for 07/29/2025
2025-09-08 07:54:42 | ERROR | scraper | Request exception on page 80 for 07/21/2025: 
2025-09-08 07:54:42 | ERROR | scraper | Request exception on page 76 for 07/21/2025: 
2025-09-08 07:54:42 | ERROR | scraper | Request exception on page 79 for 07/21/2025: 
2025-09-08 07:54:42 | ERROR | scraper | Request exception on page 78 for 07/21/2025: 
2025-09-08 07:54:42 | ERROR | scraper | Request exception on page 77 for 07/21/2025: 
2025-09-08 07:54:43 | ERROR | scraper | Request exception on page 81 for 07/27/2025: 
2025-09-08 07:54:43 | ERROR | scraper | Request exception on page 82 for 07/27/2025: 
2025-09-08 07:54:43 | ERROR | scraper | Request exception on page 85 for 07/27/2025: 
2025-09-08 07:54:43 | ERROR | scraper | Request exception on page 84 for 07/27/2025: 
2025-09-08 07:54:43 | ERROR | scraper | Request exception on page 83 for 07/27/2025: 
2025-09-08 07:54:44 | ERROR | scraper | Request exception on page 84 for 07/23/2025: Cannot connect to host merolagani.com:443 ssl:default [Temporary failure in name resolution]
2025-09-08 07:54:44 | ERROR | scraper | Request exception on page 85 for 07/23/2025: Cannot connect to host merolagani.com:443 ssl:default [Temporary failure in name resolution]
2025-09-08 07:54:44 | ERROR | scraper | Request exception on page 83 for 07/23/2025: Cannot connect to host merolagani.com:443 ssl:default [Temporary failure in name resolution]
2025-09-08 07:54:44 | ERROR | scraper | Request exception on page 87 for 07/23/2025: Cannot connect to host merolagani.com:443 ssl:default [Temporary failure in name resolution]
2025-09-08 07:54:44 | ERROR | scraper | Request exception on page 86 for 07/23/2025: Cannot connect to host merolagani.com:443 ssl:default [Temporary failure in name resolution]
2025-09-08 07:54:44 | ERROR | scraper | Request exception on page 83 for 07/15/2025: Cannot connect to host merolagani.com:443 ssl:default [Temporary failure in name resolution]
2025-09-08 07:54:44 | ERROR | scraper | Request exception on page 82 for 07/15/2025: Cannot connect to host merolagani.com:443 ssl:default [Temporary failure in name resolution]
2025-09-08 07:54:44 | ERROR | scraper | Request exception on page 84 for 07/15/2025: Cannot connect to host merolagani.com:443 ssl:default [Temporary failure in name resolution]
2025-09-08 07:54:44 | ERROR | scraper | Request exception on page 85 for 07/15/2025: Cannot connect to host merolagani.com:443 ssl:default [Temporary failure in name resolution]
2025-09-08 07:54:44 | ERROR | scraper | Request exception on page 81 for 07/15/2025: Cannot connect to host merolagani.com:443 ssl:default [Temporary failure in name resolution]
2025-09-08 07:54:45 | ERROR | scraper | Request exception on page 85 for 07/16/2025: Cannot connect to host merolagani.com:443 ssl:default [Temporary failure in name resolution]
2025-09-08 07:54:45 | ERROR | scraper | Request exception on page 82 for 07/16/2025: Cannot connect to host merolagani.com:443 ssl:default [Temporary failure in name resolution]
2025-09-08 07:54:45 | ERROR | scraper | Request exception on page 84 for 07/16/2025: Cannot connect to host merolagani.com:443 ssl:default [Temporary failure in name resolution]
2025-09-08 07:54:45 | ERROR | scraper | Request exception on page 83 for 07/16/2025: Cannot connect to host merolagani.com:443 ssl:default [Temporary failure in name resolution]
2025-09-08 07:54:45 | ERROR | scraper | Request exception on page 81 for 07/16/2025: Cannot connect to host merolagani.com:443 ssl:default [Temporary failure in name resolution]
2025-09-08 07:54:45 | ERROR | scraper | Request exception on page 79 for 07/10/2025: Cannot connect to host merolagani.com:443 ssl:default [Temporary failure in name resolution]
2025-09-08 07:54:45 | ERROR | scraper | Request exception on page 80 for 07/10/2025: Cannot connect to host merolagani.com:443 ssl:default [Temporary failure in name resolution]
2025-09-08 07:54:45 | ERROR | scraper | Request exception on page 77 for 07/10/2025: Cannot connect to host merolagani.com:443 ssl:default [Temporary failure in name resolution]
2025-09-08 07:54:45 | ERROR | scraper | Request exception on page 78 for 07/10/2025: Cannot connect to host merolagani.com:443 ssl:default [Temporary failure in name resolution]
2025-09-08 07:54:45 | ERROR | scraper | Request exception on page 76 for 07/10/2025: Cannot connect to host merolagani.com:443 ssl:default [Temporary failure in name resolution]
2025-09-08 07:54:45 | ERROR | scraper | Request exception on page 82 for 07/08/2025: Cannot connect to host merolagani.com:443 ssl:default [Temporary failure in name resolution]
2025-09-08 07:54:45 | ERROR | scraper | Request exception on page 85 for 07/08/2025: Cannot connect to host merolagani.com:443 ssl:default [Temporary failure in name resolution]
2025-09-08 07:54:45 | ERROR | scraper | Request exception on page 84 for 07/08/2025: Cannot connect to host merolagani.com:443 ssl:default [Temporary failure in name resolution]
2025-09-08 07:54:45 | ERROR | scraper | Request exception on page 83 for 07/08/2025: Cannot connect to host merolagani.com:443 ssl:default [Temporary failure in name resolution]
2025-09-08 07:54:45 | ERROR | scraper | Request exception on page 81 for 07/08/2025: Cannot connect to host merolagani.com:443 ssl:default [Temporary failure in name resolution]
2025-09-08 07:54:46 | ERROR | scraper | Request exception on page 83 for 07/14/2025: Cannot connect to host merolagani.com:443 ssl:default [Temporary failure in name resolution]
2025-09-08 07:54:46 | ERROR | scraper | Request exception on page 85 for 07/14/2025: Cannot connect to host merolagani.com:443 ssl:default [Temporary failure in name resolution]
2025-09-08 07:54:46 | ERROR | scraper | Request exception on page 82 for 07/14/2025: Cannot connect to host merolagani.com:443 ssl:default [Temporary failure in name resolution]
2025-09-08 07:54:46 | ERROR | scraper | Request exception on page 84 for 07/14/2025: Cannot connect to host merolagani.com:443 ssl:default [Temporary failure in name resolution]
2025-09-08 07:54:46 | ERROR | scraper | Request exception on page 81 for 07/14/2025: Cannot connect to host merolagani.com:443 ssl:default [Temporary failure in name resolution]
2025-09-08 07:54:55 | ERROR | scraper | Request exception on page 83 for 07/13/2025: 
2025-09-08 07:54:55 | ERROR | scraper | Request exception on page 81 for 07/13/2025: 
2025-09-08 07:54:55 | ERROR | scraper | Request exception on page 85 for 07/13/2025: 
2025-09-08 07:54:55 | ERROR | scraper | Request exception on page 82 for 07/13/2025: 
2025-09-08 07:54:55 | ERROR | scraper | Request exception on page 84 for 07/13/2025: 
2025-09-08 07:55:00 | ERROR | scraper | Request exception on page 83 for 07/06/2025: Cannot connect to host merolagani.com:443 ssl:default [Temporary failure in name resolution]
2025-09-08 07:55:00 | ERROR | scraper | Request exception on page 82 for 07/06/2025: Cannot connect to host merolagani.com:443 ssl:default [Temporary failure in name resolution]
2025-09-08 07:55:00 | ERROR | scraper | Request exception on page 81 for 07/06/2025: Cannot connect to host merolagani.com:443 ssl:default [Temporary failure in name resolution]
2025-09-08 07:55:00 | ERROR | scraper | Request exception on page 85 for 07/06/2025: Cannot connect to host merolagani.com:443 ssl:default [Temporary failure in name resolution]
2025-09-08 07:55:00 | ERROR | scraper | Request exception on page 84 for 07/06/2025: Cannot connect to host merolagani.com:443 ssl:default [Temporary failure in name resolution]
2025-09-08 07:55:01 | ERROR | scraper | Request exception on page 85 for 07/07/2025: Cannot connect to host merolagani.com:443 ssl:default [Temporary failure in name resolution]
2025-09-08 07:55:01 | ERROR | scraper | Request exception on page 81 for 07/07/2025: Cannot connect to host merolagani.com:443 ssl:default [Temporary failure in name resolution]
2025-09-08 07:55:01 | ERROR | scraper | Request exception on page 84 for 07/07/2025: Cannot connect to host merolagani.com:443 ssl:default [Temporary failure in name resolution]
2025-09-08 07:55:01 | ERROR | scraper | Request exception on page 83 for 07/07/2025: Cannot connect to host merolagani.com:443 ssl:default [Temporary failure in name resolution]
2025-09-08 07:55:01 | ERROR | scraper | Request exception on page 82 for 07/07/2025: Cannot connect to host merolagani.com:443 ssl:default [Temporary failure in name resolution]
2025-09-08 07:55:01 | ERROR | scraper | Request exception on page 85 for 07/09/2025: Cannot connect to host merolagani.com:443 ssl:default [Temporary failure in name resolution]
2025-09-08 07:55:01 | ERROR | scraper | Request exception on page 88 for 07/09/2025: Cannot connect to host merolagani.com:443 ssl:default [Temporary failure in name resolution]
2025-09-08 07:55:01 | ERROR | scraper | Request exception on page 87 for 07/09/2025: Cannot connect to host merolagani.com:443 ssl:default [Temporary failure in name resolution]
2025-09-08 07:55:01 | ERROR | scraper | Request exception on page 89 for 07/09/2025: Cannot connect to host merolagani.com:443 ssl:default [Temporary failure in name resolution]
2025-09-08 07:55:01 | ERROR | scraper | Request exception on page 86 for 07/09/2025: Cannot connect to host merolagani.com:443 ssl:default [Temporary failure in name resolution]
2025-09-08 07:55:02 | ERROR | scraper | Request exception on page 85 for 07/17/2025: Cannot connect to host merolagani.com:443 ssl:default [Temporary failure in name resolution]
2025-09-08 07:55:02 | ERROR | scraper | Request exception on page 83 for 07/17/2025: Cannot connect to host merolagani.com:443 ssl:default [Temporary failure in name resolution]
2025-09-08 07:55:02 | ERROR | scraper | Request exception on page 84 for 07/17/2025: Cannot connect to host merolagani.com:443 ssl:default [Temporary failure in name resolution]
2025-09-08 07:55:02 | ERROR | scraper | Request exception on page 81 for 07/17/2025: Cannot connect to host merolagani.com:443 ssl:default [Temporary failure in name resolution]
2025-09-08 07:55:02 | ERROR | scraper | Request exception on page 82 for 07/17/2025: Cannot connect to host merolagani.com:443 ssl:default [Temporary failure in name resolution]
2025-09-08 07:55:02 | ERROR | scraper | Request exception on page 78 for 07/28/2025: Cannot connect to host merolagani.com:443 ssl:default [Temporary failure in name resolution]
2025-09-08 07:55:02 | ERROR | scraper | Request exception on page 77 for 07/28/2025: Cannot connect to host merolagani.com:443 ssl:default [Temporary failure in name resolution]
2025-09-08 07:55:02 | ERROR | scraper | Request exception on page 76 for 07/28/2025: Cannot connect to host merolagani.com:443 ssl:default [Temporary failure in name resolution]
2025-09-08 07:55:02 | ERROR | scraper | Request exception on page 79 for 07/28/2025: Cannot connect to host merolagani.com:443 ssl:default [Temporary failure in name resolution]
2025-09-08 07:55:02 | ERROR | scraper | Request exception on page 80 for 07/28/2025: Cannot connect to host merolagani.com:443 ssl:default [Temporary failure in name resolution]
2025-09-08 07:55:03 | ERROR | scraper | Request exception on page 77 for 07/21/2025: Cannot connect to host merolagani.com:443 ssl:default [Temporary failure in name resolution]
2025-09-08 07:55:03 | ERROR | scraper | Request exception on page 76 for 07/21/2025: Cannot connect to host merolagani.com:443 ssl:default [Temporary failure in name resolution]
2025-09-08 07:55:03 | ERROR | scraper | Request exception on page 78 for 07/21/2025: Cannot connect to host merolagani.com:443 ssl:default [Temporary failure in name resolution]
2025-09-08 07:55:03 | ERROR | scraper | Request exception on page 79 for 07/21/2025: Cannot connect to host merolagani.com:443 ssl:default [Temporary failure in name resolution]
2025-09-08 07:55:03 | ERROR | scraper | Request exception on page 80 for 07/21/2025: Cannot connect to host merolagani.com:443 ssl:default [Temporary failure in name resolution]
2025-09-08 07:55:03 | ERROR | scraper | Request exception on page 79 for 07/29/2025: Cannot connect to host merolagani.com:443 ssl:default [Temporary failure in name resolution]
2025-09-08 07:55:03 | ERROR | scraper | Request exception on page 78 for 07/29/2025: Cannot connect to host merolagani.com:443 ssl:default [Temporary failure in name resolution]
2025-09-08 07:55:03 | ERROR | scraper | Request exception on page 80 for 07/29/2025: Cannot connect to host merolagani.com:443 ssl:default [Temporary failure in name resolution]
2025-09-08 07:55:03 | ERROR | scraper | Request exception on page 77 for 07/29/2025: Cannot connect to host merolagani.com:443 ssl:default [Temporary failure in name resolution]
2025-09-08 07:55:03 | ERROR | scraper | Request exception on page 76 for 07/29/2025: Cannot connect to host merolagani.com:443 ssl:default [Temporary failure in name resolution]
2025-09-08 07:55:04 | INFO | scraper | Fetched page 82 for 07/07/2025
2025-09-08 07:55:04 | ERROR | scraper | Timeout processing batch starting at page 76 for 07/10/2025
2025-09-08 07:55:04 | INFO | scraper | Fetched page 87 for 07/09/2025
2025-09-08 07:55:04 | ERROR | scraper | Request exception on page 84 for 07/27/2025: Cannot connect to host merolagani.com:443 ssl:default [Temporary failure in name resolution]
2025-09-08 07:55:04 | ERROR | scraper | Request exception on page 85 for 07/27/2025: Cannot connect to host merolagani.com:443 ssl:default [Temporary failure in name resolution]
2025-09-08 07:55:04 | ERROR | scraper | Request exception on page 82 for 07/27/2025: Cannot connect to host merolagani.com:443 ssl:default [Temporary failure in name resolution]
2025-09-08 07:55:04 | ERROR | scraper | Request exception on page 83 for 07/27/2025: Cannot connect to host merolagani.com:443 ssl:default [Temporary failure in name resolution]
2025-09-08 07:55:04 | ERROR | scraper | Request exception on page 81 for 07/27/2025: Cannot connect to host merolagani.com:443 ssl:default [Temporary failure in name resolution]
2025-09-08 07:55:05 | INFO | scraper | Fetched page 85 for 07/07/2025
2025-09-08 07:55:05 | ERROR | scraper | Request exception on page 83 for 07/23/2025: Cannot connect to host merolagani.com:443 ssl:default [Temporary failure in name resolution]
2025-09-08 07:55:05 | ERROR | scraper | Request exception on page 86 for 07/23/2025: Cannot connect to host merolagani.com:443 ssl:default [Temporary failure in name resolution]
2025-09-08 07:55:05 | ERROR | scraper | Request exception on page 87 for 07/23/2025: Cannot connect to host merolagani.com:443 ssl:default [Temporary failure in name resolution]
2025-09-08 07:55:05 | ERROR | scraper | Request exception on page 85 for 07/23/2025: Cannot connect to host merolagani.com:443 ssl:default [Temporary failure in name resolution]
2025-09-08 07:55:05 | ERROR | scraper | Request exception on page 84 for 07/23/2025: Cannot connect to host merolagani.com:443 ssl:default [Temporary failure in name resolution]
2025-09-08 07:55:05 | INFO | scraper | Fetched page 86 for 07/09/2025
2025-09-08 07:55:05 | ERROR | scraper | Request exception on page 84 for 07/15/2025: Cannot connect to host merolagani.com:443 ssl:default [Temporary failure in name resolution]
2025-09-08 07:55:05 | ERROR | scraper | Request exception on page 82 for 07/15/2025: Cannot connect to host merolagani.com:443 ssl:default [Temporary failure in name resolution]
2025-09-08 07:55:05 | ERROR | scraper | Request exception on page 85 for 07/15/2025: Cannot connect to host merolagani.com:443 ssl:default [Temporary failure in name resolution]
2025-09-08 07:55:05 | ERROR | scraper | Request exception on page 81 for 07/15/2025: Cannot connect to host merolagani.com:443 ssl:default [Temporary failure in name resolution]
2025-09-08 07:55:05 | ERROR | scraper | Request exception on page 83 for 07/15/2025: Cannot connect to host merolagani.com:443 ssl:default [Temporary failure in name resolution]
2025-09-08 07:55:06 | INFO | scraper | Fetched page 83 for 07/17/2025
2025-09-08 07:55:06 | ERROR | scraper | Request exception on page 82 for 07/16/2025: Cannot connect to host merolagani.com:443 ssl:default [Temporary failure in name resolution]
2025-09-08 07:55:06 | ERROR | scraper | Request exception on page 81 for 07/16/2025: Cannot connect to host merolagani.com:443 ssl:default [Temporary failure in name resolution]
2025-09-08 07:55:06 | ERROR | scraper | Request exception on page 84 for 07/16/2025: Cannot connect to host merolagani.com:443 ssl:default [Temporary failure in name resolution]
2025-09-08 07:55:06 | ERROR | scraper | Request exception on page 83 for 07/16/2025: Cannot connect to host merolagani.com:443 ssl:default [Temporary failure in name resolution]
2025-09-08 07:55:06 | ERROR | scraper | Request exception on page 85 for 07/16/2025: Cannot connect to host merolagani.com:443 ssl:default [Temporary failure in name resolution]
2025-09-08 07:55:06 | INFO | scraper | Fetched page 83 for 07/07/2025
2025-09-08 07:55:06 | ERROR | scraper | Request exception on page 83 for 07/08/2025: Cannot connect to host merolagani.com:443 ssl:default [Temporary failure in name resolution]
2025-09-08 07:55:06 | ERROR | scraper | Request exception on page 84 for 07/08/2025: Cannot connect to host merolagani.com:443 ssl:default [Temporary failure in name resolution]
2025-09-08 07:55:06 | ERROR | scraper | Request exception on page 81 for 07/08/2025: Cannot connect to host merolagani.com:443 ssl:default [Temporary failure in name resolution]
2025-09-08 07:55:06 | ERROR | scraper | Request exception on page 85 for 07/08/2025: Cannot connect to host merolagani.com:443 ssl:default [Temporary failure in name resolution]
2025-09-08 07:55:06 | ERROR | scraper | Request exception on page 82 for 07/08/2025: Cannot connect to host merolagani.com:443 ssl:default [Temporary failure in name resolution]
2025-09-08 07:55:06 | INFO | scraper | Fetched page 76 for 07/28/2025
2025-09-08 07:55:07 | INFO | scraper | Fetched page 78 for 07/29/2025
2025-09-08 07:55:07 | ERROR | scraper | Request exception on page 82 for 07/14/2025: Cannot connect to host merolagani.com:443 ssl:default [Temporary failure in name resolution]
2025-09-08 07:55:07 | ERROR | scraper | Request exception on page 81 for 07/14/2025: Cannot connect to host merolagani.com:443 ssl:default [Temporary failure in name resolution]
2025-09-08 07:55:07 | ERROR | scraper | Request exception on page 85 for 07/14/2025: Cannot connect to host merolagani.com:443 ssl:default [Temporary failure in name resolution]
2025-09-08 07:55:07 | ERROR | scraper | Request exception on page 84 for 07/14/2025: Cannot connect to host merolagani.com:443 ssl:default [Temporary failure in name resolution]
2025-09-08 07:55:07 | ERROR | scraper | Request exception on page 83 for 07/14/2025: Cannot connect to host merolagani.com:443 ssl:default [Temporary failure in name resolution]
2025-09-08 07:55:07 | INFO | scraper | Fetched page 81 for 07/07/2025
2025-09-08 07:55:07 | INFO | scraper | Fetched page 88 for 07/09/2025
2025-09-08 07:55:07 | ERROR | scraper | Request exception on page 82 for 07/10/2025: Cannot connect to host merolagani.com:443 ssl:default [Temporary failure in name resolution]
2025-09-08 07:55:07 | ERROR | scraper | Request exception on page 81 for 07/10/2025: Cannot connect to host merolagani.com:443 ssl:default [Temporary failure in name resolution]
2025-09-08 07:55:07 | ERROR | scraper | Request exception on page 83 for 07/10/2025: Cannot connect to host merolagani.com:443 ssl:default [Temporary failure in name resolution]
2025-09-08 07:55:07 | ERROR | scraper | Request exception on page 84 for 07/10/2025: Cannot connect to host merolagani.com:443 ssl:default [Temporary failure in name resolution]
2025-09-08 07:55:07 | ERROR | scraper | Request exception on page 85 for 07/10/2025: Cannot connect to host merolagani.com:443 ssl:default [Temporary failure in name resolution]
2025-09-08 07:55:07 | INFO | scraper | Fetched page 79 for 07/21/2025
2025-09-08 07:55:07 | INFO | scraper | Fetched page 85 for 07/09/2025
2025-09-08 07:55:08 | INFO | scraper | Fetched page 85 for 07/17/2025
2025-09-08 07:55:08 | INFO | scraper | Fetched page 84 for 07/07/2025
2025-09-08 07:55:08 | INFO | scraper | Fetched page 82 for 07/13/2025
2025-09-08 07:55:09 | INFO | scraper | Fetched page 89 for 07/09/2025
2025-09-08 07:55:09 | INFO | scraper | Fetched page 77 for 07/21/2025
2025-09-08 07:55:10 | INFO | scraper | Fetched page 79 for 07/28/2025
2025-09-08 07:55:10 | INFO | scraper | Fetched page 83 for 07/13/2025
2025-09-08 07:55:10 | INFO | scraper | Fetched page 79 for 07/29/2025
2025-09-08 07:55:10 | INFO | scraper | Fetched page 83 for 07/27/2025
2025-09-08 07:55:10 | INFO | scraper | Fetched page 84 for 07/06/2025
2025-09-08 07:55:10 | INFO | scraper | Fetched page 84 for 07/17/2025
2025-09-08 07:55:10 | ERROR | scraper | Timeout processing batch starting at page 76 for 07/28/2025
2025-09-08 07:55:11 | INFO | scraper | Fetched page 85 for 07/15/2025
2025-09-08 07:55:11 | ERROR | scraper | Timeout processing batch starting at page 76 for 07/21/2025
2025-09-08 07:55:12 | INFO | scraper | Fetched page 81 for 07/13/2025
2025-09-08 07:55:12 | INFO | scraper | Fetched page 85 for 07/06/2025
2025-09-08 07:55:12 | INFO | scraper | Fetched page 82 for 07/08/2025
2025-09-08 07:55:12 | INFO | scraper | Fetched page 82 for 07/15/2025
2025-09-08 07:55:12 | INFO | scraper | Fetched page 83 for 07/16/2025
2025-09-08 07:55:12 | INFO | scraper | Fetched page 76 for 07/29/2025
2025-09-08 07:55:12 | ERROR | scraper | Timeout processing batch starting at page 81 for 07/27/2025
2025-09-08 07:55:13 | INFO | scraper | Fetched page 87 for 07/23/2025
2025-09-08 07:55:13 | INFO | scraper | Fetched page 82 for 07/10/2025
2025-09-08 07:55:13 | INFO | scraper | Fetched page 82 for 07/17/2025
2025-09-08 07:55:13 | INFO | scraper | Fetched page 84 for 07/14/2025
2025-09-08 07:55:13 | INFO | scraper | Fetched page 85 for 07/08/2025
2025-09-08 07:55:14 | INFO | scraper | Fetched page 82 for 07/06/2025
2025-09-08 07:55:14 | INFO | scraper | Fetched page 84 for 07/15/2025
2025-09-08 07:55:14 | INFO | scraper | Fetched page 84 for 07/13/2025
2025-09-08 07:55:14 | INFO | scraper | Fetched page 81 for 07/16/2025
2025-09-08 07:55:14 | INFO | scraper | Fetched page 83 for 07/14/2025
2025-09-08 07:55:15 | INFO | scraper | Fetched page 84 for 07/08/2025
2025-09-08 07:55:15 | INFO | scraper | Fetched page 85 for 07/10/2025
2025-09-08 07:55:15 | INFO | scraper | Fetched page 83 for 07/06/2025
2025-09-08 07:55:16 | INFO | scraper | Fetched page 83 for 07/15/2025
2025-09-08 07:55:16 | INFO | scraper | Fetched page 80 for 07/29/2025
2025-09-08 07:55:16 | INFO | scraper | Fetched page 84 for 07/16/2025
2025-09-08 07:55:16 | INFO | scraper | Fetched page 84 for 07/23/2025
2025-09-08 07:55:16 | INFO | scraper | Fetched page 81 for 07/10/2025
2025-09-08 07:55:17 | INFO | scraper | Fetched page 81 for 07/08/2025
2025-09-08 07:55:17 | INFO | scraper | Fetched page 85 for 07/13/2025
2025-09-08 07:55:17 | INFO | scraper | Fetched page 81 for 07/15/2025
2025-09-08 07:55:18 | INFO | scraper | Fetched page 83 for 07/08/2025
2025-09-08 07:55:18 | INFO | scraper | Fetched page 83 for 07/10/2025
2025-09-08 07:55:18 | INFO | scraper | Fetched page 85 for 07/14/2025
2025-09-08 07:55:18 | INFO | scraper | Fetched page 82 for 07/14/2025
2025-09-08 07:55:19 | INFO | scraper | Fetched page 77 for 07/29/2025
2025-09-08 07:55:19 | INFO | scraper | Fetched page 82 for 07/28/2025
2025-09-08 07:55:19 | INFO | scraper | Fetched page 81 for 07/21/2025
2025-09-08 07:55:20 | INFO | scraper | Fetched page 81 for 07/14/2025
2025-09-08 07:55:20 | INFO | scraper | Fetched page 86 for 07/23/2025
2025-09-08 07:55:20 | INFO | scraper | Fetched page 85 for 07/16/2025
2025-09-08 07:55:20 | INFO | scraper | Fetched page 81 for 07/06/2025
2025-09-08 07:55:22 | INFO | scraper | Fetched page 83 for 07/21/2025
2025-09-08 07:55:22 | INFO | scraper | Fetched page 84 for 07/10/2025
2025-09-08 07:55:22 | INFO | scraper | Fetched page 81 for 07/17/2025
2025-09-08 07:55:22 | INFO | scraper | Fetched page 83 for 07/23/2025
2025-09-08 07:55:24 | INFO | scraper | Fetched page 82 for 07/21/2025
2025-09-08 07:55:24 | INFO | scraper | Fetched page 82 for 07/16/2025
2025-09-08 07:55:24 | INFO | scraper | Fetched page 89 for 07/27/2025
2025-09-08 07:55:24 | INFO | scraper | Fetched page 81 for 07/28/2025
2025-09-08 07:55:25 | ERROR | scraper | Timeout processing batch starting at page 81 for 07/13/2025
2025-09-08 07:55:25 | ERROR | scraper | Timeout processing batch starting at page 85 for 07/09/2025
2025-09-08 07:55:25 | INFO | scraper | Fetched page 84 for 07/21/2025
2025-09-08 07:55:27 | INFO | scraper | Fetched page 84 for 07/28/2025
2025-09-08 07:55:27 | INFO | scraper | Fetched page 88 for 07/27/2025
2025-09-08 07:55:27 | ERROR | scraper | Timeout processing batch starting at page 81 for 07/06/2025
2025-09-08 07:55:27 | INFO | scraper | Fetched page 85 for 07/21/2025
2025-09-08 07:55:28 | INFO | scraper | Fetched page 85 for 07/23/2025
2025-09-08 07:55:29 | INFO | scraper | Fetched page 86 for 07/13/2025
2025-09-08 07:55:29 | INFO | scraper | Fetched page 85 for 07/28/2025
2025-09-08 07:55:30 | ERROR | scraper | Timeout processing batch starting at page 81 for 07/07/2025
2025-09-08 07:55:30 | ERROR | scraper | Timeout processing batch starting at page 81 for 07/16/2025
2025-09-08 07:55:30 | INFO | scraper | Fetched page 87 for 07/13/2025
2025-09-08 07:55:31 | ERROR | scraper | Timeout processing batch starting at page 81 for 07/17/2025
2025-09-08 07:55:31 | INFO | scraper | Fetched page 91 for 07/09/2025
2025-09-08 07:55:31 | INFO | scraper | Fetched page 86 for 07/06/2025
2025-09-08 07:55:32 | INFO | scraper | Fetched page 83 for 07/28/2025
2025-09-08 07:55:32 | INFO | scraper | Fetched page 87 for 07/27/2025
2025-09-08 07:55:33 | INFO | scraper | Fetched page 92 for 07/09/2025
2025-09-08 07:55:33 | INFO | scraper | Fetched page 86 for 07/07/2025
2025-09-08 07:55:34 | INFO | scraper | Fetched page 89 for 07/13/2025
2025-09-08 07:55:34 | ERROR | scraper | Timeout processing batch starting at page 81 for 07/15/2025
2025-09-08 07:55:34 | INFO | scraper | Fetched page 93 for 07/09/2025
2025-09-08 07:55:34 | INFO | scraper | Fetched page 89 for 07/07/2025
2025-09-08 07:55:35 | ERROR | scraper | Request exception on page 80 for 07/29/2025: 
2025-09-08 07:55:35 | ERROR | scraper | Request exception on page 79 for 07/29/2025: 
2025-09-08 07:55:35 | ERROR | scraper | Request exception on page 76 for 07/29/2025: 
2025-09-08 07:55:35 | ERROR | scraper | Request exception on page 77 for 07/29/2025: 
2025-09-08 07:55:36 | ERROR | scraper | Timeout processing batch starting at page 81 for 07/08/2025
2025-09-08 07:55:36 | INFO | scraper | Fetched page 86 for 07/16/2025
2025-09-08 07:55:36 | INFO | scraper | Fetched page 90 for 07/09/2025
2025-09-08 07:55:36 | INFO | scraper | Fetched page 89 for 07/06/2025
2025-09-08 07:55:37 | INFO | scraper | Fetched page 88 for 07/07/2025
2025-09-08 07:55:37 | ERROR | scraper | Timeout processing batch starting at page 83 for 07/23/2025
2025-09-08 07:55:37 | ERROR | scraper | Timeout processing batch starting at page 81 for 07/14/2025
2025-09-08 07:55:37 | INFO | scraper | Fetched page 87 for 07/17/2025
2025-09-08 07:55:37 | INFO | scraper | Fetched page 90 for 07/27/2025
2025-09-08 07:55:38 | INFO | scraper | Fetched page 88 for 07/06/2025
2025-09-08 07:55:38 | INFO | scraper | Fetched page 94 for 07/09/2025
2025-09-08 07:55:38 | INFO | scraper | Fetched page 88 for 07/13/2025
2025-09-08 07:55:38 | INFO | scraper | Fetched page 86 for 07/15/2025
2025-09-08 07:55:38 | INFO | scraper | Fetched page 87 for 07/06/2025
2025-09-08 07:55:38 | INFO | scraper | Fetched page 86 for 07/27/2025
2025-09-08 07:55:39 | ERROR | scraper | Request exception on page 85 for 07/10/2025: 
2025-09-08 07:55:39 | ERROR | scraper | Request exception on page 81 for 07/10/2025: 
2025-09-08 07:55:39 | ERROR | scraper | Request exception on page 83 for 07/10/2025: 
2025-09-08 07:55:39 | INFO | scraper | Fetched page 87 for 07/15/2025
2025-09-08 07:55:39 | INFO | scraper | Fetched page 87 for 07/07/2025
2025-09-08 07:55:40 | INFO | scraper | Fetched page 80 for 07/29/2025
2025-09-08 07:55:41 | INFO | scraper | Fetched page 88 for 07/08/2025
2025-09-08 07:55:41 | INFO | scraper | Fetched page 86 for 07/14/2025
2025-09-08 07:55:41 | INFO | scraper | Fetched page 88 for 07/16/2025
2025-09-08 07:55:41 | INFO | scraper | Fetched page 90 for 07/06/2025
2025-09-08 07:55:41 | INFO | scraper | Fetched page 86 for 07/17/2025
2025-09-08 07:55:41 | INFO | scraper | Fetched page 88 for 07/23/2025
2025-09-08 07:55:42 | INFO | scraper | Fetched page 86 for 07/08/2025
2025-09-08 07:55:42 | INFO | scraper | Fetched page 89 for 07/16/2025
2025-09-08 07:55:43 | INFO | scraper | Fetched page 87 for 07/16/2025
2025-09-08 07:55:43 | INFO | scraper | Fetched page 87 for 07/14/2025
2025-09-08 07:55:43 | INFO | scraper | Fetched page 90 for 07/13/2025
2025-09-08 07:55:43 | ERROR | scraper | Timeout processing batch starting at page 76 for 07/29/2025
2025-09-08 07:55:44 | INFO | scraper | Fetched page 90 for 07/15/2025
2025-09-08 07:55:44 | INFO | scraper | Fetched page 81 for 07/10/2025
2025-09-08 07:55:44 | INFO | scraper | Fetched page 85 for 07/10/2025
2025-09-08 07:55:44 | ERROR | scraper | Request exception on page 82 for 07/28/2025: 
2025-09-08 07:55:44 | ERROR | scraper | Request exception on page 81 for 07/28/2025: 
2025-09-08 07:55:44 | ERROR | scraper | Request exception on page 85 for 07/28/2025: 
2025-09-08 07:55:44 | ERROR | scraper | Request exception on page 83 for 07/21/2025: 
2025-09-08 07:55:44 | ERROR | scraper | Request exception on page 82 for 07/21/2025: 
2025-09-08 07:55:44 | ERROR | scraper | Request exception on page 85 for 07/21/2025: 
2025-09-08 07:55:44 | ERROR | scraper | Request exception on page 84 for 07/21/2025: 
2025-09-08 07:55:44 | ERROR | scraper | Request exception on page 81 for 07/21/2025: 
2025-09-08 07:55:44 | INFO | scraper | Fetched page 88 for 07/15/2025
2025-09-08 07:55:45 | INFO | scraper | Fetched page 89 for 07/08/2025
2025-09-08 07:55:45 | INFO | scraper | Fetched page 88 for 07/17/2025
2025-09-08 07:55:45 | ERROR | scraper | Request exception on page 86 for 07/27/2025: 
2025-09-08 07:55:45 | ERROR | scraper | Request exception on page 87 for 07/27/2025: 
2025-09-08 07:55:45 | ERROR | scraper | Request exception on page 90 for 07/27/2025: 
2025-09-08 07:55:45 | ERROR | scraper | Request exception on page 89 for 07/27/2025: 
2025-09-08 07:55:45 | INFO | scraper | Fetched page 90 for 07/07/2025
2025-09-08 07:55:45 | INFO | scraper | Fetched page 90 for 07/08/2025
2025-09-08 07:55:45 | INFO | scraper | Fetched page 89 for 07/15/2025
2025-09-08 07:55:46 | INFO | scraper | Fetched page 90 for 07/17/2025
2025-09-08 07:55:46 | INFO | scraper | Fetched page 90 for 07/14/2025
2025-09-08 07:55:47 | INFO | scraper | Fetched page 82 for 07/28/2025
2025-09-08 07:55:47 | INFO | scraper | Fetched page 89 for 07/14/2025
2025-09-08 07:55:47 | INFO | scraper | Fetched page 88 for 07/14/2025
2025-09-08 07:55:48 | INFO | scraper | Fetched page 83 for 07/10/2025
2025-09-08 07:55:49 | INFO | scraper | Fetched page 90 for 07/16/2025
2025-09-08 07:55:49 | INFO | scraper | Fetched page 81 for 07/28/2025
2025-09-08 07:55:51 | INFO | scraper | Fetched page 86 for 07/27/2025
2025-09-08 07:55:51 | INFO | scraper | Fetched page 81 for 07/29/2025
2025-09-08 07:55:51 | INFO | scraper | Fetched page 89 for 07/23/2025
2025-09-08 07:55:52 | INFO | scraper | Fetched page 87 for 07/08/2025
2025-09-08 07:55:53 | INFO | scraper | Fetched page 84 for 07/29/2025
2025-09-08 07:55:54 | INFO | scraper | Fetched page 83 for 07/21/2025
2025-09-08 07:55:54 | INFO | scraper | Fetched page 83 for 07/29/2025
2025-09-08 07:55:54 | INFO | scraper | Fetched page 89 for 07/17/2025
2025-09-08 07:55:55 | INFO | scraper | Fetched page 84 for 07/21/2025
2025-09-08 07:55:55 | INFO | scraper | Fetched page 85 for 07/28/2025
2025-09-08 07:55:56 | INFO | scraper | Fetched page 90 for 07/23/2025
2025-09-08 07:55:57 | INFO | scraper | Fetched page 85 for 07/29/2025
2025-09-08 07:55:57 | ERROR | scraper | Request exception on page 90 for 07/13/2025: 
2025-09-08 07:55:57 | ERROR | scraper | Request exception on page 88 for 07/13/2025: 
2025-09-08 07:55:57 | ERROR | scraper | Request exception on page 87 for 07/13/2025: 
2025-09-08 07:55:58 | INFO | scraper | Fetched page 87 for 07/27/2025
2025-09-08 07:55:58 | INFO | scraper | Fetched page 82 for 07/29/2025
2025-09-08 07:55:58 | ERROR | scraper | Request exception on page 94 for 07/09/2025: 
2025-09-08 07:55:58 | ERROR | scraper | Request exception on page 90 for 07/09/2025: 
2025-09-08 07:55:58 | ERROR | scraper | Request exception on page 92 for 07/09/2025: 
2025-09-08 07:56:00 | INFO | scraper | Fetched page 90 for 07/13/2025
2025-09-08 07:56:00 | INFO | scraper | Fetched page 89 for 07/27/2025
2025-09-08 07:56:00 | ERROR | scraper | Request exception on page 88 for 07/06/2025: 
2025-09-08 07:56:00 | ERROR | scraper | Request exception on page 89 for 07/06/2025: 
2025-09-08 07:56:00 | INFO | scraper | Fetched page 91 for 07/23/2025
2025-09-08 07:56:01 | INFO | scraper | Fetched page 81 for 07/21/2025
2025-09-08 07:56:01 | INFO | scraper | Fetched page 94 for 07/09/2025
2025-09-08 07:56:01 | INFO | scraper | Fetched page 90 for 07/09/2025
2025-09-08 07:56:02 | INFO | scraper | Fetched page 85 for 07/21/2025
2025-09-08 07:56:02 | ERROR | scraper | Request exception on page 87 for 07/07/2025: 
2025-09-08 07:56:02 | ERROR | scraper | Request exception on page 86 for 07/07/2025: 
2025-09-08 07:56:02 | ERROR | scraper | Request exception on page 88 for 07/07/2025: 
2025-09-08 07:56:02 | ERROR | scraper | Request exception on page 90 for 07/07/2025: 
2025-09-08 07:56:02 | INFO | scraper | Fetched page 88 for 07/06/2025
2025-09-08 07:56:03 | INFO | scraper | Fetched page 88 for 07/13/2025
2025-09-08 07:56:03 | ERROR | scraper | Request exception on page 87 for 07/16/2025: 
2025-09-08 07:56:03 | ERROR | scraper | Request exception on page 89 for 07/16/2025: 
2025-09-08 07:56:03 | ERROR | scraper | Request exception on page 86 for 07/16/2025: 
2025-09-08 07:56:03 | ERROR | scraper | Request exception on page 90 for 07/16/2025: 
2025-09-08 07:56:03 | ERROR | scraper | Request exception on page 88 for 07/16/2025: 
2025-09-08 07:56:04 | ERROR | scraper | Request exception on page 88 for 07/17/2025: 
2025-09-08 07:56:04 | ERROR | scraper | Request exception on page 89 for 07/17/2025: 
2025-09-08 07:56:04 | ERROR | scraper | Request exception on page 86 for 07/17/2025: 
2025-09-08 07:56:05 | INFO | scraper | Fetched page 87 for 07/07/2025
2025-09-08 07:56:05 | INFO | scraper | Fetched page 90 for 07/27/2025
2025-09-08 07:56:05 | INFO | scraper | Fetched page 82 for 07/21/2025
2025-09-08 07:56:05 | INFO | scraper | Fetched page 87 for 07/13/2025
2025-09-08 07:56:05 | INFO | scraper | Fetched page 89 for 07/06/2025
2025-09-08 07:56:05 | INFO | scraper | Fetched page 92 for 07/23/2025
2025-09-08 07:56:06 | ERROR | scraper | Timeout processing batch starting at page 81 for 07/10/2025
2025-09-08 07:56:06 | INFO | scraper | Fetched page 92 for 07/09/2025
2025-09-08 07:56:07 | ERROR | scraper | Request exception on page 86 for 07/15/2025: 
2025-09-08 07:56:07 | ERROR | scraper | Request exception on page 90 for 07/15/2025: 
2025-09-08 07:56:07 | ERROR | scraper | Request exception on page 87 for 07/15/2025: 
2025-09-08 07:56:07 | ERROR | scraper | Request exception on page 88 for 07/15/2025: 
2025-09-08 07:56:08 | INFO | scraper | Fetched page 88 for 07/17/2025
2025-09-08 07:56:08 | ERROR | scraper | Request exception on page 90 for 07/08/2025: 
2025-09-08 07:56:08 | ERROR | scraper | Request exception on page 87 for 07/08/2025: 
2025-09-08 07:56:08 | ERROR | scraper | Request exception on page 88 for 07/08/2025: 
2025-09-08 07:56:09 | INFO | scraper | Fetched page 86 for 07/10/2025
2025-09-08 07:56:09 | INFO | scraper | Fetched page 86 for 07/15/2025
2025-09-08 07:56:10 | ERROR | scraper | Request exception on page 92 for 07/23/2025: 
2025-09-08 07:56:10 | ERROR | scraper | Request exception on page 89 for 07/14/2025: 
2025-09-08 07:56:10 | ERROR | scraper | Request exception on page 91 for 07/23/2025: 
2025-09-08 07:56:10 | ERROR | scraper | Request exception on page 90 for 07/14/2025: 
2025-09-08 07:56:10 | ERROR | scraper | Request exception on page 88 for 07/14/2025: 
2025-09-08 07:56:10 | ERROR | scraper | Request exception on page 90 for 07/23/2025: 
2025-09-08 07:56:10 | ERROR | scraper | Request exception on page 89 for 07/23/2025: 
2025-09-08 07:56:11 | INFO | scraper | Fetched page 87 for 07/08/2025
2025-09-08 07:56:12 | INFO | scraper | Fetched page 86 for 07/17/2025
2025-09-08 07:56:12 | ERROR | scraper | Timeout processing batch starting at page 81 for 07/28/2025
2025-09-08 07:56:12 | INFO | scraper | Fetched page 86 for 07/07/2025
2025-09-08 07:56:13 | INFO | scraper | Fetched page 92 for 07/23/2025
2025-09-08 07:56:13 | INFO | scraper | Fetched page 89 for 07/14/2025
2025-09-08 07:56:13 | ERROR | scraper | Timeout processing batch starting at page 81 for 07/21/2025
2025-09-08 07:56:13 | INFO | scraper | Fetched page 90 for 07/08/2025
2025-09-08 07:56:14 | ERROR | scraper | Timeout processing batch starting at page 86 for 07/27/2025
2025-09-08 07:56:15 | INFO | scraper | Fetched page 90 for 07/15/2025
2025-09-08 07:56:15 | INFO | scraper | Fetched page 89 for 07/10/2025
2025-09-08 07:56:15 | INFO | scraper | Fetched page 88 for 07/08/2025
2025-09-08 07:56:15 | INFO | scraper | Fetched page 90 for 07/07/2025
2025-09-08 07:56:15 | INFO | scraper | Fetched page 87 for 07/10/2025
2025-09-08 07:56:16 | INFO | scraper | Fetched page 89 for 07/17/2025
2025-09-08 07:56:16 | INFO | scraper | Fetched page 89 for 07/16/2025
2025-09-08 07:56:16 | ERROR | scraper | Request exception on page 84 for 07/29/2025: 
2025-09-08 07:56:16 | ERROR | scraper | Request exception on page 82 for 07/29/2025: 
2025-09-08 07:56:16 | INFO | scraper | Fetched page 90 for 07/14/2025
2025-09-08 07:56:16 | INFO | scraper | Fetched page 90 for 07/10/2025
2025-09-08 07:56:17 | INFO | scraper | Fetched page 88 for 07/10/2025
2025-09-08 07:56:17 | INFO | scraper | Fetched page 88 for 07/07/2025
2025-09-08 07:56:18 | INFO | scraper | Fetched page 86 for 07/28/2025
2025-09-08 07:56:18 | INFO | scraper | Fetched page 87 for 07/15/2025
2025-09-08 07:56:18 | INFO | scraper | Fetched page 88 for 07/14/2025
2025-09-08 07:56:20 | INFO | scraper | Fetched page 91 for 07/27/2025
2025-09-08 07:56:20 | INFO | scraper | Fetched page 88 for 07/15/2025
2025-09-08 07:56:20 | INFO | scraper | Fetched page 84 for 07/29/2025
2025-09-08 07:56:21 | INFO | scraper | Fetched page 90 for 07/23/2025
2025-09-08 07:56:23 | INFO | scraper | Fetched page 82 for 07/29/2025
2025-09-08 07:56:23 | INFO | scraper | Fetched page 86 for 07/16/2025
2025-09-08 07:56:23 | INFO | scraper | Fetched page 89 for 07/23/2025
2025-09-08 07:56:23 | INFO | scraper | Fetched page 90 for 07/16/2025
2025-09-08 07:56:23 | INFO | scraper | Fetched page 89 for 07/28/2025
2025-09-08 07:56:23 | INFO | scraper | Fetched page 91 for 07/23/2025
2025-09-08 07:56:24 | INFO | scraper | Fetched page 87 for 07/28/2025
2025-09-08 07:56:24 | INFO | scraper | Fetched page 88 for 07/16/2025
2025-09-08 07:56:26 | INFO | scraper | Fetched page 90 for 07/21/2025
2025-09-08 07:56:26 | INFO | scraper | Fetched page 88 for 07/28/2025
2025-09-08 07:56:26 | INFO | scraper | Fetched page 87 for 07/16/2025
2025-09-08 07:56:26 | INFO | scraper | Fetched page 92 for 07/27/2025
2025-09-08 07:56:27 | ERROR | scraper | Timeout processing batch starting at page 86 for 07/13/2025
2025-09-08 07:56:27 | ERROR | scraper | Timeout processing batch starting at page 90 for 07/09/2025
2025-09-08 07:56:28 | INFO | scraper | Fetched page 90 for 07/28/2025
2025-09-08 07:56:29 | INFO | scraper | Fetched page 94 for 07/27/2025
2025-09-08 07:56:29 | ERROR | scraper | Timeout processing batch starting at page 86 for 07/06/2025
2025-09-08 07:56:29 | INFO | scraper | Fetched page 87 for 07/21/2025
2025-09-08 07:56:31 | INFO | scraper | Fetched page 95 for 07/09/2025
2025-09-08 07:56:32 | ERROR | scraper | Timeout processing batch starting at page 86 for 07/07/2025
2025-09-08 07:56:32 | INFO | scraper | Fetched page 89 for 07/21/2025
2025-09-08 07:56:32 | ERROR | scraper | Timeout processing batch starting at page 86 for 07/16/2025
2025-09-08 07:56:33 | INFO | scraper | Fetched page 91 for 07/06/2025
2025-09-08 07:56:34 | ERROR | scraper | Timeout processing batch starting at page 86 for 07/17/2025
2025-09-08 07:56:35 | INFO | scraper | Fetched page 92 for 07/06/2025
2025-09-08 07:56:35 | INFO | scraper | Fetched page 86 for 07/21/2025
2025-09-08 07:56:36 | INFO | scraper | Fetched page 93 for 07/13/2025
2025-09-08 07:56:36 | INFO | scraper | Fetched page 91 for 07/13/2025
2025-09-08 07:56:36 | ERROR | scraper | Timeout processing batch starting at page 86 for 07/15/2025
2025-09-08 07:56:37 | INFO | scraper | Fetched page 95 for 07/13/2025
2025-09-08 07:56:38 | ERROR | scraper | Timeout processing batch starting at page 86 for 07/08/2025
2025-09-08 07:56:38 | INFO | scraper | Fetched page 93 for 07/27/2025
2025-09-08 07:56:38 | ERROR | scraper | Request exception on page 88 for 07/10/2025: 
2025-09-08 07:56:38 | ERROR | scraper | Request exception on page 87 for 07/10/2025: 
2025-09-08 07:56:38 | ERROR | scraper | Request exception on page 86 for 07/10/2025: 
2025-09-08 07:56:38 | ERROR | scraper | Request exception on page 90 for 07/10/2025: 
2025-09-08 07:56:39 | INFO | scraper | Fetched page 91 for 07/17/2025
2025-09-08 07:56:39 | ERROR | scraper | Timeout processing batch starting at page 88 for 07/23/2025
2025-09-08 07:56:39 | ERROR | scraper | Timeout processing batch starting at page 86 for 07/14/2025
2025-09-08 07:56:40 | INFO | scraper | Fetched page 91 for 07/15/2025
2025-09-08 07:56:41 | INFO | scraper | Fetched page 88 for 07/10/2025
2025-09-08 07:56:41 | INFO | scraper | Fetched page 88 for 07/21/2025
2025-09-08 07:56:41 | INFO | scraper | Fetched page 94 for 07/13/2025
2025-09-08 07:56:41 | INFO | scraper | Fetched page 92 for 07/17/2025
2025-09-08 07:56:41 | INFO | scraper | Fetched page 91 for 07/08/2025
2025-09-08 07:56:41 | INFO | scraper | Fetched page 92 for 07/15/2025
2025-09-08 07:56:42 | INFO | scraper | Fetched page 94 for 07/16/2025
2025-09-08 07:56:43 | INFO | scraper | Fetched page 92 for 07/13/2025
2025-09-08 07:56:43 | INFO | scraper | Fetched page 91 for 07/14/2025
2025-09-08 07:56:43 | INFO | scraper | Fetched page 96 for 07/09/2025
2025-09-08 07:56:44 | INFO | scraper | Fetched page 93 for 07/17/2025
2025-09-08 07:56:44 | INFO | scraper | Fetched page 92 for 07/14/2025
2025-09-08 07:56:45 | INFO | scraper | Fetched page 94 for 07/06/2025
2025-09-08 07:56:45 | INFO | scraper | Fetched page 91 for 07/16/2025
2025-09-08 07:56:45 | ERROR | scraper | Request exception on page 87 for 07/28/2025: 
2025-09-08 07:56:45 | ERROR | scraper | Request exception on page 89 for 07/28/2025: 
2025-09-08 07:56:45 | INFO | scraper | Fetched page 94 for 07/15/2025
2025-09-08 07:56:45 | ERROR | scraper | Timeout processing batch starting at page 81 for 07/29/2025
2025-09-08 07:56:45 | INFO | scraper | Fetched page 94 for 07/17/2025
2025-09-08 07:56:46 | INFO | scraper | Fetched page 90 for 07/10/2025
2025-09-08 07:56:46 | ERROR | scraper | Request exception on page 90 for 07/21/2025: 
2025-09-08 07:56:46 | ERROR | scraper | Request exception on page 86 for 07/21/2025: 
2025-09-08 07:56:46 | ERROR | scraper | Request exception on page 88 for 07/21/2025: 
2025-09-08 07:56:46 | ERROR | scraper | Request exception on page 87 for 07/21/2025: 
2025-09-08 07:56:46 | ERROR | scraper | Request exception on page 89 for 07/21/2025: 
2025-09-08 07:56:46 | INFO | scraper | Fetched page 93 for 07/06/2025
2025-09-08 07:56:46 | INFO | scraper | Fetched page 95 for 07/16/2025
2025-09-08 07:56:46 | INFO | scraper | Fetched page 95 for 07/15/2025
2025-09-08 07:56:46 | INFO | scraper | Fetched page 93 for 07/08/2025
2025-09-08 07:56:46 | INFO | scraper | Fetched page 95 for 07/07/2025
2025-09-08 07:56:46 | INFO | scraper | Fetched page 92 for 07/08/2025
2025-09-08 07:56:47 | ERROR | scraper | Request exception on page 92 for 07/27/2025: 
2025-09-08 07:56:47 | ERROR | scraper | Request exception on page 93 for 07/27/2025: 
2025-09-08 07:56:47 | ERROR | scraper | Request exception on page 95 for 07/27/2025: 
2025-09-08 07:56:47 | INFO | scraper | Fetched page 99 for 07/09/2025
2025-09-08 07:56:47 | INFO | scraper | Fetched page 91 for 07/07/2025
2025-09-08 07:56:47 | INFO | scraper | Fetched page 93 for 07/23/2025
2025-09-08 07:56:48 | INFO | scraper | Fetched page 95 for 07/17/2025
2025-09-08 07:56:48 | INFO | scraper | Fetched page 93 for 07/15/2025
2025-09-08 07:56:48 | INFO | scraper | Fetched page 95 for 07/06/2025
2025-09-08 07:56:49 | INFO | scraper | Fetched page 86 for 07/10/2025
2025-09-08 07:56:49 | INFO | scraper | Fetched page 87 for 07/28/2025
2025-09-08 07:56:50 | INFO | scraper | Fetched page 94 for 07/08/2025
2025-09-08 07:56:50 | INFO | scraper | Fetched page 86 for 07/29/2025
2025-09-08 07:56:51 | INFO | scraper | Fetched page 92 for 07/07/2025
2025-09-08 07:56:51 | INFO | scraper | Fetched page 95 for 07/08/2025
2025-09-08 07:56:51 | INFO | scraper | Fetched page 92 for 07/16/2025
2025-09-08 07:56:51 | INFO | scraper | Fetched page 94 for 07/07/2025
2025-09-08 07:56:52 | INFO | scraper | Fetched page 92 for 07/27/2025
2025-09-08 07:56:52 | INFO | scraper | Fetched page 93 for 07/16/2025
2025-09-08 07:56:52 | INFO | scraper | Fetched page 94 for 07/14/2025
2025-09-08 07:56:52 | INFO | scraper | Fetched page 87 for 07/29/2025
2025-09-08 07:56:54 | INFO | scraper | Fetched page 97 for 07/09/2025
2025-09-08 07:56:54 | INFO | scraper | Fetched page 95 for 07/14/2025
2025-09-08 07:56:55 | INFO | scraper | Fetched page 93 for 07/27/2025
2025-09-08 07:56:55 | INFO | scraper | Fetched page 93 for 07/14/2025
2025-09-08 07:56:56 | INFO | scraper | Fetched page 96 for 07/23/2025
2025-09-08 07:56:57 | INFO | scraper | Fetched page 89 for 07/21/2025
2025-09-08 07:56:57 | INFO | scraper | Fetched page 89 for 07/28/2025
2025-09-08 07:56:57 | INFO | scraper | Fetched page 87 for 07/10/2025
2025-09-08 07:56:57 | INFO | scraper | Fetched page 88 for 07/21/2025
2025-09-08 07:56:58 | INFO | scraper | Fetched page 95 for 07/27/2025
2025-09-08 07:56:58 | INFO | scraper | Fetched page 90 for 07/29/2025
2025-09-08 07:56:58 | INFO | scraper | Fetched page 89 for 07/29/2025
2025-09-08 07:56:58 | INFO | scraper | Fetched page 95 for 07/23/2025
2025-09-08 07:56:59 | INFO | scraper | Fetched page 90 for 07/21/2025
2025-09-08 07:56:59 | INFO | scraper | Fetched page 98 for 07/09/2025
2025-09-08 07:56:59 | ERROR | scraper | Request exception on page 94 for 07/13/2025: 
2025-09-08 07:56:59 | ERROR | scraper | Request exception on page 93 for 07/13/2025: 
2025-09-08 07:56:59 | ERROR | scraper | Request exception on page 92 for 07/13/2025: 
2025-09-08 07:56:59 | ERROR | scraper | Request exception on page 91 for 07/13/2025: 
2025-09-08 07:56:59 | INFO | scraper | Fetched page 93 for 07/07/2025
2025-09-08 07:57:00 | ERROR | scraper | Request exception on page 97 for 07/09/2025: 
2025-09-08 07:57:00 | ERROR | scraper | Request exception on page 99 for 07/09/2025: 
2025-09-08 07:57:00 | ERROR | scraper | Request exception on page 98 for 07/09/2025: 
2025-09-08 07:57:01 | INFO | scraper | Fetched page 97 for 07/23/2025
2025-09-08 07:57:02 | ERROR | scraper | Request exception on page 93 for 07/06/2025: 
2025-09-08 07:57:02 | ERROR | scraper | Request exception on page 94 for 07/06/2025: 
2025-09-08 07:57:02 | ERROR | scraper | Request exception on page 95 for 07/06/2025: 
2025-09-08 07:57:02 | INFO | scraper | Fetched page 94 for 07/13/2025
2025-09-08 07:57:03 | INFO | scraper | Fetched page 86 for 07/21/2025
2025-09-08 07:57:03 | INFO | scraper | Fetched page 97 for 07/09/2025
2025-09-08 07:57:03 | INFO | scraper | Fetched page 87 for 07/21/2025
2025-09-08 07:57:03 | INFO | scraper | Fetched page 94 for 07/23/2025
2025-09-08 07:57:04 | INFO | scraper | Fetched page 88 for 07/29/2025
2025-09-08 07:57:04 | ERROR | scraper | Request exception on page 92 for 07/07/2025: 
2025-09-08 07:57:04 | ERROR | scraper | Request exception on page 91 for 07/07/2025: 
2025-09-08 07:57:04 | ERROR | scraper | Request exception on page 93 for 07/07/2025: 
2025-09-08 07:57:04 | ERROR | scraper | Request exception on page 95 for 07/07/2025: 
2025-09-08 07:57:04 | ERROR | scraper | Request exception on page 94 for 07/07/2025: 
2025-09-08 07:57:05 | ERROR | scraper | Request exception on page 95 for 07/16/2025: 
2025-09-08 07:57:05 | ERROR | scraper | Request exception on page 94 for 07/16/2025: 
2025-09-08 07:57:05 | ERROR | scraper | Request exception on page 93 for 07/16/2025: 
2025-09-08 07:57:05 | ERROR | scraper | Request exception on page 91 for 07/16/2025: 
2025-09-08 07:57:05 | ERROR | scraper | Request exception on page 92 for 07/16/2025: 
2025-09-08 07:57:07 | INFO | scraper | Fetched page 99 for 07/09/2025
2025-09-08 07:57:07 | INFO | scraper | Fetched page 94 for 07/06/2025
2025-09-08 07:57:07 | ERROR | scraper | Request exception on page 93 for 07/17/2025: 
2025-09-08 07:57:08 | ERROR | scraper | Timeout processing batch starting at page 86 for 07/10/2025
2025-09-08 07:57:09 | ERROR | scraper | Request exception on page 94 for 07/15/2025: 
2025-09-08 07:57:09 | ERROR | scraper | Request exception on page 95 for 07/15/2025: 
2025-09-08 07:57:09 | ERROR | scraper | Request exception on page 92 for 07/15/2025: 
2025-09-08 07:57:09 | ERROR | scraper | Request exception on page 93 for 07/15/2025: 
2025-09-08 07:57:11 | INFO | scraper | Fetched page 93 for 07/07/2025
2025-09-08 07:57:11 | ERROR | scraper | Request exception on page 95 for 07/08/2025: 
2025-09-08 07:57:11 | ERROR | scraper | Request exception on page 91 for 07/08/2025: 
2025-09-08 07:57:12 | INFO | scraper | Fetched page 93 for 07/17/2025
2025-09-08 07:57:12 | ERROR | scraper | Request exception on page 96 for 07/23/2025: 
2025-09-08 07:57:12 | ERROR | scraper | Request exception on page 95 for 07/23/2025: 
2025-09-08 07:57:12 | ERROR | scraper | Request exception on page 93 for 07/14/2025: 
2025-09-08 07:57:12 | ERROR | scraper | Request exception on page 94 for 07/23/2025: 
2025-09-08 07:57:12 | ERROR | scraper | Request exception on page 95 for 07/14/2025: 
2025-09-08 07:57:12 | ERROR | scraper | Request exception on page 93 for 07/23/2025: 
2025-09-08 07:57:12 | ERROR | scraper | Request exception on page 97 for 07/23/2025: 
2025-09-08 07:57:12 | ERROR | scraper | Request exception on page 94 for 07/14/2025: 
2025-09-08 07:57:12 | INFO | scraper | Fetched page 92 for 07/16/2025
2025-09-08 07:57:12 | INFO | scraper | Fetched page 94 for 07/07/2025
2025-09-08 07:57:13 | INFO | scraper | Fetched page 93 for 07/13/2025
2025-09-08 07:57:13 | INFO | scraper | Fetched page 95 for 07/07/2025
2025-09-08 07:57:13 | INFO | scraper | Fetched page 95 for 07/08/2025
2025-09-08 07:57:14 | INFO | scraper | Fetched page 91 for 07/07/2025
2025-09-08 07:57:14 | INFO | scraper | Fetched page 95 for 07/16/2025
2025-09-08 07:57:14 | INFO | scraper | Fetched page 91 for 07/13/2025
2025-09-08 07:57:14 | ERROR | scraper | Timeout processing batch starting at page 86 for 07/28/2025
2025-09-08 07:57:15 | INFO | scraper | Fetched page 93 for 07/14/2025
2025-09-08 07:57:15 | INFO | scraper | Fetched page 98 for 07/09/2025
2025-09-08 07:57:15 | INFO | scraper | Fetched page 93 for 07/06/2025
2025-09-08 07:57:15 | ERROR | scraper | Timeout processing batch starting at page 86 for 07/21/2025
2025-09-08 07:57:16 | INFO | scraper | Fetched page 91 for 07/16/2025
2025-09-08 07:57:16 | INFO | scraper | Fetched page 92 for 07/13/2025
2025-09-08 07:57:16 | INFO | scraper | Fetched page 92 for 07/10/2025
2025-09-08 07:57:16 | ERROR | scraper | Timeout processing batch starting at page 91 for 07/27/2025
2025-09-08 07:57:17 | INFO | scraper | Fetched page 95 for 07/15/2025
2025-09-08 07:57:17 | INFO | scraper | Fetched page 94 for 07/16/2025
2025-09-08 07:57:17 | INFO | scraper | Fetched page 93 for 07/10/2025
2025-09-08 07:57:18 | INFO | scraper | Fetched page 92 for 07/15/2025
2025-09-08 07:57:18 | INFO | scraper | Fetched page 93 for 07/15/2025
2025-09-08 07:57:18 | INFO | scraper | Fetched page 91 for 07/08/2025
2025-09-08 07:57:18 | ERROR | scraper | Request exception on page 89 for 07/29/2025: 
2025-09-08 07:57:18 | ERROR | scraper | Request exception on page 88 for 07/29/2025: 
2025-09-08 07:57:18 | ERROR | scraper | Request exception on page 90 for 07/29/2025: 
2025-09-08 07:57:18 | ERROR | scraper | Request exception on page 87 for 07/29/2025: 
2025-09-08 07:57:18 | INFO | scraper | Fetched page 91 for 07/10/2025
2025-09-08 07:57:18 | INFO | scraper | Fetched page 93 for 07/16/2025
2025-09-08 07:57:19 | INFO | scraper | Fetched page 95 for 07/14/2025
2025-09-08 07:57:20 | INFO | scraper | Fetched page 91 for 07/28/2025
2025-09-08 07:57:20 | INFO | scraper | Fetched page 92 for 07/07/2025
2025-09-08 07:57:20 | INFO | scraper | Fetched page 94 for 07/15/2025
2025-09-08 07:57:20 | INFO | scraper | Fetched page 95 for 07/10/2025
2025-09-08 07:57:22 | INFO | scraper | Fetched page 89 for 07/29/2025
2025-09-08 07:57:25 | INFO | scraper | Fetched page 95 for 07/21/2025
2025-09-08 07:57:26 | INFO | scraper | Fetched page 94 for 07/10/2025
2025-09-08 07:57:27 | INFO | scraper | Fetched page 91 for 07/21/2025
2025-09-08 07:57:27 | INFO | scraper | Fetched page 94 for 07/23/2025
2025-09-08 07:57:27 | INFO | scraper | Fetched page 90 for 07/29/2025
2025-09-08 07:57:27 | INFO | scraper | Fetched page 98 for 07/27/2025
2025-09-08 07:57:28 | INFO | scraper | Fetched page 92 for 07/21/2025
2025-09-08 07:57:29 | ERROR | scraper | Timeout processing batch starting at page 91 for 07/13/2025
2025-09-08 07:57:29 | ERROR | scraper | Timeout processing batch starting at page 95 for 07/09/2025
2025-09-08 07:57:31 | INFO | scraper | Fetched page 94 for 07/21/2025
2025-09-08 07:57:31 | ERROR | scraper | Timeout processing batch starting at page 91 for 07/06/2025
2025-09-08 07:57:32 | INFO | scraper | Fetched page 88 for 07/29/2025
2025-09-08 07:57:32 | INFO | scraper | Fetched page 99 for 07/27/2025
2025-09-08 07:57:32 | INFO | scraper | Fetched page 87 for 07/29/2025
2025-09-08 07:57:33 | INFO | scraper | Fetched page 97 for 07/27/2025
2025-09-08 07:57:33 | INFO | scraper | Fetched page 93 for 07/21/2025
2025-09-08 07:57:33 | INFO | scraper | Fetched page 96 for 07/13/2025
2025-09-08 07:57:33 | INFO | scraper | Fetched page 96 for 07/23/2025
2025-09-08 07:57:34 | ERROR | scraper | Timeout processing batch starting at page 91 for 07/07/2025
2025-09-08 07:57:34 | INFO | scraper | Fetched page 100 for 07/09/2025
2025-09-08 07:57:34 | ERROR | scraper | Timeout processing batch starting at page 91 for 07/16/2025
2025-09-08 07:57:35 | INFO | scraper | Fetched page 96 for 07/27/2025
2025-09-08 07:57:35 | INFO | scraper | Fetched page 97 for 07/13/2025
2025-09-08 07:57:36 | INFO | scraper | Fetched page 96 for 07/06/2025
2025-09-08 07:57:36 | ERROR | scraper | Timeout processing batch starting at page 91 for 07/17/2025
2025-09-08 07:57:37 | INFO | scraper | Fetched page 95 for 07/23/2025
2025-09-08 07:57:38 | INFO | scraper | Fetched page 100 for 07/27/2025
2025-09-08 07:57:38 | INFO | scraper | Fetched page 96 for 07/07/2025
2025-09-08 07:57:38 | ERROR | scraper | Timeout processing batch starting at page 91 for 07/15/2025
2025-09-08 07:57:39 | INFO | scraper | Fetched page 96 for 07/16/2025
2025-09-08 07:57:40 | INFO | scraper | Fetched page 97 for 07/07/2025
2025-09-08 07:57:40 | ERROR | scraper | Timeout processing batch starting at page 91 for 07/08/2025
2025-09-08 07:57:40 | ERROR | scraper | Request exception on page 95 for 07/10/2025: 
2025-09-08 07:57:40 | ERROR | scraper | Request exception on page 94 for 07/10/2025: 
2025-09-08 07:57:41 | INFO | scraper | Fetched page 93 for 07/23/2025
2025-09-08 07:57:41 | ERROR | scraper | Timeout processing batch starting at page 93 for 07/23/2025
2025-09-08 07:57:41 | ERROR | scraper | Timeout processing batch starting at page 91 for 07/14/2025
2025-09-08 07:57:42 | INFO | scraper | Fetched page 102 for 07/09/2025
2025-09-08 07:57:42 | INFO | scraper | Fetched page 96 for 07/15/2025
2025-09-08 07:57:43 | INFO | scraper | Fetched page 95 for 07/10/2025
2025-09-08 07:57:43 | INFO | scraper | Fetched page 96 for 07/08/2025
2025-09-08 07:57:43 | INFO | scraper | Fetched page 98 for 07/16/2025
2025-09-08 07:57:44 | INFO | scraper | Fetched page 94 for 07/10/2025
2025-09-08 07:57:44 | INFO | scraper | Fetched page 104 for 07/09/2025
2025-09-08 07:57:45 | INFO | scraper | Fetched page 100 for 07/16/2025
2025-09-08 07:57:46 | INFO | scraper | Fetched page 97 for 07/14/2025
2025-09-08 07:57:47 | INFO | scraper | Fetched page 99 for 07/16/2025
2025-09-08 07:57:47 | INFO | scraper | Fetched page 97 for 07/16/2025
2025-09-08 07:57:47 | ERROR | scraper | Request exception on page 92 for 07/28/2025: 
2025-09-08 07:57:47 | ERROR | scraper | Request exception on page 94 for 07/28/2025: 
2025-09-08 07:57:47 | ERROR | scraper | Request exception on page 93 for 07/28/2025: 
2025-09-08 07:57:47 | ERROR | scraper | Request exception on page 95 for 07/28/2025: 
2025-09-08 07:57:47 | INFO | scraper | Fetched page 100 for 07/15/2025
2025-09-08 07:57:47 | ERROR | scraper | Timeout processing batch starting at page 86 for 07/29/2025
2025-09-08 07:57:48 | INFO | scraper | Fetched page 97 for 07/15/2025
2025-09-08 07:57:48 | ERROR | scraper | Request exception on page 92 for 07/21/2025: 
2025-09-08 07:57:48 | INFO | scraper | Fetched page 98 for 07/07/2025
2025-09-08 07:57:49 | INFO | scraper | Fetched page 101 for 07/09/2025
2025-09-08 07:57:49 | ERROR | scraper | Request exception on page 96 for 07/27/2025: 
2025-09-08 07:57:49 | ERROR | scraper | Request exception on page 100 for 07/27/2025: 
2025-09-08 07:57:49 | ERROR | scraper | Request exception on page 98 for 07/27/2025: 
2025-09-08 07:57:49 | ERROR | scraper | Request exception on page 99 for 07/27/2025: 
2025-09-08 07:57:49 | INFO | scraper | Fetched page 99 for 07/15/2025
2025-09-08 07:57:50 | INFO | scraper | Fetched page 100 for 07/07/2025
2025-09-08 07:57:50 | INFO | scraper | Fetched page 103 for 07/09/2025
2025-09-08 07:57:50 | INFO | scraper | Fetched page 98 for 07/15/2025
2025-09-08 07:57:50 | INFO | scraper | Fetched page 99 for 07/07/2025
2025-09-08 07:57:51 | INFO | scraper | Fetched page 92 for 07/28/2025
2025-09-08 07:57:51 | INFO | scraper | Fetched page 100 for 07/23/2025
2025-09-08 07:57:52 | INFO | scraper | Fetched page 92 for 07/21/2025
2025-09-08 07:57:52 | INFO | scraper | Fetched page 96 for 07/14/2025
2025-09-08 07:57:52 | INFO | scraper | Fetched page 91 for 07/29/2025
2025-09-08 07:57:56 | INFO | scraper | Fetched page 98 for 07/23/2025
2025-09-08 07:57:56 | INFO | scraper | Fetched page 92 for 07/29/2025
2025-09-08 07:57:56 | INFO | scraper | Fetched page 101 for 07/23/2025
2025-09-08 07:57:58 | INFO | scraper | Fetched page 99 for 07/27/2025
2025-09-08 07:57:59 | INFO | scraper | Fetched page 102 for 07/23/2025
2025-09-08 07:58:00 | INFO | scraper | Fetched page 96 for 07/27/2025
2025-09-08 07:58:01 | INFO | scraper | Fetched page 100 for 07/27/2025
2025-09-08 07:58:01 | INFO | scraper | Fetched page 99 for 07/23/2025
2025-09-08 07:58:01 | ERROR | scraper | Request exception on page 99 for 07/13/2025: 
2025-09-08 07:58:01 | ERROR | scraper | Request exception on page 97 for 07/13/2025: 
2025-09-08 07:58:01 | ERROR | scraper | Request exception on page 100 for 07/13/2025: 
2025-09-08 07:58:01 | ERROR | scraper | Request exception on page 98 for 07/13/2025: 
2025-09-08 07:58:02 | INFO | scraper | Fetched page 93 for 07/29/2025
2025-09-08 07:58:02 | ERROR | scraper | Request exception on page 103 for 07/09/2025: 
2025-09-08 07:58:02 | ERROR | scraper | Request exception on page 101 for 07/09/2025: 
2025-09-08 07:58:02 | ERROR | scraper | Request exception on page 104 for 07/09/2025: 
2025-09-08 07:58:02 | ERROR | scraper | Request exception on page 102 for 07/09/2025: 
2025-09-08 07:58:04 | INFO | scraper | Fetched page 95 for 07/29/2025
2025-09-08 07:58:04 | ERROR | scraper | Request exception on page 100 for 07/06/2025: 
2025-09-08 07:58:04 | ERROR | scraper | Request exception on page 97 for 07/06/2025: 
2025-09-08 07:58:04 | ERROR | scraper | Request exception on page 98 for 07/06/2025: 
2025-09-08 07:58:04 | ERROR | scraper | Request exception on page 99 for 07/06/2025: 
2025-09-08 07:58:05 | INFO | scraper | Fetched page 94 for 07/29/2025
2025-09-08 07:58:06 | INFO | scraper | Fetched page 103 for 07/09/2025
2025-09-08 07:58:06 | INFO | scraper | Fetched page 98 for 07/27/2025
2025-09-08 07:58:06 | INFO | scraper | Fetched page 99 for 07/13/2025
2025-09-08 07:58:07 | INFO | scraper | Fetched page 100 for 07/06/2025
2025-09-08 07:58:07 | ERROR | scraper | Request exception on page 97 for 07/16/2025: 
2025-09-08 07:58:07 | ERROR | scraper | Request exception on page 100 for 07/16/2025: 
2025-09-08 07:58:07 | ERROR | scraper | Request exception on page 98 for 07/16/2025: 
2025-09-08 07:58:07 | ERROR | scraper | Request exception on page 99 for 07/16/2025: 
2025-09-08 07:58:08 | ERROR | scraper | Request exception on page 100 for 07/07/2025: 
2025-09-08 07:58:08 | INFO | scraper | Fetched page 98 for 07/17/2025
2025-09-08 07:58:09 | ERROR | scraper | Request exception on page 98 for 07/17/2025: 
2025-09-08 07:58:09 | ERROR | scraper | Request exception on page 100 for 07/17/2025: 
2025-09-08 07:58:09 | ERROR | scraper | Request exception on page 97 for 07/17/2025: 
2025-09-08 07:58:09 | ERROR | scraper | Request exception on page 96 for 07/17/2025: 
2025-09-08 07:58:09 | ERROR | scraper | Request exception on page 99 for 07/17/2025: 
2025-09-08 07:58:10 | ERROR | scraper | Timeout processing batch starting at page 91 for 07/10/2025
2025-09-08 07:58:10 | INFO | scraper | Fetched page 97 for 07/16/2025
2025-09-08 07:58:10 | INFO | scraper | Fetched page 100 for 07/07/2025
2025-09-08 07:58:12 | ERROR | scraper | Request exception on page 99 for 07/08/2025: 
2025-09-08 07:58:12 | ERROR | scraper | Request exception on page 100 for 07/08/2025: 
2025-09-08 07:58:12 | ERROR | scraper | Request exception on page 98 for 07/08/2025: 
2025-09-08 07:58:12 | ERROR | scraper | Request exception on page 97 for 07/08/2025: 
2025-09-08 07:58:14 | INFO | scraper | Fetched page 99 for 07/08/2025
2025-09-08 07:58:14 | ERROR | scraper | Request exception on page 99 for 07/14/2025: 
2025-09-08 07:58:14 | ERROR | scraper | Request exception on page 96 for 07/14/2025: 
2025-09-08 07:58:14 | ERROR | scraper | Request exception on page 98 for 07/14/2025: 
2025-09-08 07:58:14 | ERROR | scraper | Request exception on page 100 for 07/14/2025: 
2025-09-08 07:58:14 | ERROR | scraper | Request exception on page 102 for 07/23/2025: 
2025-09-08 07:58:14 | ERROR | scraper | Request exception on page 99 for 07/23/2025: 
2025-09-08 07:58:14 | INFO | scraper | Fetched page 96 for 07/10/2025
2025-09-08 07:58:16 | INFO | scraper | Fetched page 98 for 07/17/2025
2025-09-08 07:58:16 | INFO | scraper | Fetched page 99 for 07/14/2025
2025-09-08 07:58:16 | INFO | scraper | Fetched page 98 for 07/08/2025
2025-09-08 07:58:16 | INFO | scraper | Fetched page 97 for 07/08/2025
2025-09-08 07:58:16 | INFO | scraper | Fetched page 100 for 07/08/2025
2025-09-08 07:58:16 | ERROR | scraper | Timeout processing batch starting at page 91 for 07/28/2025
2025-09-08 07:58:17 | INFO | scraper | Fetched page 99 for 07/10/2025
2025-09-08 07:58:17 | INFO | scraper | Fetched page 102 for 07/23/2025
2025-09-08 07:58:17 | INFO | scraper | Fetched page 98 for 07/10/2025
2025-09-08 07:58:17 | ERROR | scraper | Timeout processing batch starting at page 91 for 07/21/2025
2025-09-08 07:58:18 | INFO | scraper | Fetched page 97 for 07/10/2025
2025-09-08 07:58:18 | INFO | scraper | Fetched page 99 for 07/23/2025
2025-09-08 07:58:18 | ERROR | scraper | Timeout processing batch starting at page 96 for 07/27/2025
2025-09-08 07:58:20 | ERROR | scraper | Request exception on page 91 for 07/29/2025: 
2025-09-08 07:58:20 | ERROR | scraper | Request exception on page 93 for 07/29/2025: 
2025-09-08 07:58:20 | INFO | scraper | Fetched page 96 for 07/28/2025
2025-09-08 07:58:21 | INFO | scraper | Fetched page 99 for 07/16/2025
2025-09-08 07:58:21 | INFO | scraper | Fetched page 100 for 07/17/2025
2025-09-08 07:58:22 | INFO | scraper | Fetched page 100 for 07/16/2025
2025-09-08 07:58:22 | INFO | scraper | Fetched page 101 for 07/27/2025
2025-09-08 07:58:22 | INFO | scraper | Fetched page 100 for 07/10/2025
2025-09-08 07:58:23 | INFO | scraper | Fetched page 91 for 07/29/2025
2025-09-08 07:58:23 | INFO | scraper | Fetched page 96 for 07/17/2025
2025-09-08 07:58:24 | INFO | scraper | Fetched page 102 for 07/27/2025
2025-09-08 07:58:25 | INFO | scraper | Fetched page 100 for 07/21/2025
2025-09-08 07:58:26 | INFO | scraper | Fetched page 97 for 07/17/2025
2025-09-08 07:58:26 | INFO | scraper | Fetched page 97 for 07/21/2025
2025-09-08 07:58:27 | INFO | scraper | Fetched page 99 for 07/17/2025
2025-09-08 07:58:27 | INFO | scraper | Fetched page 103 for 07/27/2025
2025-09-08 07:58:27 | INFO | scraper | Fetched page 99 for 07/21/2025
2025-09-08 07:58:28 | INFO | scraper | Fetched page 98 for 07/16/2025
2025-09-08 07:58:28 | INFO | scraper | Fetched page 93 for 07/29/2025
2025-09-08 07:58:28 | INFO | scraper | Fetched page 96 for 07/21/2025
2025-09-08 07:58:30 | INFO | scraper | Fetched page 105 for 07/27/2025
2025-09-08 07:58:31 | ERROR | scraper | Timeout processing batch starting at page 96 for 07/13/2025
2025-09-08 07:58:31 | INFO | scraper | Fetched page 104 for 07/27/2025
2025-09-08 07:58:31 | INFO | scraper | Fetched page 98 for 07/21/2025
2025-09-08 07:58:31 | ERROR | scraper | Timeout processing batch starting at page 100 for 07/09/2025
2025-09-08 07:58:33 | ERROR | scraper | Timeout processing batch starting at page 96 for 07/06/2025
2025-09-08 07:58:34 | INFO | scraper | Fetched page 101 for 07/13/2025
2025-09-08 07:58:36 | ERROR | scraper | Timeout processing batch starting at page 96 for 07/07/2025
2025-09-08 07:58:36 | INFO | scraper | Fetched page 101 for 07/06/2025
2025-09-08 07:58:36 | ERROR | scraper | Timeout processing batch starting at page 96 for 07/16/2025
2025-09-08 07:58:38 | ERROR | scraper | Timeout processing batch starting at page 96 for 07/17/2025
2025-09-08 07:58:39 | INFO | scraper | Fetched page 101 for 07/07/2025
2025-09-08 07:58:40 | INFO | scraper | Fetched page 101 for 07/16/2025
2025-09-08 07:58:40 | ERROR | scraper | Timeout processing batch starting at page 96 for 07/15/2025
2025-09-08 07:58:42 | ERROR | scraper | Request exception on page 99 for 07/10/2025: 
2025-09-08 07:58:42 | ERROR | scraper | Request exception on page 98 for 07/10/2025: 
2025-09-08 07:58:42 | ERROR | scraper | Timeout processing batch starting at page 96 for 07/08/2025
2025-09-08 07:58:43 | INFO | scraper | Fetched page 105 for 07/09/2025
2025-09-08 07:58:43 | ERROR | scraper | Timeout processing batch starting at page 98 for 07/23/2025
2025-09-08 07:58:43 | ERROR | scraper | Timeout processing batch starting at page 96 for 07/14/2025
2025-09-08 07:58:44 | INFO | scraper | Fetched page 105 for 07/16/2025
2025-09-08 07:58:44 | INFO | scraper | Fetched page 99 for 07/10/2025
2025-09-08 07:58:45 | INFO | scraper | Fetched page 104 for 07/16/2025
2025-09-08 07:58:45 | INFO | scraper | Fetched page 103 for 07/17/2025
2025-09-08 07:58:45 | INFO | scraper | Fetched page 101 for 07/08/2025
2025-09-08 07:58:46 | INFO | scraper | Fetched page 104 for 07/08/2025
2025-09-08 07:58:47 | INFO | scraper | Fetched page 101 for 07/14/2025
2025-09-08 07:58:47 | INFO | scraper | Fetched page 98 for 07/10/2025
2025-09-08 07:58:47 | INFO | scraper | Fetched page 103 for 07/16/2025
2025-09-08 07:58:48 | INFO | scraper | Fetched page 104 for 07/17/2025
2025-09-08 07:58:48 | INFO | scraper | Fetched page 102 for 07/16/2025
2025-09-08 07:58:49 | INFO | scraper | Fetched page 103 for 07/08/2025
2025-09-08 07:58:49 | INFO | scraper | Fetched page 102 for 07/08/2025
2025-09-08 07:58:49 | ERROR | scraper | Request exception on page 98 for 07/28/2025: 
2025-09-08 07:58:49 | ERROR | scraper | Request exception on page 99 for 07/28/2025: 
2025-09-08 07:58:49 | ERROR | scraper | Request exception on page 97 for 07/28/2025: 
2025-09-08 07:58:49 | ERROR | scraper | Request exception on page 100 for 07/28/2025: 
2025-09-08 07:58:49 | INFO | scraper | Fetched page 101 for 07/17/2025
2025-09-08 07:58:49 | ERROR | scraper | Timeout processing batch starting at page 91 for 07/29/2025
2025-09-08 07:58:50 | INFO | scraper | Fetched page 104 for 07/23/2025
2025-09-08 07:58:51 | INFO | scraper | Fetched page 103 for 07/23/2025
2025-09-08 07:58:51 | INFO | scraper | Fetched page 102 for 07/17/2025
2025-09-08 07:58:52 | INFO | scraper | Fetched page 98 for 07/28/2025
2025-09-08 07:58:53 | INFO | scraper | Fetched page 105 for 07/17/2025
2025-09-08 07:58:54 | INFO | scraper | Fetched page 96 for 07/29/2025
2025-09-08 07:58:55 | INFO | scraper | Fetched page 97 for 07/29/2025
2025-09-08 07:59:03 | ERROR | scraper | Request exception on page 102 for 07/13/2025: 
2025-09-08 07:59:03 | ERROR | scraper | Request exception on page 105 for 07/13/2025: 
2025-09-08 07:59:03 | ERROR | scraper | Request exception on page 103 for 07/13/2025: 
2025-09-08 07:59:03 | ERROR | scraper | Request exception on page 104 for 07/13/2025: 
2025-09-08 07:59:04 | ERROR | scraper | Request exception on page 106 for 07/09/2025: 
2025-09-08 07:59:04 | ERROR | scraper | Request exception on page 109 for 07/09/2025: 
2025-09-08 07:59:04 | ERROR | scraper | Request exception on page 107 for 07/09/2025: 
2025-09-08 07:59:04 | ERROR | scraper | Request exception on page 108 for 07/09/2025: 
2025-09-08 07:59:05 | INFO | scraper | Fetched page 102 for 07/13/2025
2025-09-08 07:59:06 | INFO | scraper | Fetched page 106 for 07/09/2025
2025-09-08 07:59:06 | ERROR | scraper | Request exception on page 105 for 07/06/2025: 
2025-09-08 07:59:06 | ERROR | scraper | Request exception on page 104 for 07/06/2025: 
2025-09-08 07:59:06 | ERROR | scraper | Request exception on page 102 for 07/06/2025: 
2025-09-08 07:59:06 | ERROR | scraper | Request exception on page 103 for 07/06/2025: 
2025-09-08 07:59:08 | INFO | scraper | Fetched page 105 for 07/06/2025
2025-09-08 07:59:08 | ERROR | scraper | Request exception on page 102 for 07/07/2025: 
2025-09-08 07:59:08 | ERROR | scraper | Request exception on page 103 for 07/07/2025: 
2025-09-08 07:59:08 | ERROR | scraper | Request exception on page 104 for 07/07/2025: 
2025-09-08 07:59:08 | ERROR | scraper | Request exception on page 105 for 07/07/2025: 
2025-09-08 07:59:10 | INFO | scraper | Fetched page 102 for 07/07/2025
2025-09-08 07:59:12 | ERROR | scraper | Timeout processing batch starting at page 96 for 07/10/2025
2025-09-08 07:59:13 | ERROR | scraper | Request exception on page 101 for 07/15/2025: 
2025-09-08 07:59:13 | ERROR | scraper | Request exception on page 104 for 07/15/2025: 
2025-09-08 07:59:13 | ERROR | scraper | Request exception on page 105 for 07/15/2025: 
2025-09-08 07:59:13 | ERROR | scraper | Request exception on page 102 for 07/15/2025: 
2025-09-08 07:59:13 | ERROR | scraper | Request exception on page 103 for 07/15/2025: 
2025-09-08 07:59:15 | INFO | scraper | Fetched page 101 for 07/10/2025
2025-09-08 07:59:15 | ERROR | scraper | Request exception on page 105 for 07/08/2025: 
2025-09-08 07:59:16 | ERROR | scraper | Request exception on page 103 for 07/14/2025: 
2025-09-08 07:59:16 | ERROR | scraper | Request exception on page 106 for 07/23/2025: 
2025-09-08 07:59:16 | ERROR | scraper | Request exception on page 105 for 07/23/2025: 
2025-09-08 07:59:16 | ERROR | scraper | Request exception on page 107 for 07/23/2025: 
2025-09-08 07:59:16 | ERROR | scraper | Request exception on page 105 for 07/14/2025: 
2025-09-08 07:59:16 | ERROR | scraper | Request exception on page 102 for 07/14/2025: 
2025-09-08 07:59:16 | ERROR | scraper | Request exception on page 104 for 07/14/2025: 
2025-09-08 07:59:16 | INFO | scraper | Fetched page 102 for 07/10/2025
2025-09-08 07:59:16 | INFO | scraper | Fetched page 105 for 07/08/2025
2025-09-08 07:59:17 | INFO | scraper | Fetched page 103 for 07/14/2025
2025-09-08 07:59:18 | INFO | scraper | Fetched page 106 for 07/23/2025
2025-09-08 07:59:19 | ERROR | scraper | Timeout processing batch starting at page 96 for 07/28/2025
2025-09-08 07:59:19 | INFO | scraper | Fetched page 105 for 07/23/2025
2025-09-08 07:59:19 | ERROR | scraper | Timeout processing batch starting at page 96 for 07/21/2025
2025-09-08 07:59:20 | ERROR | scraper | Timeout processing batch starting at page 101 for 07/27/2025
2025-09-08 07:59:22 | INFO | scraper | Fetched page 101 for 07/28/2025
2025-09-08 07:59:22 | ERROR | scraper | Request exception on page 100 for 07/29/2025: 
2025-09-08 07:59:22 | ERROR | scraper | Request exception on page 98 for 07/29/2025: 
2025-09-08 07:59:22 | ERROR | scraper | Request exception on page 99 for 07/29/2025: 
2025-09-08 07:59:23 | INFO | scraper | Fetched page 102 for 07/21/2025
2025-09-08 07:59:24 | INFO | scraper | Fetched page 108 for 07/27/2025
2025-09-08 07:59:24 | INFO | scraper | Fetched page 98 for 07/29/2025
2025-09-08 07:59:25 | INFO | scraper | Fetched page 104 for 07/21/2025
2025-09-08 07:59:25 | INFO | scraper | Fetched page 106 for 07/27/2025
2025-09-08 07:59:26 | INFO | scraper | Fetched page 100 for 07/29/2025
2025-09-08 07:59:26 | INFO | scraper | Fetched page 103 for 07/21/2025
2025-09-08 07:59:26 | INFO | scraper | Fetched page 101 for 07/21/2025
2025-09-08 07:59:26 | INFO | scraper | Fetched page 107 for 07/27/2025
2025-09-08 07:59:27 | INFO | scraper | Fetched page 105 for 07/21/2025
2025-09-08 07:59:28 | INFO | scraper | Fetched page 109 for 07/27/2025
2025-09-08 07:59:28 | INFO | scraper | Fetched page 110 for 07/27/2025
2025-09-08 07:59:33 | ERROR | scraper | Timeout processing batch starting at page 101 for 07/13/2025
2025-09-08 07:59:33 | ERROR | scraper | Timeout processing batch starting at page 105 for 07/09/2025
2025-09-08 07:59:35 | ERROR | scraper | Timeout processing batch starting at page 101 for 07/06/2025
2025-09-08 07:59:35 | INFO | scraper | Fetched page 106 for 07/13/2025
2025-09-08 07:59:36 | INFO | scraper | Fetched page 110 for 07/09/2025
2025-09-08 07:59:38 | ERROR | scraper | Timeout processing batch starting at page 101 for 07/07/2025
2025-09-08 07:59:38 | INFO | scraper | Fetched page 106 for 07/06/2025
2025-09-08 07:59:38 | ERROR | scraper | Timeout processing batch starting at page 101 for 07/16/2025
2025-09-08 07:59:40 | INFO | scraper | Fetched page 106 for 07/07/2025
2025-09-08 07:59:40 | ERROR | scraper | Timeout processing batch starting at page 101 for 07/17/2025
2025-09-08 07:59:42 | ERROR | scraper | Timeout processing batch starting at page 101 for 07/15/2025
2025-09-08 07:59:44 | ERROR | scraper | Request exception on page 105 for 07/10/2025: 
2025-09-08 07:59:44 | ERROR | scraper | Request exception on page 103 for 07/10/2025: 
2025-09-08 07:59:44 | ERROR | scraper | Request exception on page 104 for 07/10/2025: 
2025-09-08 07:59:44 | ERROR | scraper | Timeout processing batch starting at page 101 for 07/08/2025
2025-09-08 07:59:45 | ERROR | scraper | Timeout processing batch starting at page 103 for 07/23/2025
2025-09-08 07:59:45 | ERROR | scraper | Timeout processing batch starting at page 101 for 07/14/2025
2025-09-08 07:59:46 | INFO | scraper | Fetched page 105 for 07/10/2025
2025-09-08 07:59:46 | INFO | scraper | Fetched page 106 for 07/08/2025
2025-09-08 07:59:47 | INFO | scraper | Fetched page 103 for 07/10/2025
2025-09-08 07:59:48 | INFO | scraper | Fetched page 106 for 07/14/2025
2025-09-08 07:59:48 | INFO | scraper | Fetched page 108 for 07/23/2025
2025-09-08 07:59:50 | INFO | scraper | Fetched page 109 for 07/23/2025
2025-09-08 07:59:51 | ERROR | scraper | Request exception on page 105 for 07/28/2025: 
2025-09-08 07:59:51 | ERROR | scraper | Request exception on page 103 for 07/28/2025: 
2025-09-08 07:59:51 | ERROR | scraper | Request exception on page 102 for 07/28/2025: 
2025-09-08 07:59:51 | ERROR | scraper | Request exception on page 104 for 07/28/2025: 
2025-09-08 07:59:51 | ERROR | scraper | Timeout processing batch starting at page 96 for 07/29/2025
2025-09-08 07:59:53 | INFO | scraper | Fetched page 105 for 07/28/2025
2025-09-08 07:59:53 | INFO | scraper | Fetched page 104 for 07/10/2025
2025-09-08 07:59:54 | INFO | scraper | Fetched page 109 for 07/06/2025
2025-09-08 07:59:55 | INFO | scraper | Fetched page 106 for 07/16/2025
2025-09-08 07:59:55 | INFO | scraper | Fetched page 109 for 07/14/2025
2025-09-08 07:59:55 | INFO | scraper | Fetched page 101 for 07/29/2025
2025-09-08 07:59:56 | INFO | scraper | Fetched page 110 for 07/07/2025
2025-09-08 07:59:56 | INFO | scraper | Fetched page 110 for 07/14/2025
2025-09-08 07:59:56 | INFO | scraper | Fetched page 108 for 07/06/2025
2025-09-08 07:59:56 | INFO | scraper | Fetched page 107 for 07/16/2025
2025-09-08 07:59:56 | INFO | scraper | Fetched page 112 for 07/09/2025
2025-09-08 07:59:57 | INFO | scraper | Fetched page 108 for 07/07/2025
2025-09-08 07:59:57 | INFO | scraper | Fetched page 107 for 07/14/2025
2025-09-08 07:59:58 | INFO | scraper | Fetched page 111 for 07/09/2025
2025-09-08 07:59:58 | INFO | scraper | Fetched page 102 for 07/29/2025
2025-09-08 07:59:59 | INFO | scraper | Fetched page 110 for 07/16/2025
2025-09-08 07:59:59 | INFO | scraper | Fetched page 108 for 07/14/2025
2025-09-08 07:59:59 | INFO | scraper | Fetched page 114 for 07/09/2025
2025-09-08 07:59:59 | INFO | scraper | Fetched page 110 for 07/23/2025
2025-09-08 07:59:59 | INFO | scraper | Fetched page 107 for 07/07/2025
2025-09-08 07:59:59 | INFO | scraper | Fetched page 107 for 07/06/2025
2025-09-08 07:59:59 | INFO | scraper | Fetched page 113 for 07/09/2025
2025-09-08 08:00:00 | INFO | scraper | Fetched page 108 for 07/16/2025
2025-09-08 08:00:01 | INFO | scraper | Fetched page 109 for 07/07/2025
2025-09-08 08:00:01 | INFO | scraper | Fetched page 109 for 07/16/2025
2025-09-08 08:00:03 | INFO | scraper | Fetched page 112 for 07/23/2025
2025-09-08 08:00:04 | INFO | scraper | Fetched page 110 for 07/06/2025
2025-09-08 08:00:04 | ERROR | scraper | Request exception on page 109 for 07/13/2025: 
2025-09-08 08:00:04 | ERROR | scraper | Request exception on page 107 for 07/13/2025: 
2025-09-08 08:00:04 | ERROR | scraper | Request exception on page 108 for 07/13/2025: 
2025-09-08 08:00:04 | ERROR | scraper | Request exception on page 110 for 07/13/2025: 
2025-09-08 08:00:05 | INFO | scraper | Fetched page 111 for 07/23/2025
2025-09-08 08:00:05 | ERROR | scraper | Request exception on page 113 for 07/09/2025: 
2025-09-08 08:00:05 | ERROR | scraper | Request exception on page 111 for 07/09/2025: 
2025-09-08 08:00:05 | ERROR | scraper | Request exception on page 112 for 07/09/2025: 
2025-09-08 08:00:07 | INFO | scraper | Fetched page 109 for 07/13/2025
2025-09-08 08:00:08 | ERROR | scraper | Request exception on page 108 for 07/06/2025: 
2025-09-08 08:00:08 | ERROR | scraper | Request exception on page 110 for 07/06/2025: 
2025-09-08 08:00:08 | INFO | scraper | Fetched page 113 for 07/09/2025
2025-09-08 08:00:09 | INFO | scraper | Fetched page 110 for 07/17/2025
2025-09-08 08:00:09 | ERROR | scraper | Request exception on page 109 for 07/07/2025: 
2025-09-08 08:00:09 | ERROR | scraper | Request exception on page 108 for 07/07/2025: 
2025-09-08 08:00:11 | INFO | scraper | Fetched page 108 for 07/06/2025
2025-09-08 08:00:11 | ERROR | scraper | Request exception on page 109 for 07/16/2025: 
2025-09-08 08:00:11 | INFO | scraper | Fetched page 109 for 07/17/2025
2025-09-08 08:00:12 | INFO | scraper | Fetched page 110 for 07/06/2025
2025-09-08 08:00:12 | INFO | scraper | Fetched page 109 for 07/07/2025
2025-09-08 08:00:12 | ERROR | scraper | Request exception on page 108 for 07/17/2025: 
2025-09-08 08:00:12 | ERROR | scraper | Request exception on page 109 for 07/17/2025: 
2025-09-08 08:00:12 | ERROR | scraper | Request exception on page 107 for 07/17/2025: 
2025-09-08 08:00:12 | ERROR | scraper | Request exception on page 110 for 07/17/2025: 
2025-09-08 08:00:12 | ERROR | scraper | Request exception on page 106 for 07/17/2025: 
2025-09-08 08:00:13 | INFO | scraper | Fetched page 108 for 07/07/2025
2025-09-08 08:00:13 | ERROR | scraper | Timeout processing batch starting at page 101 for 07/10/2025
2025-09-08 08:00:14 | INFO | scraper | Fetched page 109 for 07/16/2025
2025-09-08 08:00:14 | ERROR | scraper | Request exception on page 110 for 07/15/2025: 
2025-09-08 08:00:14 | ERROR | scraper | Request exception on page 106 for 07/15/2025: 
2025-09-08 08:00:14 | ERROR | scraper | Request exception on page 108 for 07/15/2025: 
2025-09-08 08:00:14 | ERROR | scraper | Request exception on page 109 for 07/15/2025: 
2025-09-08 08:00:14 | ERROR | scraper | Request exception on page 107 for 07/15/2025: 
2025-09-08 08:00:16 | ERROR | scraper | Request exception on page 108 for 07/08/2025: 
2025-09-08 08:00:16 | ERROR | scraper | Request exception on page 109 for 07/08/2025: 
2025-09-08 08:00:16 | ERROR | scraper | Request exception on page 110 for 07/08/2025: 
2025-09-08 08:00:16 | ERROR | scraper | Request exception on page 107 for 07/08/2025: 
2025-09-08 08:00:17 | INFO | scraper | Fetched page 106 for 07/10/2025
2025-09-08 08:00:17 | ERROR | scraper | Request exception on page 108 for 07/14/2025: 
2025-09-08 08:00:17 | ERROR | scraper | Request exception on page 107 for 07/14/2025: 
2025-09-08 08:00:17 | ERROR | scraper | Request exception on page 110 for 07/14/2025: 
2025-09-08 08:00:17 | INFO | scraper | Fetched page 108 for 07/10/2025
2025-09-08 08:00:18 | INFO | scraper | Fetched page 108 for 07/17/2025
2025-09-08 08:00:18 | INFO | scraper | Fetched page 107 for 07/10/2025
2025-09-08 08:00:19 | INFO | scraper | Fetched page 106 for 07/17/2025
2025-09-08 08:00:20 | INFO | scraper | Fetched page 108 for 07/14/2025
2025-09-08 08:00:20 | ERROR | scraper | Timeout processing batch starting at page 101 for 07/28/2025
2025-09-08 08:00:20 | INFO | scraper | Fetched page 107 for 07/17/2025
2025-09-08 08:00:21 | ERROR | scraper | Timeout processing batch starting at page 101 for 07/21/2025
2025-09-08 08:00:21 | INFO | scraper | Fetched page 110 for 07/17/2025
2025-09-08 08:00:22 | ERROR | scraper | Timeout processing batch starting at page 106 for 07/27/2025
2025-09-08 08:00:22 | INFO | scraper | Fetched page 109 for 07/08/2025
2025-09-08 08:00:23 | INFO | scraper | Fetched page 109 for 07/17/2025
2025-09-08 08:00:23 | ERROR | scraper | Request exception on page 104 for 07/29/2025: 
2025-09-08 08:00:23 | ERROR | scraper | Request exception on page 103 for 07/29/2025: 
2025-09-08 08:00:23 | ERROR | scraper | Request exception on page 105 for 07/29/2025: 
2025-09-08 08:00:24 | INFO | scraper | Fetched page 110 for 07/08/2025
2025-09-08 08:00:26 | INFO | scraper | Fetched page 108 for 07/08/2025
2025-09-08 08:00:26 | INFO | scraper | Fetched page 107 for 07/08/2025
2025-09-08 08:00:27 | INFO | scraper | Fetched page 104 for 07/29/2025
2025-09-08 08:00:28 | INFO | scraper | Fetched page 106 for 07/28/2025
2025-09-08 08:00:29 | INFO | scraper | Fetched page 103 for 07/29/2025
2025-09-08 08:00:30 | INFO | scraper | Fetched page 108 for 07/15/2025
2025-09-08 08:00:30 | INFO | scraper | Fetched page 109 for 07/15/2025
2025-09-08 08:00:32 | INFO | scraper | Fetched page 106 for 07/15/2025
2025-09-08 08:00:33 | INFO | scraper | Fetched page 107 for 07/15/2025
2025-09-08 08:00:34 | INFO | scraper | Fetched page 110 for 07/15/2025
2025-09-08 08:00:34 | ERROR | scraper | Timeout processing batch starting at page 106 for 07/13/2025
2025-09-08 08:00:35 | ERROR | scraper | Timeout processing batch starting at page 110 for 07/09/2025
2025-09-08 08:00:37 | ERROR | scraper | Timeout processing batch starting at page 106 for 07/06/2025
2025-09-08 08:00:37 | INFO | scraper | Fetched page 115 for 07/09/2025
2025-09-08 08:00:38 | INFO | scraper | Fetched page 111 for 07/13/2025
2025-09-08 08:00:39 | ERROR | scraper | Timeout processing batch starting at page 106 for 07/07/2025
2025-09-08 08:00:40 | INFO | scraper | Fetched page 111 for 07/06/2025
2025-09-08 08:00:40 | ERROR | scraper | Timeout processing batch starting at page 106 for 07/16/2025
2025-09-08 08:00:41 | INFO | scraper | Fetched page 112 for 07/06/2025
2025-09-08 08:00:42 | ERROR | scraper | Timeout processing batch starting at page 106 for 07/17/2025
2025-09-08 08:00:42 | INFO | scraper | Fetched page 111 for 07/07/2025
2025-09-08 08:00:43 | INFO | scraper | Fetched page 111 for 07/16/2025
2025-09-08 08:00:43 | INFO | scraper | Fetched page 112 for 07/07/2025
2025-09-08 08:00:44 | INFO | scraper | Fetched page 110 for 07/10/2025
2025-09-08 08:00:44 | ERROR | scraper | Timeout processing batch starting at page 106 for 07/15/2025
2025-09-08 08:00:45 | INFO | scraper | Fetched page 109 for 07/10/2025
2025-09-08 08:00:45 | INFO | scraper | Fetched page 113 for 07/07/2025
2025-09-08 08:00:45 | ERROR | scraper | Request exception on page 109 for 07/10/2025: 
2025-09-08 08:00:46 | ERROR | scraper | Timeout processing batch starting at page 106 for 07/08/2025
2025-09-08 08:00:46 | INFO | scraper | Fetched page 111 for 07/17/2025
2025-09-08 08:00:46 | INFO | scraper | Fetched page 107 for 07/21/2025
2025-09-08 08:00:47 | ERROR | scraper | Timeout processing batch starting at page 108 for 07/23/2025
2025-09-08 08:00:47 | ERROR | scraper | Timeout processing batch starting at page 106 for 07/14/2025
2025-09-08 08:00:47 | INFO | scraper | Fetched page 115 for 07/07/2025
2025-09-08 08:00:47 | INFO | scraper | Fetched page 111 for 07/15/2025
2025-09-08 08:00:48 | INFO | scraper | Fetched page 109 for 07/10/2025
2025-09-08 08:00:48 | INFO | scraper | Fetched page 115 for 07/17/2025
2025-09-08 08:00:48 | INFO | scraper | Fetched page 112 for 07/15/2025
2025-09-08 08:00:49 | INFO | scraper | Fetched page 112 for 07/08/2025
2025-09-08 08:00:49 | INFO | scraper | Fetched page 114 for 07/07/2025
2025-09-08 08:00:49 | INFO | scraper | Fetched page 109 for 07/21/2025
2025-09-08 08:00:49 | INFO | scraper | Fetched page 108 for 07/28/2025
2025-09-08 08:00:49 | INFO | scraper | Fetched page 113 for 07/15/2025
2025-09-08 08:00:50 | INFO | scraper | Fetched page 111 for 07/14/2025
2025-09-08 08:00:51 | INFO | scraper | Fetched page 114 for 07/17/2025
2025-09-08 08:00:51 | INFO | scraper | Fetched page 114 for 07/15/2025
2025-09-08 08:00:51 | INFO | scraper | Fetched page 113 for 07/08/2025
2025-09-08 08:00:51 | INFO | scraper | Fetched page 111 for 07/08/2025
2025-09-08 08:00:51 | INFO | scraper | Fetched page 110 for 07/21/2025
2025-09-08 08:00:52 | INFO | scraper | Fetched page 115 for 07/15/2025
2025-09-08 08:00:52 | INFO | scraper | Fetched page 109 for 07/28/2025
2025-09-08 08:00:52 | ERROR | scraper | Request exception on page 109 for 07/28/2025: 
2025-09-08 08:00:52 | ERROR | scraper | Request exception on page 108 for 07/28/2025: 
2025-09-08 08:00:52 | ERROR | scraper | Request exception on page 107 for 07/28/2025: 
2025-09-08 08:00:52 | ERROR | scraper | Request exception on page 110 for 07/28/2025: 
2025-09-08 08:00:53 | INFO | scraper | Fetched page 113 for 07/17/2025
2025-09-08 08:00:53 | ERROR | scraper | Timeout processing batch starting at page 101 for 07/29/2025
2025-09-08 08:00:53 | INFO | scraper | Fetched page 106 for 07/21/2025
2025-09-08 08:00:53 | ERROR | scraper | Request exception on page 106 for 07/21/2025: 
2025-09-08 08:00:53 | ERROR | scraper | Request exception on page 110 for 07/21/2025: 
2025-09-08 08:00:53 | ERROR | scraper | Request exception on page 109 for 07/21/2025: 
2025-09-08 08:00:53 | ERROR | scraper | Request exception on page 108 for 07/21/2025: 
2025-09-08 08:00:54 | INFO | scraper | Fetched page 115 for 07/06/2025
2025-09-08 08:00:54 | ERROR | scraper | Request exception on page 113 for 07/27/2025: 
2025-09-08 08:00:54 | ERROR | scraper | Request exception on page 114 for 07/27/2025: 
2025-09-08 08:00:54 | ERROR | scraper | Request exception on page 111 for 07/27/2025: 
2025-09-08 08:00:54 | ERROR | scraper | Request exception on page 112 for 07/27/2025: 
2025-09-08 08:00:54 | ERROR | scraper | Request exception on page 115 for 07/27/2025: 
2025-09-08 08:00:55 | INFO | scraper | Fetched page 112 for 07/17/2025
2025-09-08 08:00:55 | INFO | scraper | Fetched page 113 for 07/06/2025
2025-09-08 08:00:56 | INFO | scraper | Fetched page 114 for 07/06/2025
2025-09-08 08:00:56 | INFO | scraper | Fetched page 115 for 07/16/2025
2025-09-08 08:00:56 | INFO | scraper | Fetched page 109 for 07/28/2025
2025-09-08 08:00:57 | INFO | scraper | Fetched page 106 for 07/21/2025
2025-09-08 08:00:57 | INFO | scraper | Fetched page 106 for 07/29/2025
2025-09-08 08:00:58 | INFO | scraper | Fetched page 114 for 07/16/2025
2025-09-08 08:00:59 | INFO | scraper | Fetched page 110 for 07/28/2025
2025-09-08 08:00:59 | INFO | scraper | Fetched page 113 for 07/16/2025
2025-09-08 08:01:00 | INFO | scraper | Fetched page 109 for 07/21/2025
2025-09-08 08:01:00 | INFO | scraper | Fetched page 107 for 07/29/2025
2025-09-08 08:01:01 | INFO | scraper | Fetched page 110 for 07/21/2025
2025-09-08 08:01:01 | INFO | scraper | Fetched page 112 for 07/16/2025
2025-09-08 08:01:03 | INFO | scraper | Fetched page 108 for 07/21/2025
2025-09-08 08:01:04 | INFO | scraper | Fetched page 108 for 07/28/2025
2025-09-08 08:01:06 | INFO | scraper | Fetched page 107 for 07/28/2025
2025-09-08 08:01:07 | ERROR | scraper | Request exception on page 112 for 07/13/2025: 
2025-09-08 08:01:07 | ERROR | scraper | Request exception on page 114 for 07/13/2025: 
2025-09-08 08:01:07 | ERROR | scraper | Request exception on page 115 for 07/13/2025: 
2025-09-08 08:01:07 | ERROR | scraper | Request exception on page 113 for 07/13/2025: 
2025-09-08 08:01:08 | ERROR | scraper | Request exception on page 118 for 07/09/2025: 
2025-09-08 08:01:08 | ERROR | scraper | Request exception on page 117 for 07/09/2025: 
2025-09-08 08:01:08 | ERROR | scraper | Request exception on page 116 for 07/09/2025: 
2025-09-08 08:01:08 | ERROR | scraper | Request exception on page 119 for 07/09/2025: 
2025-09-08 08:01:09 | INFO | scraper | Fetched page 112 for 07/13/2025
2025-09-08 08:01:10 | INFO | scraper | Fetched page 114 for 07/14/2025
2025-09-08 08:01:12 | INFO | scraper | Fetched page 112 for 07/14/2025
2025-09-08 08:01:12 | INFO | scraper | Fetched page 111 for 07/27/2025
2025-09-08 08:01:13 | INFO | scraper | Fetched page 109 for 07/29/2025
2025-09-08 08:01:13 | INFO | scraper | Fetched page 113 for 07/14/2025
2025-09-08 08:01:13 | INFO | scraper | Fetched page 115 for 07/14/2025
2025-09-08 08:01:14 | INFO | scraper | Fetched page 113 for 07/27/2025
2025-09-08 08:01:15 | INFO | scraper | Fetched page 110 for 07/29/2025
2025-09-08 08:01:16 | INFO | scraper | Fetched page 114 for 07/27/2025
2025-09-08 08:01:16 | ERROR | scraper | Timeout processing batch starting at page 106 for 07/10/2025
2025-09-08 08:01:16 | INFO | scraper | Fetched page 108 for 07/29/2025
2025-09-08 08:01:17 | INFO | scraper | Fetched page 115 for 07/27/2025
2025-09-08 08:01:18 | INFO | scraper | Fetched page 113 for 07/13/2025
2025-09-08 08:01:19 | INFO | scraper | Fetched page 115 for 07/13/2025
2025-09-08 08:01:20 | ERROR | scraper | Request exception on page 113 for 07/23/2025: 
2025-09-08 08:01:20 | ERROR | scraper | Request exception on page 114 for 07/23/2025: 
2025-09-08 08:01:20 | ERROR | scraper | Request exception on page 117 for 07/23/2025: 
2025-09-08 08:01:20 | ERROR | scraper | Request exception on page 115 for 07/23/2025: 
2025-09-08 08:01:20 | ERROR | scraper | Request exception on page 116 for 07/23/2025: 
2025-09-08 08:01:20 | INFO | scraper | Fetched page 114 for 07/13/2025
2025-09-08 08:01:22 | INFO | scraper | Fetched page 111 for 07/10/2025
2025-09-08 08:01:22 | INFO | scraper | Fetched page 112 for 07/27/2025
2025-09-08 08:01:22 | ERROR | scraper | Timeout processing batch starting at page 106 for 07/28/2025
2025-09-08 08:01:23 | ERROR | scraper | Timeout processing batch starting at page 106 for 07/21/2025
2025-09-08 08:01:24 | ERROR | scraper | Timeout processing batch starting at page 111 for 07/27/2025
2025-09-08 08:01:25 | INFO | scraper | Fetched page 111 for 07/28/2025
2025-09-08 08:01:26 | INFO | scraper | Fetched page 112 for 07/21/2025
2025-09-08 08:01:26 | INFO | scraper | Fetched page 114 for 07/28/2025
2025-09-08 08:01:28 | INFO | scraper | Fetched page 114 for 07/21/2025
2025-09-08 08:01:29 | INFO | scraper | Fetched page 119 for 07/27/2025
2025-09-08 08:01:29 | INFO | scraper | Fetched page 113 for 07/28/2025
2025-09-08 08:01:30 | INFO | scraper | Fetched page 113 for 07/21/2025
2025-09-08 08:01:31 | INFO | scraper | Fetched page 112 for 07/28/2025
2025-09-08 08:01:32 | INFO | scraper | Fetched page 117 for 07/27/2025
2025-09-08 08:01:32 | INFO | scraper | Fetched page 118 for 07/09/2025
2025-09-08 08:01:32 | INFO | scraper | Fetched page 111 for 07/21/2025
2025-09-08 08:01:33 | INFO | scraper | Fetched page 115 for 07/28/2025
2025-09-08 08:01:34 | INFO | scraper | Fetched page 116 for 07/09/2025
2025-09-08 08:01:34 | INFO | scraper | Fetched page 119 for 07/09/2025
2025-09-08 08:01:34 | INFO | scraper | Fetched page 115 for 07/21/2025
2025-09-08 08:01:34 | INFO | scraper | Fetched page 118 for 07/27/2025
2025-09-08 08:01:35 | INFO | scraper | Fetched page 117 for 07/09/2025
2025-09-08 08:01:37 | ERROR | scraper | Timeout processing batch starting at page 111 for 07/13/2025
2025-09-08 08:01:37 | INFO | scraper | Fetched page 116 for 07/27/2025
2025-09-08 08:01:38 | ERROR | scraper | Timeout processing batch starting at page 115 for 07/09/2025
2025-09-08 08:01:39 | INFO | scraper | Fetched page 120 for 07/27/2025
2025-09-08 08:01:39 | ERROR | scraper | Timeout processing batch starting at page 111 for 07/06/2025
2025-09-08 08:01:40 | INFO | scraper | Fetched page 116 for 07/13/2025
2025-09-08 08:01:41 | INFO | scraper | Fetched page 120 for 07/09/2025
2025-09-08 08:01:42 | ERROR | scraper | Timeout processing batch starting at page 111 for 07/07/2025
2025-09-08 08:01:42 | INFO | scraper | Fetched page 123 for 07/09/2025
2025-09-08 08:01:42 | INFO | scraper | Fetched page 118 for 07/13/2025
2025-09-08 08:01:42 | ERROR | scraper | Timeout processing batch starting at page 111 for 07/16/2025
2025-09-08 08:01:43 | INFO | scraper | Fetched page 122 for 07/09/2025
2025-09-08 08:01:43 | INFO | scraper | Fetched page 119 for 07/13/2025
2025-09-08 08:01:44 | INFO | scraper | Fetched page 124 for 07/09/2025
2025-09-08 08:01:44 | ERROR | scraper | Timeout processing batch starting at page 111 for 07/17/2025
2025-09-08 08:01:45 | INFO | scraper | Fetched page 117 for 07/13/2025
2025-09-08 08:01:45 | INFO | scraper | Fetched page 121 for 07/09/2025
2025-09-08 08:01:46 | ERROR | scraper | Timeout processing batch starting at page 111 for 07/15/2025
2025-09-08 08:01:48 | ERROR | scraper | Request exception on page 113 for 07/10/2025: 
2025-09-08 08:01:48 | ERROR | scraper | Request exception on page 114 for 07/10/2025: 
2025-09-08 08:01:48 | ERROR | scraper | Request exception on page 112 for 07/10/2025: 
2025-09-08 08:01:48 | ERROR | scraper | Request exception on page 115 for 07/10/2025: 
2025-09-08 08:01:48 | INFO | scraper | Fetched page 118 for 07/17/2025
2025-09-08 08:01:48 | ERROR | scraper | Timeout processing batch starting at page 111 for 07/08/2025
2025-09-08 08:01:49 | ERROR | scraper | Timeout processing batch starting at page 113 for 07/23/2025
2025-09-08 08:01:49 | ERROR | scraper | Timeout processing batch starting at page 111 for 07/14/2025
2025-09-08 08:01:49 | INFO | scraper | Fetched page 116 for 07/17/2025
2025-09-08 08:01:49 | INFO | scraper | Fetched page 113 for 07/10/2025
2025-09-08 08:01:50 | INFO | scraper | Retrying 113 failed pages for 07/08/2025
2025-09-08 08:01:51 | INFO | scraper | Fetched page 120 for 07/17/2025
2025-09-08 08:01:51 | INFO | scraper | Fetched page 119 for 07/17/2025
2025-09-08 08:01:53 | INFO | scraper | Fetched page 117 for 07/17/2025
2025-09-08 08:01:55 | ERROR | scraper | Timeout processing batch starting at page 106 for 07/29/2025
2025-09-08 08:01:57 | INFO | scraper | Fetched page 120 for 07/16/2025
2025-09-08 08:01:59 | INFO | scraper | Fetched page 117 for 07/16/2025
2025-09-08 08:01:59 | INFO | scraper | Fetched page 119 for 07/16/2025
2025-09-08 08:01:59 | INFO | scraper | Fetched page 116 for 07/16/2025
2025-09-08 08:02:01 | INFO | scraper | Fetched page 118 for 07/16/2025
2025-09-08 08:02:04 | INFO | scraper | Fetched page 119 for 07/14/2025
2025-09-08 08:02:05 | INFO | scraper | Fetched page 116 for 07/14/2025
2025-09-08 08:02:05 | INFO | scraper | Fetched page 117 for 07/14/2025
2025-09-08 08:02:06 | INFO | scraper | Fetched page 120 for 07/14/2025
2025-09-08 08:02:06 | INFO | scraper | Fetched page 118 for 07/14/2025
2025-09-08 08:02:08 | INFO | scraper | Fetched page 120 for 07/13/2025
2025-09-08 08:02:12 | ERROR | scraper | Request exception on page 116 for 07/06/2025: 
2025-09-08 08:02:12 | ERROR | scraper | Request exception on page 119 for 07/06/2025: 
2025-09-08 08:02:12 | ERROR | scraper | Request exception on page 117 for 07/06/2025: 
2025-09-08 08:02:12 | ERROR | scraper | Request exception on page 118 for 07/06/2025: 
2025-09-08 08:02:12 | ERROR | scraper | Request exception on page 120 for 07/06/2025: 
2025-09-08 08:02:14 | ERROR | scraper | Request exception on page 117 for 07/07/2025: 
2025-09-08 08:02:14 | ERROR | scraper | Request exception on page 116 for 07/07/2025: 
2025-09-08 08:02:14 | ERROR | scraper | Request exception on page 120 for 07/07/2025: 
2025-09-08 08:02:14 | ERROR | scraper | Request exception on page 118 for 07/07/2025: 
2025-09-08 08:02:14 | ERROR | scraper | Request exception on page 119 for 07/07/2025: 
2025-09-08 08:02:14 | INFO | scraper | Fetched page 112 for 07/29/2025
2025-09-08 08:02:16 | INFO | scraper | Fetched page 115 for 07/29/2025
2025-09-08 08:02:17 | INFO | scraper | Fetched page 113 for 07/29/2025
2025-09-08 08:02:18 | ERROR | scraper | Timeout processing batch starting at page 111 for 07/10/2025
2025-09-08 08:02:18 | INFO | scraper | Fetched page 111 for 07/29/2025
2025-09-08 08:02:18 | INFO | scraper | Fetched page 116 for 07/15/2025
2025-09-08 08:02:19 | INFO | scraper | Fetched page 114 for 07/29/2025
2025-09-08 08:02:20 | ERROR | scraper | Request exception on page 118 for 07/15/2025: 
2025-09-08 08:02:20 | ERROR | scraper | Request exception on page 117 for 07/15/2025: 
2025-09-08 08:02:20 | ERROR | scraper | Request exception on page 119 for 07/15/2025: 
2025-09-08 08:02:20 | ERROR | scraper | Request exception on page 120 for 07/15/2025: 
2025-09-08 08:02:20 | INFO | scraper | Fetched page 116 for 07/10/2025
2025-09-08 08:02:21 | INFO | scraper | Fetched page 118 for 07/15/2025
2025-09-08 08:02:21 | ERROR | scraper | Request exception on page 1 for 07/08/2025: 
2025-09-08 08:02:22 | INFO | scraper | Fetched page 120 for 07/10/2025
2025-09-08 08:02:22 | INFO | scraper | Fetched page 117 for 07/10/2025
2025-09-08 08:02:22 | ERROR | scraper | Request exception on page 122 for 07/23/2025: 
2025-09-08 08:02:22 | ERROR | scraper | Request exception on page 118 for 07/23/2025: 
2025-09-08 08:02:22 | ERROR | scraper | Request exception on page 120 for 07/23/2025: 
2025-09-08 08:02:22 | ERROR | scraper | Request exception on page 121 for 07/23/2025: 
2025-09-08 08:02:22 | ERROR | scraper | Request exception on page 119 for 07/23/2025: 
2025-09-08 08:02:22 | INFO | scraper | Fetched page 120 for 07/15/2025
2025-09-08 08:02:22 | INFO | scraper | Fetched page 119 for 07/15/2025
2025-09-08 08:02:23 | INFO | scraper | Fetched page 119 for 07/10/2025
2025-09-08 08:02:23 | INFO | scraper | Fetched page 118 for 07/10/2025
2025-09-08 08:02:24 | INFO | scraper | Fetched page 116 for 07/07/2025
2025-09-08 08:02:24 | INFO | scraper | Fetched page 117 for 07/15/2025
2025-09-08 08:02:24 | ERROR | scraper | Timeout processing batch starting at page 111 for 07/28/2025
2025-09-08 08:02:25 | INFO | scraper | Fetched page 117 for 07/07/2025
2025-09-08 08:02:25 | INFO | scraper | Fetched page 118 for 07/07/2025
2025-09-08 08:02:25 | ERROR | scraper | Timeout processing batch starting at page 111 for 07/21/2025
2025-09-08 08:02:25 | INFO | scraper | Fetched page 119 for 07/07/2025
2025-09-08 08:02:26 | INFO | scraper | Fetched page 120 for 07/07/2025
2025-09-08 08:02:26 | ERROR | scraper | Timeout processing batch starting at page 116 for 07/27/2025
2025-09-08 08:02:30 | INFO | scraper | Fetched page 117 for 07/21/2025
2025-09-08 08:02:31 | INFO | scraper | Fetched page 118 for 07/21/2025
2025-09-08 08:02:32 | INFO | scraper | Fetched page 116 for 07/21/2025
2025-09-08 08:02:33 | INFO | scraper | Fetched page 119 for 07/21/2025
2025-09-08 08:02:34 | INFO | scraper | Fetched page 120 for 07/21/2025
2025-09-08 08:02:39 | ERROR | scraper | Timeout processing batch starting at page 116 for 07/13/2025
2025-09-08 08:02:40 | INFO | scraper | Fetched page 116 for 07/06/2025
2025-09-08 08:02:40 | ERROR | scraper | Timeout processing batch starting at page 120 for 07/09/2025
2025-09-08 08:02:40 | INFO | scraper | Fetched page 117 for 07/06/2025
2025-09-08 08:02:41 | INFO | scraper | Fetched page 119 for 07/06/2025
2025-09-08 08:02:41 | ERROR | scraper | Timeout processing batch starting at page 116 for 07/06/2025
2025-09-08 08:02:42 | INFO | scraper | Fetched page 117 for 07/28/2025
2025-09-08 08:02:43 | INFO | scraper | Fetched page 120 for 07/28/2025
2025-09-08 08:02:44 | ERROR | scraper | Timeout processing batch starting at page 116 for 07/07/2025
2025-09-08 08:02:44 | INFO | scraper | Fetched page 118 for 07/28/2025
2025-09-08 08:02:44 | INFO | scraper | Fetched page 123 for 07/13/2025
2025-09-08 08:02:44 | ERROR | scraper | Timeout processing batch starting at page 116 for 07/16/2025
2025-09-08 08:02:45 | INFO | scraper | Fetched page 125 for 07/13/2025
2025-09-08 08:02:45 | INFO | scraper | Fetched page 119 for 07/28/2025
2025-09-08 08:02:45 | INFO | scraper | Fetched page 122 for 07/13/2025
2025-09-08 08:02:45 | INFO | scraper | Fetched page 121 for 07/06/2025
2025-09-08 08:02:46 | INFO | scraper | Fetched page 124 for 07/13/2025
2025-09-08 08:02:46 | INFO | scraper | Fetched page 124 for 07/06/2025
2025-09-08 08:02:46 | ERROR | scraper | Timeout processing batch starting at page 116 for 07/17/2025
2025-09-08 08:02:47 | INFO | scraper | Fetched page 116 for 07/28/2025
2025-09-08 08:02:48 | INFO | scraper | Fetched page 122 for 07/07/2025
2025-09-08 08:02:48 | INFO | scraper | Fetched page 121 for 07/13/2025
2025-09-08 08:02:48 | ERROR | scraper | Timeout processing batch starting at page 116 for 07/15/2025
2025-09-08 08:02:48 | INFO | scraper | Fetched page 122 for 07/06/2025
2025-09-08 08:02:49 | INFO | scraper | Fetched page 124 for 07/07/2025
2025-09-08 08:02:49 | INFO | scraper | Fetched page 123 for 07/07/2025
2025-09-08 08:02:51 | ERROR | scraper | Timeout processing batch starting at page 118 for 07/23/2025
2025-09-08 08:02:51 | ERROR | scraper | Timeout processing batch starting at page 116 for 07/14/2025
2025-09-08 08:02:52 | INFO | scraper | Fetched page 122 for 07/15/2025
2025-09-08 08:02:53 | INFO | scraper | Fetched page 125 for 07/06/2025
2025-09-08 08:02:53 | INFO | scraper | Fetched page 121 for 07/07/2025
2025-09-08 08:02:53 | ERROR | scraper | Request exception on page 1 for 07/08/2025: 
2025-09-08 08:02:54 | INFO | scraper | Fetched page 123 for 07/15/2025
2025-09-08 08:02:54 | INFO | scraper | Fetched page 121 for 07/15/2025
2025-09-08 08:02:54 | INFO | scraper | Fetched page 126 for 07/09/2025
2025-09-08 08:02:55 | INFO | scraper | Fetched page 125 for 07/09/2025
2025-09-08 08:02:55 | INFO | scraper | Fetched page 123 for 07/06/2025
2025-09-08 08:02:57 | ERROR | scraper | Request exception on page 116 for 07/28/2025: 
2025-09-08 08:02:57 | ERROR | scraper | Request exception on page 119 for 07/28/2025: 
2025-09-08 08:02:57 | ERROR | scraper | Request exception on page 120 for 07/28/2025: 
2025-09-08 08:02:57 | ERROR | scraper | Request exception on page 117 for 07/28/2025: 
2025-09-08 08:02:57 | ERROR | scraper | Request exception on page 118 for 07/28/2025: 
2025-09-08 08:02:57 | ERROR | scraper | Timeout processing batch starting at page 111 for 07/29/2025
2025-09-08 08:02:57 | INFO | scraper | Fetched page 124 for 07/15/2025
2025-09-08 08:02:59 | INFO | scraper | Fetched page 124 for 07/17/2025
2025-09-08 08:02:59 | ERROR | scraper | Request exception on page 121 for 07/27/2025: 
2025-09-08 08:02:59 | ERROR | scraper | Request exception on page 124 for 07/27/2025: 
2025-09-08 08:02:59 | ERROR | scraper | Request exception on page 125 for 07/27/2025: 
2025-09-08 08:02:59 | ERROR | scraper | Request exception on page 122 for 07/27/2025: 
2025-09-08 08:02:59 | ERROR | scraper | Request exception on page 123 for 07/27/2025: 
2025-09-08 08:02:59 | INFO | scraper | Fetched page 1 for 07/08/2025
2025-09-08 08:03:00 | INFO | scraper | Fetched page 125 for 07/07/2025
2025-09-08 08:03:00 | INFO | scraper | Fetched page 124 for 07/16/2025
2025-09-08 08:03:00 | INFO | scraper | Fetched page 122 for 07/17/2025
2025-09-08 08:03:00 | INFO | scraper | Fetched page 125 for 07/17/2025
2025-09-08 08:03:00 | INFO | scraper | Fetched page 121 for 07/16/2025
2025-09-08 08:03:01 | INFO | scraper | Fetched page 125 for 07/16/2025
2025-09-08 08:03:02 | INFO | scraper | Fetched page 123 for 07/16/2025
2025-09-08 08:03:02 | INFO | scraper | Fetched page 123 for 07/17/2025
2025-09-08 08:03:03 | INFO | scraper | Fetched page 122 for 07/16/2025
2025-09-08 08:03:03 | INFO | scraper | Fetched page 121 for 07/17/2025
2025-09-08 08:03:05 | INFO | scraper | Fetched page 119 for 07/28/2025
2025-09-08 08:03:07 | INFO | scraper | Fetched page 118 for 07/28/2025
2025-09-08 08:03:08 | INFO | scraper | Fetched page 123 for 07/27/2025
2025-09-08 08:03:09 | INFO | scraper | Fetched page 123 for 07/14/2025
2025-09-08 08:03:10 | INFO | scraper | Fetched page 122 for 07/14/2025
2025-09-08 08:03:11 | INFO | scraper | Fetched page 122 for 07/27/2025
2025-09-08 08:03:11 | INFO | scraper | Fetched page 124 for 07/14/2025
2025-09-08 08:03:12 | INFO | scraper | Fetched page 125 for 07/14/2025
2025-09-08 08:03:12 | ERROR | scraper | Request exception on page 123 for 07/13/2025: 
2025-09-08 08:03:13 | INFO | scraper | Fetched page 120 for 07/28/2025
2025-09-08 08:03:13 | INFO | scraper | Fetched page 116 for 07/28/2025
2025-09-08 08:03:14 | ERROR | scraper | Request exception on page 123 for 07/06/2025: 
2025-09-08 08:03:14 | ERROR | scraper | Request exception on page 121 for 07/06/2025: 
2025-09-08 08:03:14 | INFO | scraper | Fetched page 125 for 07/27/2025
2025-09-08 08:03:16 | ERROR | scraper | Request exception on page 125 for 07/07/2025: 
2025-09-08 08:03:16 | ERROR | scraper | Request exception on page 123 for 07/07/2025: 
2025-09-08 08:03:16 | INFO | scraper | Fetched page 123 for 07/13/2025
2025-09-08 08:03:17 | INFO | scraper | Fetched page 124 for 07/27/2025
2025-09-08 08:03:17 | INFO | scraper | Fetched page 123 for 07/06/2025
2025-09-08 08:03:17 | ERROR | scraper | Request exception on page 124 for 07/16/2025: 
2025-09-08 08:03:17 | ERROR | scraper | Request exception on page 121 for 07/16/2025: 
2025-09-08 08:03:17 | ERROR | scraper | Request exception on page 122 for 07/16/2025: 
2025-09-08 08:03:17 | INFO | scraper | Fetched page 125 for 07/15/2025
2025-09-08 08:03:18 | INFO | scraper | Fetched page 121 for 07/06/2025
2025-09-08 08:03:18 | INFO | scraper | Fetched page 121 for 07/14/2025
2025-09-08 08:03:19 | INFO | scraper | Fetched page 125 for 07/07/2025
2025-09-08 08:03:19 | ERROR | scraper | Request exception on page 124 for 07/17/2025: 
2025-09-08 08:03:19 | ERROR | scraper | Request exception on page 121 for 07/17/2025: 
2025-09-08 08:03:19 | ERROR | scraper | Request exception on page 123 for 07/17/2025: 
2025-09-08 08:03:19 | INFO | scraper | Fetched page 121 for 07/27/2025
2025-09-08 08:03:20 | ERROR | scraper | Timeout processing batch starting at page 116 for 07/10/2025
2025-09-08 08:03:20 | INFO | scraper | Fetched page 124 for 07/16/2025
2025-09-08 08:03:21 | ERROR | scraper | Request exception on page 124 for 07/15/2025: 
2025-09-08 08:03:21 | ERROR | scraper | Request exception on page 122 for 07/15/2025: 
2025-09-08 08:03:21 | ERROR | scraper | Request exception on page 121 for 07/15/2025: 
2025-09-08 08:03:21 | ERROR | scraper | Request exception on page 125 for 07/15/2025: 
2025-09-08 08:03:21 | ERROR | scraper | Request exception on page 123 for 07/15/2025: 
2025-09-08 08:03:22 | INFO | scraper | Fetched page 121 for 07/16/2025
2025-09-08 08:03:23 | INFO | scraper | Fetched page 118 for 07/29/2025
2025-09-08 08:03:24 | ERROR | scraper | Request exception on page 123 for 07/14/2025: 
2025-09-08 08:03:24 | ERROR | scraper | Request exception on page 124 for 07/14/2025: 
2025-09-08 08:03:24 | ERROR | scraper | Request exception on page 125 for 07/14/2025: 
2025-09-08 08:03:24 | ERROR | scraper | Request exception on page 121 for 07/14/2025: 
2025-09-08 08:03:24 | ERROR | scraper | Request exception on page 127 for 07/23/2025: 
2025-09-08 08:03:24 | ERROR | scraper | Request exception on page 123 for 07/23/2025: 
2025-09-08 08:03:24 | ERROR | scraper | Request exception on page 125 for 07/23/2025: 
2025-09-08 08:03:24 | ERROR | scraper | Request exception on page 126 for 07/23/2025: 
2025-09-08 08:03:24 | ERROR | scraper | Request exception on page 124 for 07/23/2025: 
2025-09-08 08:03:25 | INFO | scraper | Fetched page 124 for 07/17/2025
2025-09-08 08:03:25 | INFO | scraper | Fetched page 123 for 07/07/2025
2025-09-08 08:03:26 | INFO | scraper | Fetched page 117 for 07/28/2025
2025-09-08 08:03:26 | ERROR | scraper | Timeout processing batch starting at page 116 for 07/28/2025
2025-09-08 08:03:27 | INFO | scraper | Fetched page 123 for 07/14/2025
2025-09-08 08:03:27 | INFO | scraper | Fetched page 122 for 07/16/2025
2025-09-08 08:03:27 | ERROR | scraper | Timeout processing batch starting at page 116 for 07/21/2025
2025-09-08 08:03:28 | INFO | scraper | Fetched page 123 for 07/17/2025
2025-09-08 08:03:28 | INFO | scraper | Fetched page 117 for 07/29/2025
2025-09-08 08:03:28 | INFO | scraper | Fetched page 125 for 07/10/2025
2025-09-08 08:03:28 | INFO | scraper | Fetched page 122 for 07/15/2025
2025-09-08 08:03:28 | ERROR | scraper | Timeout processing batch starting at page 121 for 07/27/2025
2025-09-08 08:03:30 | INFO | scraper | Fetched page 121 for 07/17/2025
2025-09-08 08:03:30 | INFO | scraper | Fetched page 121 for 07/10/2025
2025-09-08 08:03:30 | ERROR | scraper | Request exception on page 118 for 07/29/2025: 
2025-09-08 08:03:30 | ERROR | scraper | Request exception on page 119 for 07/29/2025: 
2025-09-08 08:03:30 | ERROR | scraper | Request exception on page 116 for 07/29/2025: 
2025-09-08 08:03:30 | ERROR | scraper | Request exception on page 117 for 07/29/2025: 
2025-09-08 08:03:30 | ERROR | scraper | Request exception on page 120 for 07/29/2025: 
2025-09-08 08:03:30 | INFO | scraper | Fetched page 123 for 07/15/2025
2025-09-08 08:03:31 | INFO | scraper | Fetched page 121 for 07/15/2025
2025-09-08 08:03:31 | INFO | scraper | Fetched page 125 for 07/14/2025
2025-09-08 08:03:31 | INFO | scraper | Fetched page 124 for 07/14/2025
2025-09-08 08:03:32 | INFO | scraper | Fetched page 125 for 07/15/2025
2025-09-08 08:03:32 | INFO | scraper | Fetched page 122 for 07/10/2025
2025-09-08 08:03:32 | INFO | scraper | Fetched page 121 for 07/28/2025
2025-09-08 08:03:32 | INFO | scraper | Fetched page 121 for 07/14/2025
2025-09-08 08:03:33 | INFO | scraper | Fetched page 124 for 07/15/2025
2025-09-08 08:03:34 | INFO | scraper | Fetched page 126 for 07/27/2025
2025-09-08 08:03:35 | INFO | scraper | Fetched page 123 for 07/28/2025
2025-09-08 08:03:35 | INFO | scraper | Fetched page 123 for 07/10/2025
2025-09-08 08:03:35 | INFO | scraper | Fetched page 124 for 07/10/2025
2025-09-08 08:03:37 | INFO | scraper | Fetched page 121 for 07/21/2025
2025-09-08 08:03:40 | INFO | scraper | Fetched page 122 for 07/28/2025
2025-09-08 08:03:40 | INFO | scraper | Fetched page 127 for 07/27/2025
2025-09-08 08:03:41 | ERROR | scraper | Timeout processing batch starting at page 121 for 07/13/2025
2025-09-08 08:03:42 | ERROR | scraper | Timeout processing batch starting at page 125 for 07/09/2025
2025-09-08 08:03:42 | INFO | scraper | Fetched page 126 for 07/23/2025
2025-09-08 08:03:43 | ERROR | scraper | Timeout processing batch starting at page 121 for 07/06/2025
2025-09-08 08:03:44 | INFO | scraper | Retrying 122 failed pages for 07/09/2025
2025-09-08 08:03:44 | INFO | scraper | Fetched page 128 for 07/27/2025
2025-09-08 08:03:44 | INFO | scraper | Fetched page 116 for 07/29/2025
2025-09-08 08:03:45 | INFO | scraper | Fetched page 125 for 07/23/2025
2025-09-08 08:03:45 | INFO | scraper | Fetched page 123 for 07/21/2025
2025-09-08 08:03:46 | INFO | scraper | Fetched page 126 for 07/13/2025
2025-09-08 08:03:46 | ERROR | scraper | Timeout processing batch starting at page 121 for 07/07/2025
2025-09-08 08:03:46 | INFO | scraper | Fetched page 122 for 07/21/2025
2025-09-08 08:03:46 | INFO | scraper | Fetched page 124 for 07/21/2025
2025-09-08 08:03:46 | ERROR | scraper | Timeout processing batch starting at page 121 for 07/16/2025
2025-09-08 08:03:47 | INFO | scraper | Fetched page 119 for 07/29/2025
2025-09-08 08:03:47 | INFO | scraper | Fetched page 126 for 07/06/2025
2025-09-08 08:03:48 | INFO | scraper | Fetched page 120 for 07/29/2025
2025-09-08 08:03:48 | ERROR | scraper | Timeout processing batch starting at page 121 for 07/17/2025
2025-09-08 08:03:49 | INFO | scraper | Fetched page 118 for 07/29/2025
2025-09-08 08:03:49 | INFO | scraper | Fetched page 127 for 07/23/2025
2025-09-08 08:03:49 | INFO | scraper | Fetched page 126 for 07/07/2025
2025-09-08 08:03:49 | INFO | scraper | Fetched page 123 for 07/23/2025
2025-09-08 08:03:50 | INFO | scraper | Fetched page 129 for 07/27/2025
2025-09-08 08:03:50 | INFO | scraper | Fetched page 125 for 07/21/2025
2025-09-08 08:03:50 | INFO | scraper | Fetched page 5 for 07/09/2025
2025-09-08 08:03:51 | INFO | scraper | Fetched page 127 for 07/16/2025
2025-09-08 08:03:51 | ERROR | scraper | Timeout processing batch starting at page 121 for 07/15/2025
2025-09-08 08:03:52 | INFO | scraper | Fetched page 117 for 07/29/2025
2025-09-08 08:03:52 | INFO | scraper | Fetched page 128 for 07/06/2025
2025-09-08 08:03:52 | ERROR | scraper | Request exception on page 121 for 07/10/2025: 
2025-09-08 08:03:52 | ERROR | scraper | Request exception on page 125 for 07/10/2025: 
2025-09-08 08:03:52 | ERROR | scraper | Request exception on page 124 for 07/10/2025: 
2025-09-08 08:03:52 | ERROR | scraper | Request exception on page 122 for 07/10/2025: 
2025-09-08 08:03:52 | INFO | scraper | Fetched page 124 for 07/23/2025
2025-09-08 08:03:53 | ERROR | scraper | Timeout processing batch starting at page 123 for 07/23/2025
2025-09-08 08:03:53 | ERROR | scraper | Timeout processing batch starting at page 121 for 07/14/2025
2025-09-08 08:03:53 | INFO | scraper | Fetched page 126 for 07/17/2025
2025-09-08 08:03:53 | INFO | scraper | Fetched page 129 for 07/06/2025
2025-09-08 08:03:53 | INFO | scraper | Fetched page 124 for 07/28/2025
2025-09-08 08:03:54 | INFO | scraper | Fetched page 126 for 07/16/2025
2025-09-08 08:03:54 | INFO | scraper | Fetched page 130 for 07/27/2025
2025-09-08 08:03:54 | INFO | scraper | Fetched page 128 for 07/16/2025
2025-09-08 08:03:55 | INFO | scraper | Fetched page 130 for 07/06/2025
2025-09-08 08:03:55 | INFO | scraper | Fetched page 121 for 07/10/2025
2025-09-08 08:03:55 | INFO | scraper | Fetched page 126 for 07/15/2025
2025-09-08 08:03:56 | INFO | scraper | Fetched page 129 for 07/16/2025
2025-09-08 08:03:56 | INFO | scraper | Fetched page 125 for 07/28/2025
2025-09-08 08:03:57 | INFO | scraper | Fetched page 126 for 07/14/2025
2025-09-08 08:03:58 | INFO | scraper | Fetched page 127 for 07/17/2025
2025-09-08 08:03:58 | INFO | scraper | Fetched page 127 for 07/14/2025
2025-09-08 08:03:58 | INFO | scraper | Fetched page 128 for 07/17/2025
2025-09-08 08:03:58 | INFO | scraper | Fetched page 128 for 07/23/2025
2025-09-08 08:03:59 | INFO | scraper | Fetched page 127 for 07/06/2025
2025-09-08 08:03:59 | ERROR | scraper | Request exception on page 125 for 07/28/2025: 
2025-09-08 08:03:59 | ERROR | scraper | Request exception on page 124 for 07/28/2025: 
2025-09-08 08:03:59 | INFO | scraper | Fetched page 128 for 07/14/2025
2025-09-08 08:04:00 | ERROR | scraper | Request exception on page 124 for 07/21/2025: 
2025-09-08 08:04:00 | ERROR | scraper | Request exception on page 123 for 07/21/2025: 
2025-09-08 08:04:00 | ERROR | scraper | Request exception on page 125 for 07/21/2025: 
2025-09-08 08:04:00 | ERROR | scraper | Timeout processing batch starting at page 116 for 07/29/2025
2025-09-08 08:04:00 | INFO | scraper | Fetched page 130 for 07/17/2025
2025-09-08 08:04:00 | INFO | scraper | Fetched page 130 for 07/15/2025
2025-09-08 08:04:01 | INFO | scraper | Fetched page 128 for 07/13/2025
2025-09-08 08:04:01 | ERROR | scraper | Request exception on page 130 for 07/27/2025: 
2025-09-08 08:04:01 | ERROR | scraper | Request exception on page 129 for 07/27/2025: 
2025-09-08 08:04:02 | INFO | scraper | Fetched page 129 for 07/15/2025
2025-09-08 08:04:02 | INFO | scraper | Fetched page 129 for 07/13/2025
2025-09-08 08:04:02 | INFO | scraper | Fetched page 129 for 07/17/2025
2025-09-08 08:04:02 | INFO | scraper | Fetched page 128 for 07/15/2025
2025-09-08 08:04:03 | INFO | scraper | Fetched page 127 for 07/15/2025
2025-09-08 08:04:03 | INFO | scraper | Fetched page 130 for 07/16/2025
2025-09-08 08:04:04 | INFO | scraper | Fetched page 124 for 07/21/2025
2025-09-08 08:04:04 | INFO | scraper | Fetched page 130 for 07/13/2025
2025-09-08 08:04:04 | INFO | scraper | Fetched page 125 for 07/28/2025
2025-09-08 08:04:05 | INFO | scraper | Fetched page 121 for 07/29/2025
2025-09-08 08:04:07 | INFO | scraper | Fetched page 129 for 07/14/2025
2025-09-08 08:04:08 | INFO | scraper | Fetched page 122 for 07/29/2025
2025-09-08 08:04:08 | INFO | scraper | Fetched page 130 for 07/27/2025
2025-09-08 08:04:11 | INFO | scraper | Fetched page 125 for 07/29/2025
2025-09-08 08:04:11 | INFO | scraper | Fetched page 125 for 07/21/2025
2025-09-08 08:04:12 | INFO | scraper | Fetched page 123 for 07/21/2025
2025-09-08 08:04:12 | INFO | scraper | Fetched page 127 for 07/13/2025
2025-09-08 08:04:13 | ERROR | scraper | Request exception on page 128 for 07/13/2025: 
2025-09-08 08:04:13 | ERROR | scraper | Request exception on page 126 for 07/13/2025: 
2025-09-08 08:04:13 | ERROR | scraper | Request exception on page 127 for 07/13/2025: 
2025-09-08 08:04:13 | ERROR | scraper | Request exception on page 130 for 07/13/2025: 
2025-09-08 08:04:13 | ERROR | scraper | Request exception on page 129 for 07/13/2025: 
2025-09-08 08:04:14 | ERROR | scraper | Request exception on page 5 for 07/09/2025: 
2025-09-08 08:04:15 | INFO | scraper | Fetched page 129 for 07/27/2025
2025-09-08 08:04:15 | INFO | scraper | Fetched page 130 for 07/14/2025
2025-09-08 08:04:15 | INFO | scraper | Fetched page 124 for 07/28/2025
2025-09-08 08:04:15 | INFO | scraper | Fetched page 128 for 07/07/2025
2025-09-08 08:04:16 | ERROR | scraper | Request exception on page 128 for 07/06/2025: 
2025-09-08 08:04:16 | INFO | scraper | Fetched page 132 for 07/23/2025
2025-09-08 08:04:16 | INFO | scraper | Fetched page 127 for 07/07/2025
2025-09-08 08:04:17 | INFO | scraper | Fetched page 125 for 07/10/2025
2025-09-08 08:04:17 | INFO | scraper | Fetched page 130 for 07/23/2025
2025-09-08 08:04:17 | INFO | scraper | Fetched page 124 for 07/10/2025
2025-09-08 08:04:18 | INFO | scraper | Fetched page 124 for 07/29/2025
2025-09-08 08:04:18 | ERROR | scraper | Request exception on page 129 for 07/07/2025: 
2025-09-08 08:04:18 | ERROR | scraper | Request exception on page 128 for 07/07/2025: 
2025-09-08 08:04:18 | ERROR | scraper | Request exception on page 130 for 07/07/2025: 
2025-09-08 08:04:18 | ERROR | scraper | Request exception on page 127 for 07/07/2025: 
2025-09-08 08:04:19 | INFO | scraper | Fetched page 131 for 07/23/2025
2025-09-08 08:04:19 | INFO | scraper | Fetched page 128 for 07/06/2025
2025-09-08 08:04:20 | INFO | scraper | Fetched page 123 for 07/29/2025
2025-09-08 08:04:20 | INFO | scraper | Fetched page 122 for 07/10/2025
2025-09-08 08:04:20 | ERROR | scraper | Request exception on page 128 for 07/16/2025: 
2025-09-08 08:04:20 | INFO | scraper | Fetched page 126 for 07/13/2025
2025-09-08 08:04:21 | INFO | scraper | Fetched page 129 for 07/23/2025
2025-09-08 08:04:21 | ERROR | scraper | Request exception on page 127 for 07/17/2025: 
2025-09-08 08:04:21 | ERROR | scraper | Request exception on page 128 for 07/17/2025: 
2025-09-08 08:04:22 | ERROR | scraper | Timeout processing batch starting at page 121 for 07/10/2025
2025-09-08 08:04:24 | INFO | scraper | Fetched page 130 for 07/13/2025
2025-09-08 08:04:24 | ERROR | scraper | Request exception on page 129 for 07/15/2025: 
2025-09-08 08:04:25 | INFO | scraper | Fetched page 128 for 07/16/2025
2025-09-08 08:04:25 | INFO | scraper | Fetched page 127 for 07/17/2025
2025-09-08 08:04:25 | INFO | scraper | Fetched page 129 for 07/13/2025
2025-09-08 08:04:25 | INFO | scraper | Fetched page 126 for 07/10/2025
2025-09-08 08:04:26 | INFO | scraper | Fetched page 128 for 07/17/2025
2025-09-08 08:04:26 | ERROR | scraper | Request exception on page 130 for 07/23/2025: 
2025-09-08 08:04:26 | ERROR | scraper | Request exception on page 131 for 07/23/2025: 
2025-09-08 08:04:26 | ERROR | scraper | Request exception on page 129 for 07/23/2025: 
2025-09-08 08:04:27 | INFO | scraper | Fetched page 129 for 07/07/2025
2025-09-08 08:04:27 | ERROR | scraper | Request exception on page 130 for 07/14/2025: 
2025-09-08 08:04:27 | INFO | scraper | Fetched page 5 for 07/09/2025
2025-09-08 08:04:27 | INFO | scraper | Fetched page 129 for 07/15/2025
2025-09-08 08:04:28 | INFO | scraper | Fetched page 127 for 07/13/2025
2025-09-08 08:04:28 | ERROR | scraper | Timeout processing batch starting at page 121 for 07/28/2025
2025-09-08 08:04:29 | INFO | scraper | Fetched page 128 for 07/13/2025
2025-09-08 08:04:29 | ERROR | scraper | Timeout processing batch starting at page 121 for 07/21/2025
2025-09-08 08:04:30 | INFO | scraper | Fetched page 127 for 07/07/2025
2025-09-08 08:04:30 | INFO | scraper | Fetched page 130 for 07/14/2025
2025-09-08 08:04:31 | ERROR | scraper | Timeout processing batch starting at page 126 for 07/27/2025
2025-09-08 08:04:31 | INFO | scraper | Fetched page 128 for 07/07/2025
2025-09-08 08:04:31 | INFO | scraper | Fetched page 128 for 07/10/2025
2025-09-08 08:04:32 | INFO | scraper | Fetched page 130 for 07/23/2025
2025-09-08 08:04:33 | INFO | scraper | Fetched page 130 for 07/10/2025
2025-09-08 08:04:33 | INFO | scraper | Fetched page 130 for 07/07/2025
2025-09-08 08:04:33 | ERROR | scraper | Request exception on page 124 for 07/29/2025: 
2025-09-08 08:04:33 | ERROR | scraper | Request exception on page 123 for 07/29/2025: 
2025-09-08 08:04:34 | INFO | scraper | Fetched page 127 for 07/10/2025
2025-09-08 08:04:35 | INFO | scraper | Fetched page 129 for 07/23/2025
2025-09-08 08:04:35 | INFO | scraper | Fetched page 131 for 07/23/2025
2025-09-08 08:04:35 | INFO | scraper | Fetched page 129 for 07/10/2025
2025-09-08 08:04:36 | INFO | scraper | Fetched page 127 for 07/28/2025
2025-09-08 08:04:37 | INFO | scraper | Fetched page 126 for 07/21/2025
2025-09-08 08:04:37 | INFO | scraper | Fetched page 124 for 07/29/2025
2025-09-08 08:04:37 | INFO | scraper | Fetched page 131 for 07/27/2025
2025-09-08 08:04:41 | INFO | scraper | Fetched page 126 for 07/28/2025
2025-09-08 08:04:42 | INFO | scraper | Fetched page 123 for 07/29/2025
2025-09-08 08:04:42 | INFO | scraper | Fetched page 132 for 07/27/2025
2025-09-08 08:04:43 | ERROR | scraper | Timeout processing batch starting at page 126 for 07/13/2025
2025-09-08 08:04:44 | INFO | scraper | Fetched page 130 for 07/28/2025
2025-09-08 08:04:45 | INFO | scraper | Fetched page 127 for 07/21/2025
2025-09-08 08:04:45 | ERROR | scraper | Timeout processing batch starting at page 126 for 07/06/2025
2025-09-08 08:04:47 | INFO | scraper | Fetched page 131 for 07/13/2025
2025-09-08 08:04:48 | ERROR | scraper | Timeout processing batch starting at page 126 for 07/07/2025
2025-09-08 08:04:48 | INFO | scraper | Fetched page 129 for 07/28/2025
2025-09-08 08:04:48 | ERROR | scraper | Timeout processing batch starting at page 126 for 07/16/2025
2025-09-08 08:04:49 | INFO | scraper | Fetched page 131 for 07/06/2025
2025-09-08 08:04:49 | INFO | scraper | Fetched page 128 for 07/28/2025
2025-09-08 08:04:49 | INFO | scraper | Fetched page 132 for 07/13/2025
2025-09-08 08:04:50 | ERROR | scraper | Timeout processing batch starting at page 126 for 07/17/2025
2025-09-08 08:04:51 | INFO | scraper | Fetched page 135 for 07/27/2025
2025-09-08 08:04:51 | INFO | scraper | Fetched page 131 for 07/07/2025
2025-09-08 08:04:52 | INFO | scraper | Fetched page 134 for 07/07/2025
2025-09-08 08:04:53 | INFO | scraper | Fetched page 131 for 07/16/2025
2025-09-08 08:04:53 | ERROR | scraper | Timeout processing batch starting at page 126 for 07/15/2025
2025-09-08 08:04:54 | INFO | scraper | Fetched page 134 for 07/13/2025
2025-09-08 08:04:54 | INFO | scraper | Fetched page 133 for 07/27/2025
2025-09-08 08:04:55 | INFO | scraper | Fetched page 132 for 07/07/2025
2025-09-08 08:04:55 | INFO | scraper | Fetched page 131 for 07/17/2025
2025-09-08 08:04:55 | ERROR | scraper | Timeout processing batch starting at page 128 for 07/23/2025
2025-09-08 08:04:55 | ERROR | scraper | Timeout processing batch starting at page 126 for 07/14/2025
2025-09-08 08:04:55 | INFO | scraper | Fetched page 135 for 07/13/2025
2025-09-08 08:04:56 | INFO | scraper | Fetched page 133 for 07/07/2025
2025-09-08 08:04:57 | INFO | scraper | Fetched page 133 for 07/13/2025
2025-09-08 08:04:57 | INFO | scraper | Fetched page 131 for 07/15/2025
2025-09-08 08:04:57 | INFO | scraper | Fetched page 132 for 07/17/2025
2025-09-08 08:04:57 | INFO | scraper | Fetched page 134 for 07/27/2025
2025-09-08 08:05:00 | INFO | scraper | Fetched page 133 for 07/23/2025
2025-09-08 08:05:01 | INFO | scraper | Fetched page 129 for 07/21/2025
2025-09-08 08:05:01 | INFO | scraper | Fetched page 134 for 07/06/2025
2025-09-08 08:05:01 | INFO | scraper | Fetched page 131 for 07/14/2025
2025-09-08 08:05:02 | ERROR | scraper | Request exception on page 129 for 07/21/2025: 
2025-09-08 08:05:02 | ERROR | scraper | Request exception on page 130 for 07/21/2025: 
2025-09-08 08:05:02 | ERROR | scraper | Request exception on page 128 for 07/21/2025: 
2025-09-08 08:05:02 | ERROR | scraper | Timeout processing batch starting at page 121 for 07/29/2025
2025-09-08 08:05:02 | INFO | scraper | Fetched page 135 for 07/23/2025
2025-09-08 08:05:03 | INFO | scraper | Fetched page 135 for 07/06/2025
2025-09-08 08:05:04 | INFO | scraper | Fetched page 134 for 07/14/2025
2025-09-08 08:05:04 | INFO | scraper | Fetched page 132 for 07/06/2025
2025-09-08 08:05:04 | INFO | scraper | Fetched page 133 for 07/14/2025
2025-09-08 08:05:05 | INFO | scraper | Fetched page 137 for 07/23/2025
2025-09-08 08:05:06 | INFO | scraper | Fetched page 129 for 07/21/2025
2025-09-08 08:05:06 | INFO | scraper | Fetched page 135 for 07/16/2025
2025-09-08 08:05:06 | INFO | scraper | Fetched page 132 for 07/14/2025
2025-09-08 08:05:06 | INFO | scraper | Fetched page 135 for 07/14/2025
2025-09-08 08:05:07 | INFO | scraper | Fetched page 134 for 07/23/2025
2025-09-08 08:05:07 | INFO | scraper | Fetched page 126 for 07/29/2025
2025-09-08 08:05:08 | INFO | scraper | Fetched page 133 for 07/16/2025
2025-09-08 08:05:08 | INFO | scraper | Fetched page 133 for 07/06/2025
2025-09-08 08:05:09 | INFO | scraper | Fetched page 127 for 07/29/2025
2025-09-08 08:05:09 | INFO | scraper | Fetched page 132 for 07/16/2025
2025-09-08 08:05:09 | INFO | scraper | Fetched page 136 for 07/23/2025
2025-09-08 08:05:10 | INFO | scraper | Fetched page 134 for 07/16/2025
2025-09-08 08:05:10 | INFO | scraper | Fetched page 130 for 07/21/2025
2025-09-08 08:05:10 | INFO | scraper | Fetched page 128 for 07/21/2025
2025-09-08 08:05:15 | INFO | scraper | Fetched page 133 for 07/15/2025
2025-09-08 08:05:15 | INFO | scraper | Fetched page 132 for 07/15/2025
2025-09-08 08:05:16 | INFO | scraper | Fetched page 135 for 07/07/2025
2025-09-08 08:05:16 | INFO | scraper | Fetched page 134 for 07/15/2025
2025-09-08 08:05:16 | INFO | scraper | Fetched page 135 for 07/15/2025
2025-09-08 08:05:20 | ERROR | scraper | Request exception on page 135 for 07/07/2025: 
2025-09-08 08:05:22 | INFO | scraper | Fetched page 135 for 07/07/2025
2025-09-08 08:05:23 | ERROR | scraper | Request exception on page 133 for 07/17/2025: 
2025-09-08 08:05:23 | ERROR | scraper | Request exception on page 134 for 07/17/2025: 
2025-09-08 08:05:23 | ERROR | scraper | Request exception on page 135 for 07/17/2025: 
2025-09-08 08:05:24 | ERROR | scraper | Timeout processing batch starting at page 126 for 07/10/2025
2025-09-08 08:05:26 | INFO | scraper | Fetched page 133 for 07/17/2025
2025-09-08 08:05:27 | INFO | scraper | Fetched page 134 for 07/10/2025
2025-09-08 08:05:28 | INFO | scraper | Fetched page 134 for 07/17/2025
2025-09-08 08:05:29 | INFO | scraper | Fetched page 129 for 07/29/2025
2025-09-08 08:05:29 | INFO | scraper | Fetched page 131 for 07/10/2025
2025-09-08 08:05:30 | INFO | scraper | Fetched page 133 for 07/10/2025
2025-09-08 08:05:30 | INFO | scraper | Fetched page 128 for 07/29/2025
2025-09-08 08:05:30 | ERROR | scraper | Timeout processing batch starting at page 126 for 07/28/2025
2025-09-08 08:05:31 | ERROR | scraper | Timeout processing batch starting at page 126 for 07/21/2025
2025-09-08 08:05:32 | INFO | scraper | Fetched page 132 for 07/10/2025
2025-09-08 08:05:32 | INFO | scraper | Fetched page 135 for 07/10/2025
2025-09-08 08:05:32 | INFO | scraper | Fetched page 130 for 07/29/2025
2025-09-08 08:05:33 | ERROR | scraper | Timeout processing batch starting at page 131 for 07/27/2025
2025-09-08 08:05:35 | INFO | scraper | Fetched page 132 for 07/21/2025
2025-09-08 08:05:37 | INFO | scraper | Fetched page 133 for 07/21/2025
2025-09-08 08:05:39 | INFO | scraper | Fetched page 131 for 07/21/2025
2025-09-08 08:05:43 | INFO | scraper | Fetched page 133 for 07/28/2025
2025-09-08 08:05:45 | ERROR | scraper | Timeout processing batch starting at page 131 for 07/13/2025
2025-09-08 08:05:45 | INFO | scraper | Fetched page 131 for 07/28/2025
2025-09-08 08:05:47 | INFO | scraper | Fetched page 132 for 07/28/2025
2025-09-08 08:05:47 | ERROR | scraper | Timeout processing batch starting at page 131 for 07/06/2025
2025-09-08 08:05:48 | INFO | scraper | Fetched page 136 for 07/13/2025
2025-09-08 08:05:49 | INFO | scraper | Fetched page 134 for 07/28/2025
2025-09-08 08:05:50 | INFO | scraper | Fetched page 137 for 07/13/2025
2025-09-08 08:05:50 | ERROR | scraper | Timeout processing batch starting at page 131 for 07/07/2025
2025-09-08 08:05:50 | INFO | scraper | Fetched page 135 for 07/28/2025
2025-09-08 08:05:50 | INFO | scraper | Fetched page 139 for 07/06/2025
2025-09-08 08:05:50 | ERROR | scraper | Timeout processing batch starting at page 131 for 07/16/2025
2025-09-08 08:05:51 | INFO | scraper | Fetched page 139 for 07/13/2025
2025-09-08 08:05:51 | INFO | scraper | Fetched page 138 for 07/13/2025
2025-09-08 08:05:52 | INFO | scraper | Fetched page 140 for 07/06/2025
2025-09-08 08:05:52 | INFO | scraper | Fetched page 136 for 07/06/2025
2025-09-08 08:05:52 | INFO | scraper | Fetched page 138 for 07/06/2025
2025-09-08 08:05:52 | ERROR | scraper | Timeout processing batch starting at page 131 for 07/17/2025
2025-09-08 08:05:53 | INFO | scraper | Fetched page 136 for 07/07/2025
2025-09-08 08:05:53 | INFO | scraper | Fetched page 137 for 07/06/2025
2025-09-08 08:05:53 | INFO | scraper | Fetched page 137 for 07/07/2025
2025-09-08 08:05:54 | INFO | scraper | Fetched page 140 for 07/07/2025
2025-09-08 08:05:54 | INFO | scraper | Fetched page 138 for 07/07/2025
2025-09-08 08:05:54 | INFO | scraper | Fetched page 139 for 07/07/2025
2025-09-08 08:05:55 | INFO | scraper | Fetched page 140 for 07/13/2025
2025-09-08 08:05:55 | ERROR | scraper | Timeout processing batch starting at page 131 for 07/15/2025
2025-09-08 08:05:55 | INFO | scraper | Fetched page 136 for 07/17/2025
2025-09-08 08:05:57 | ERROR | scraper | Timeout processing batch starting at page 133 for 07/23/2025
2025-09-08 08:05:57 | ERROR | scraper | Timeout processing batch starting at page 131 for 07/14/2025
2025-09-08 08:05:58 | INFO | scraper | Fetched page 138 for 07/17/2025
2025-09-08 08:05:58 | INFO | scraper | Fetched page 140 for 07/17/2025
2025-09-08 08:05:58 | INFO | scraper | Fetched page 137 for 07/17/2025
2025-09-08 08:05:59 | INFO | scraper | Fetched page 139 for 07/17/2025
2025-09-08 08:06:01 | INFO | scraper | Fetched page 141 for 07/23/2025
2025-09-08 08:06:04 | INFO | scraper | Fetched page 138 for 07/23/2025
2025-09-08 08:06:04 | INFO | scraper | Fetched page 142 for 07/23/2025
2025-09-08 08:06:04 | ERROR | scraper | Request exception on page 134 for 07/21/2025: 
2025-09-08 08:06:04 | ERROR | scraper | Request exception on page 135 for 07/21/2025: 
2025-09-08 08:06:04 | ERROR | scraper | Timeout processing batch starting at page 126 for 07/29/2025
2025-09-08 08:06:04 | INFO | scraper | Fetched page 139 for 07/23/2025
2025-09-08 08:06:05 | ERROR | scraper | Request exception on page 136 for 07/27/2025: 
2025-09-08 08:06:05 | ERROR | scraper | Request exception on page 137 for 07/27/2025: 
2025-09-08 08:06:05 | ERROR | scraper | Request exception on page 139 for 07/27/2025: 
2025-09-08 08:06:05 | ERROR | scraper | Request exception on page 140 for 07/27/2025: 
2025-09-08 08:06:05 | ERROR | scraper | Request exception on page 138 for 07/27/2025: 
2025-09-08 08:06:05 | INFO | scraper | Fetched page 138 for 07/16/2025
2025-09-08 08:06:06 | INFO | scraper | Fetched page 140 for 07/23/2025
2025-09-08 08:06:06 | INFO | scraper | Fetched page 134 for 07/21/2025
2025-09-08 08:06:06 | INFO | scraper | Fetched page 140 for 07/16/2025
2025-09-08 08:06:07 | INFO | scraper | Fetched page 139 for 07/16/2025
2025-09-08 08:06:07 | INFO | scraper | Fetched page 136 for 07/16/2025
2025-09-08 08:06:08 | INFO | scraper | Fetched page 137 for 07/16/2025
2025-09-08 08:06:08 | INFO | scraper | Fetched page 135 for 07/21/2025
2025-09-08 08:06:09 | INFO | scraper | Fetched page 133 for 07/29/2025
2025-09-08 08:06:10 | INFO | scraper | Fetched page 132 for 07/29/2025
2025-09-08 08:06:11 | INFO | scraper | Fetched page 134 for 07/29/2025
2025-09-08 08:06:11 | INFO | scraper | Fetched page 136 for 07/15/2025
2025-09-08 08:06:11 | INFO | scraper | Fetched page 140 for 07/15/2025
2025-09-08 08:06:12 | INFO | scraper | Fetched page 137 for 07/15/2025
2025-09-08 08:06:12 | INFO | scraper | Fetched page 139 for 07/15/2025
2025-09-08 08:06:13 | INFO | scraper | Fetched page 131 for 07/29/2025
2025-09-08 08:06:13 | INFO | scraper | Fetched page 135 for 07/29/2025
2025-09-08 08:06:13 | INFO | scraper | Fetched page 138 for 07/15/2025
2025-09-08 08:06:17 | INFO | scraper | Fetched page 137 for 07/14/2025
2025-09-08 08:06:18 | INFO | scraper | Fetched page 138 for 07/14/2025
2025-09-08 08:06:19 | INFO | scraper | Fetched page 140 for 07/14/2025
2025-09-08 08:06:19 | INFO | scraper | Fetched page 136 for 07/14/2025
2025-09-08 08:06:20 | INFO | scraper | Fetched page 139 for 07/14/2025
2025-09-08 08:06:26 | ERROR | scraper | Timeout processing batch starting at page 131 for 07/10/2025
2025-09-08 08:06:32 | ERROR | scraper | Timeout processing batch starting at page 131 for 07/28/2025
2025-09-08 08:06:33 | ERROR | scraper | Timeout processing batch starting at page 131 for 07/21/2025
2025-09-08 08:06:34 | INFO | scraper | Fetched page 140 for 07/10/2025
2025-09-08 08:06:35 | ERROR | scraper | Timeout processing batch starting at page 136 for 07/27/2025
2025-09-08 08:06:35 | INFO | scraper | Fetched page 137 for 07/10/2025
2025-09-08 08:06:36 | INFO | scraper | Fetched page 138 for 07/10/2025
2025-09-08 08:06:37 | INFO | scraper | Fetched page 138 for 07/28/2025
2025-09-08 08:06:37 | INFO | scraper | Fetched page 136 for 07/21/2025
2025-09-08 08:06:38 | INFO | scraper | Fetched page 139 for 07/10/2025
2025-09-08 08:06:39 | INFO | scraper | Fetched page 140 for 07/28/2025
2025-09-08 08:06:39 | INFO | scraper | Fetched page 137 for 07/21/2025
2025-09-08 08:06:39 | INFO | scraper | Fetched page 136 for 07/10/2025
2025-09-08 08:06:41 | INFO | scraper | Fetched page 136 for 07/28/2025
2025-09-08 08:06:42 | INFO | scraper | Fetched page 137 for 07/28/2025
2025-09-08 08:06:44 | INFO | scraper | Fetched page 139 for 07/28/2025
2025-09-08 08:06:47 | ERROR | scraper | Timeout processing batch starting at page 136 for 07/13/2025
2025-09-08 08:06:49 | ERROR | scraper | Timeout processing batch starting at page 136 for 07/06/2025
2025-09-08 08:06:52 | ERROR | scraper | Timeout processing batch starting at page 136 for 07/07/2025
2025-09-08 08:06:52 | INFO | scraper | Fetched page 141 for 07/13/2025
2025-09-08 08:06:52 | ERROR | scraper | Timeout processing batch starting at page 136 for 07/16/2025
2025-09-08 08:06:53 | INFO | scraper | Fetched page 145 for 07/13/2025
2025-09-08 08:06:54 | INFO | scraper | Fetched page 143 for 07/13/2025
2025-09-08 08:06:54 | ERROR | scraper | Timeout processing batch starting at page 136 for 07/17/2025
2025-09-08 08:06:55 | INFO | scraper | Fetched page 144 for 07/13/2025
2025-09-08 08:06:55 | INFO | scraper | Fetched page 142 for 07/13/2025
2025-09-08 08:06:57 | ERROR | scraper | Timeout processing batch starting at page 136 for 07/15/2025
2025-09-08 08:06:59 | ERROR | scraper | Timeout processing batch starting at page 138 for 07/23/2025
2025-09-08 08:06:59 | ERROR | scraper | Timeout processing batch starting at page 136 for 07/14/2025
2025-09-08 08:07:02 | INFO | scraper | Fetched page 145 for 07/23/2025
2025-09-08 08:07:04 | INFO | scraper | Fetched page 144 for 07/23/2025
2025-09-08 08:07:04 | INFO | scraper | Fetched page 147 for 07/23/2025
2025-09-08 08:07:06 | ERROR | scraper | Request exception on page 139 for 07/21/2025: 
2025-09-08 08:07:06 | ERROR | scraper | Request exception on page 140 for 07/21/2025: 
2025-09-08 08:07:06 | ERROR | scraper | Request exception on page 138 for 07/21/2025: 
2025-09-08 08:07:06 | ERROR | scraper | Timeout processing batch starting at page 131 for 07/29/2025
2025-09-08 08:07:06 | INFO | scraper | Fetched page 146 for 07/23/2025
2025-09-08 08:07:06 | INFO | scraper | Fetched page 143 for 07/23/2025
2025-09-08 08:07:07 | ERROR | scraper | Request exception on page 141 for 07/27/2025: 
2025-09-08 08:07:07 | ERROR | scraper | Request exception on page 144 for 07/27/2025: 
2025-09-08 08:07:07 | ERROR | scraper | Request exception on page 145 for 07/27/2025: 
2025-09-08 08:07:07 | ERROR | scraper | Request exception on page 142 for 07/27/2025: 
2025-09-08 08:07:07 | ERROR | scraper | Request exception on page 143 for 07/27/2025: 
2025-09-08 08:07:07 | INFO | scraper | Fetched page 139 for 07/21/2025
2025-09-08 08:07:08 | INFO | scraper | Fetched page 140 for 07/21/2025
2025-09-08 08:07:22 | ERROR | scraper | Request exception on page 141 for 07/06/2025: 
2025-09-08 08:07:22 | ERROR | scraper | Request exception on page 144 for 07/06/2025: 
2025-09-08 08:07:22 | ERROR | scraper | Request exception on page 145 for 07/06/2025: 
2025-09-08 08:07:22 | ERROR | scraper | Request exception on page 142 for 07/06/2025: 
2025-09-08 08:07:22 | ERROR | scraper | Request exception on page 143 for 07/06/2025: 
2025-09-08 08:07:24 | ERROR | scraper | Request exception on page 141 for 07/07/2025: 
2025-09-08 08:07:25 | ERROR | scraper | Request exception on page 143 for 07/16/2025: 
2025-09-08 08:07:25 | ERROR | scraper | Request exception on page 145 for 07/16/2025: 
2025-09-08 08:07:25 | ERROR | scraper | Request exception on page 144 for 07/16/2025: 
2025-09-08 08:07:25 | ERROR | scraper | Request exception on page 141 for 07/16/2025: 
2025-09-08 08:07:25 | ERROR | scraper | Request exception on page 142 for 07/16/2025: 
2025-09-08 08:07:27 | ERROR | scraper | Request exception on page 141 for 07/17/2025: 
2025-09-08 08:07:27 | ERROR | scraper | Request exception on page 144 for 07/17/2025: 
2025-09-08 08:07:27 | ERROR | scraper | Request exception on page 145 for 07/17/2025: 
2025-09-08 08:07:27 | ERROR | scraper | Request exception on page 142 for 07/17/2025: 
2025-09-08 08:07:27 | ERROR | scraper | Request exception on page 143 for 07/17/2025: 
2025-09-08 08:07:28 | ERROR | scraper | Timeout processing batch starting at page 136 for 07/10/2025
2025-09-08 08:07:30 | ERROR | scraper | Request exception on page 144 for 07/15/2025: 
2025-09-08 08:07:30 | ERROR | scraper | Request exception on page 143 for 07/15/2025: 
2025-09-08 08:07:30 | ERROR | scraper | Request exception on page 145 for 07/15/2025: 
2025-09-08 08:07:30 | ERROR | scraper | Request exception on page 141 for 07/15/2025: 
2025-09-08 08:07:30 | ERROR | scraper | Request exception on page 142 for 07/15/2025: 
2025-09-08 08:07:32 | ERROR | scraper | Request exception on page 143 for 07/14/2025: 
2025-09-08 08:07:32 | ERROR | scraper | Request exception on page 145 for 07/14/2025: 
2025-09-08 08:07:32 | ERROR | scraper | Request exception on page 144 for 07/14/2025: 
2025-09-08 08:07:32 | ERROR | scraper | Request exception on page 141 for 07/14/2025: 
2025-09-08 08:07:32 | ERROR | scraper | Request exception on page 142 for 07/14/2025: 
2025-09-08 08:07:35 | ERROR | scraper | Timeout processing batch starting at page 136 for 07/28/2025
2025-09-08 08:07:35 | ERROR | scraper | Timeout processing batch starting at page 136 for 07/21/2025
2025-09-08 08:07:37 | ERROR | scraper | Timeout processing batch starting at page 141 for 07/27/2025
2025-09-08 08:07:38 | INFO | scraper | Fetched page 141 for 07/21/2025
2025-09-08 08:07:38 | INFO | scraper | Fetched page 142 for 07/21/2025
2025-09-08 08:07:39 | ERROR | scraper | Request exception on page 138 for 07/29/2025: 
2025-09-08 08:07:39 | ERROR | scraper | Request exception on page 139 for 07/29/2025: 
2025-09-08 08:07:39 | ERROR | scraper | Request exception on page 140 for 07/29/2025: 
2025-09-08 08:07:39 | ERROR | scraper | Request exception on page 136 for 07/29/2025: 
2025-09-08 08:07:39 | ERROR | scraper | Request exception on page 137 for 07/29/2025: 
2025-09-08 08:07:49 | ERROR | scraper | Timeout processing batch starting at page 141 for 07/13/2025
2025-09-08 08:07:51 | ERROR | scraper | Timeout processing batch starting at page 141 for 07/06/2025
2025-09-08 08:07:54 | ERROR | scraper | Timeout processing batch starting at page 141 for 07/07/2025
2025-09-08 08:07:54 | INFO | scraper | Fetched page 150 for 07/06/2025
2025-09-08 08:07:54 | ERROR | scraper | Timeout processing batch starting at page 141 for 07/16/2025
2025-09-08 08:07:55 | INFO | scraper | Fetched page 146 for 07/06/2025
2025-09-08 08:07:55 | INFO | scraper | Fetched page 149 for 07/06/2025
2025-09-08 08:07:56 | INFO | scraper | Retrying 141 failed pages for 07/07/2025
2025-09-08 08:07:56 | ERROR | scraper | Timeout processing batch starting at page 141 for 07/17/2025
2025-09-08 08:07:56 | INFO | scraper | Fetched page 148 for 07/06/2025
2025-09-08 08:07:56 | INFO | scraper | Fetched page 147 for 07/06/2025
2025-09-08 08:07:59 | INFO | scraper | Fetched page 148 for 07/13/2025
2025-09-08 08:07:59 | ERROR | scraper | Timeout processing batch starting at page 141 for 07/15/2025
2025-09-08 08:08:00 | INFO | scraper | Fetched page 145 for 07/10/2025
2025-09-08 08:08:00 | INFO | scraper | Fetched page 149 for 07/13/2025
2025-09-08 08:08:00 | INFO | scraper | Fetched page 147 for 07/13/2025
2025-09-08 08:08:01 | ERROR | scraper | Request exception on page 142 for 07/10/2025: 
2025-09-08 08:08:01 | ERROR | scraper | Request exception on page 143 for 07/10/2025: 
2025-09-08 08:08:01 | ERROR | scraper | Request exception on page 144 for 07/10/2025: 
2025-09-08 08:08:01 | ERROR | scraper | Request exception on page 141 for 07/10/2025: 
2025-09-08 08:08:01 | ERROR | scraper | Timeout processing batch starting at page 143 for 07/23/2025
2025-09-08 08:08:01 | ERROR | scraper | Timeout processing batch starting at page 141 for 07/14/2025
2025-09-08 08:08:01 | INFO | scraper | Fetched page 146 for 07/13/2025
2025-09-08 08:08:03 | INFO | scraper | Fetched page 142 for 07/10/2025
2025-09-08 08:08:04 | INFO | scraper | Fetched page 150 for 07/13/2025
2025-09-08 08:08:04 | INFO | scraper | Fetched page 143 for 07/10/2025
2025-09-08 08:08:06 | INFO | scraper | Fetched page 141 for 07/10/2025
2025-09-08 08:08:06 | INFO | scraper | Fetched page 144 for 07/10/2025
2025-09-08 08:08:07 | ERROR | scraper | Request exception on page 141 for 07/28/2025: 
2025-09-08 08:08:07 | ERROR | scraper | Request exception on page 144 for 07/28/2025: 
2025-09-08 08:08:07 | ERROR | scraper | Request exception on page 145 for 07/28/2025: 
2025-09-08 08:08:07 | ERROR | scraper | Request exception on page 142 for 07/28/2025: 
2025-09-08 08:08:07 | ERROR | scraper | Request exception on page 143 for 07/28/2025: 
2025-09-08 08:08:08 | ERROR | scraper | Request exception on page 143 for 07/21/2025: 
2025-09-08 08:08:08 | ERROR | scraper | Request exception on page 145 for 07/21/2025: 
2025-09-08 08:08:08 | ERROR | scraper | Request exception on page 144 for 07/21/2025: 
2025-09-08 08:08:08 | ERROR | scraper | Timeout processing batch starting at page 136 for 07/29/2025
2025-09-08 08:08:09 | ERROR | scraper | Request exception on page 146 for 07/27/2025: 
2025-09-08 08:08:09 | ERROR | scraper | Request exception on page 149 for 07/27/2025: 
2025-09-08 08:08:09 | ERROR | scraper | Request exception on page 150 for 07/27/2025: 
2025-09-08 08:08:09 | ERROR | scraper | Request exception on page 147 for 07/27/2025: 
2025-09-08 08:08:09 | ERROR | scraper | Request exception on page 148 for 07/27/2025: 
2025-09-08 08:08:10 | INFO | scraper | Fetched page 143 for 07/21/2025
2025-09-08 08:08:26 | ERROR | scraper | Request exception on page 1 for 07/07/2025: 
2025-09-08 08:08:27 | ERROR | scraper | Request exception on page 150 for 07/16/2025: 
2025-09-08 08:08:27 | ERROR | scraper | Request exception on page 146 for 07/16/2025: 
2025-09-08 08:08:27 | ERROR | scraper | Request exception on page 148 for 07/16/2025: 
2025-09-08 08:08:27 | ERROR | scraper | Request exception on page 149 for 07/16/2025: 
2025-09-08 08:08:27 | ERROR | scraper | Request exception on page 147 for 07/16/2025: 
2025-09-08 08:08:29 | ERROR | scraper | Request exception on page 146 for 07/17/2025: 
2025-09-08 08:08:29 | ERROR | scraper | Request exception on page 149 for 07/17/2025: 
2025-09-08 08:08:29 | ERROR | scraper | Request exception on page 150 for 07/17/2025: 
2025-09-08 08:08:29 | ERROR | scraper | Request exception on page 147 for 07/17/2025: 
2025-09-08 08:08:29 | ERROR | scraper | Request exception on page 148 for 07/17/2025: 
2025-09-08 08:08:30 | ERROR | scraper | Timeout processing batch starting at page 141 for 07/10/2025
2025-09-08 08:08:32 | ERROR | scraper | Request exception on page 146 for 07/15/2025: 
2025-09-08 08:08:32 | ERROR | scraper | Request exception on page 149 for 07/15/2025: 
2025-09-08 08:08:32 | ERROR | scraper | Request exception on page 147 for 07/15/2025: 
2025-09-08 08:08:32 | ERROR | scraper | Request exception on page 148 for 07/15/2025: 
2025-09-08 08:08:33 | INFO | scraper | Fetched page 146 for 07/10/2025
2025-09-08 08:08:34 | ERROR | scraper | Request exception on page 146 for 07/14/2025: 
2025-09-08 08:08:34 | ERROR | scraper | Request exception on page 150 for 07/23/2025: 
2025-09-08 08:08:34 | ERROR | scraper | Request exception on page 151 for 07/23/2025: 
2025-09-08 08:08:34 | ERROR | scraper | Request exception on page 152 for 07/23/2025: 
2025-09-08 08:08:34 | ERROR | scraper | Request exception on page 148 for 07/23/2025: 
2025-09-08 08:08:34 | ERROR | scraper | Request exception on page 149 for 07/23/2025: 
2025-09-08 08:08:34 | INFO | scraper | Fetched page 149 for 07/10/2025
2025-09-08 08:08:36 | INFO | scraper | Fetched page 148 for 07/10/2025
2025-09-08 08:08:37 | ERROR | scraper | Timeout processing batch starting at page 141 for 07/28/2025
2025-09-08 08:08:37 | INFO | scraper | Fetched page 147 for 07/10/2025
2025-09-08 08:08:37 | ERROR | scraper | Timeout processing batch starting at page 141 for 07/21/2025
2025-09-08 08:08:39 | ERROR | scraper | Timeout processing batch starting at page 146 for 07/27/2025
2025-09-08 08:08:40 | INFO | scraper | Fetched page 146 for 07/21/2025
2025-09-08 08:08:41 | ERROR | scraper | Request exception on page 145 for 07/29/2025: 
2025-09-08 08:08:41 | ERROR | scraper | Request exception on page 141 for 07/29/2025: 
2025-09-08 08:08:41 | ERROR | scraper | Request exception on page 143 for 07/29/2025: 
2025-09-08 08:08:41 | ERROR | scraper | Request exception on page 144 for 07/29/2025: 
2025-09-08 08:08:41 | ERROR | scraper | Request exception on page 142 for 07/29/2025: 
2025-09-08 08:08:51 | ERROR | scraper | Timeout processing batch starting at page 146 for 07/13/2025
2025-09-08 08:08:53 | ERROR | scraper | Timeout processing batch starting at page 146 for 07/06/2025
2025-09-08 08:08:56 | ERROR | scraper | Timeout processing batch starting at page 146 for 07/16/2025
2025-09-08 08:08:58 | ERROR | scraper | Request exception on page 1 for 07/07/2025: 
2025-09-08 08:08:58 | ERROR | scraper | Timeout processing batch starting at page 146 for 07/17/2025
2025-09-08 08:09:01 | ERROR | scraper | Timeout processing batch starting at page 146 for 07/15/2025
2025-09-08 08:09:02 | ERROR | scraper | Request exception on page 150 for 07/10/2025: 
2025-09-08 08:09:03 | ERROR | scraper | Timeout processing batch starting at page 148 for 07/23/2025
2025-09-08 08:09:03 | ERROR | scraper | Timeout processing batch starting at page 146 for 07/14/2025
2025-09-08 08:09:03 | INFO | scraper | Retrying 149 failed pages for 07/15/2025
2025-09-08 08:09:04 | INFO | scraper | Fetched page 150 for 07/10/2025
2025-09-08 08:09:05 | INFO | scraper | Retrying 146 failed pages for 07/14/2025
2025-09-08 08:09:09 | ERROR | scraper | Request exception on page 146 for 07/28/2025: 
2025-09-08 08:09:09 | ERROR | scraper | Request exception on page 149 for 07/28/2025: 
2025-09-08 08:09:09 | ERROR | scraper | Request exception on page 150 for 07/28/2025: 
2025-09-08 08:09:09 | ERROR | scraper | Request exception on page 147 for 07/28/2025: 
2025-09-08 08:09:09 | ERROR | scraper | Request exception on page 148 for 07/28/2025: 
2025-09-08 08:09:10 | ERROR | scraper | Request exception on page 148 for 07/21/2025: 
2025-09-08 08:09:10 | ERROR | scraper | Request exception on page 150 for 07/21/2025: 
2025-09-08 08:09:10 | ERROR | scraper | Request exception on page 147 for 07/21/2025: 
2025-09-08 08:09:10 | ERROR | scraper | Request exception on page 149 for 07/21/2025: 
2025-09-08 08:09:10 | ERROR | scraper | Timeout processing batch starting at page 141 for 07/29/2025
2025-09-08 08:09:11 | ERROR | scraper | Request exception on page 151 for 07/27/2025: 
2025-09-08 08:09:11 | ERROR | scraper | Request exception on page 154 for 07/27/2025: 
2025-09-08 08:09:11 | ERROR | scraper | Request exception on page 155 for 07/27/2025: 
2025-09-08 08:09:11 | ERROR | scraper | Request exception on page 152 for 07/27/2025: 
2025-09-08 08:09:11 | ERROR | scraper | Request exception on page 153 for 07/27/2025: 
2025-09-08 08:09:17 | INFO | scraper | Fetched page 155 for 07/27/2025
2025-09-08 08:09:19 | INFO | scraper | Fetched page 153 for 07/27/2025
2025-09-08 08:09:21 | INFO | scraper | Fetched page 152 for 07/27/2025
2025-09-08 08:09:23 | INFO | scraper | Fetched page 154 for 07/27/2025
2025-09-08 08:09:23 | ERROR | scraper | Request exception on page 152 for 07/13/2025: 
2025-09-08 08:09:23 | ERROR | scraper | Request exception on page 154 for 07/13/2025: 
2025-09-08 08:09:23 | ERROR | scraper | Request exception on page 155 for 07/13/2025: 
2025-09-08 08:09:23 | ERROR | scraper | Request exception on page 151 for 07/13/2025: 
2025-09-08 08:09:23 | ERROR | scraper | Request exception on page 153 for 07/13/2025: 
2025-09-08 08:09:24 | INFO | scraper | Fetched page 151 for 07/27/2025
2025-09-08 08:09:26 | ERROR | scraper | Request exception on page 153 for 07/06/2025: 
2025-09-08 08:09:26 | ERROR | scraper | Request exception on page 154 for 07/06/2025: 
2025-09-08 08:09:26 | ERROR | scraper | Request exception on page 155 for 07/06/2025: 
2025-09-08 08:09:26 | ERROR | scraper | Request exception on page 151 for 07/06/2025: 
2025-09-08 08:09:26 | ERROR | scraper | Request exception on page 152 for 07/06/2025: 
2025-09-08 08:09:29 | ERROR | scraper | Request exception on page 155 for 07/16/2025: 
2025-09-08 08:09:29 | ERROR | scraper | Request exception on page 151 for 07/16/2025: 
2025-09-08 08:09:29 | ERROR | scraper | Request exception on page 153 for 07/16/2025: 
2025-09-08 08:09:29 | ERROR | scraper | Request exception on page 154 for 07/16/2025: 
2025-09-08 08:09:29 | ERROR | scraper | Request exception on page 152 for 07/16/2025: 
2025-09-08 08:09:31 | ERROR | scraper | Request exception on page 151 for 07/17/2025: 
2025-09-08 08:09:31 | ERROR | scraper | Request exception on page 154 for 07/17/2025: 
2025-09-08 08:09:31 | ERROR | scraper | Request exception on page 155 for 07/17/2025: 
2025-09-08 08:09:31 | ERROR | scraper | Request exception on page 152 for 07/17/2025: 
2025-09-08 08:09:31 | ERROR | scraper | Request exception on page 153 for 07/17/2025: 
2025-09-08 08:09:31 | ERROR | scraper | Request exception on page 1 for 07/07/2025: 
2025-09-08 08:09:31 | ERROR | scraper | Max retries reached for page 1 on 07/07/2025.
2025-09-08 08:09:31 | ERROR | scraper | Failed to fetch page 1 for 07/07/2025
2025-09-08 08:09:32 | ERROR | scraper | Timeout processing batch starting at page 146 for 07/10/2025
2025-09-08 08:09:34 | ERROR | scraper | Request exception on page 1 for 07/15/2025: 
2025-09-08 08:09:34 | INFO | scraper | Fetched page 151 for 07/10/2025
2025-09-08 08:09:36 | ERROR | scraper | Request exception on page 1 for 07/14/2025: 
2025-09-08 08:09:36 | ERROR | scraper | Request exception on page 153 for 07/23/2025: 
2025-09-08 08:09:36 | ERROR | scraper | Request exception on page 156 for 07/23/2025: 
2025-09-08 08:09:36 | ERROR | scraper | Request exception on page 157 for 07/23/2025: 
2025-09-08 08:09:36 | ERROR | scraper | Request exception on page 154 for 07/23/2025: 
2025-09-08 08:09:36 | ERROR | scraper | Request exception on page 155 for 07/23/2025: 
2025-09-08 08:09:37 | INFO | scraper | Fetched page 152 for 07/13/2025
2025-09-08 08:09:39 | ERROR | scraper | Timeout processing batch starting at page 146 for 07/28/2025
2025-09-08 08:09:39 | INFO | scraper | Fetched page 151 for 07/13/2025
2025-09-08 08:09:39 | INFO | scraper | Fetched page 154 for 07/13/2025
2025-09-08 08:09:39 | INFO | scraper | Fetched page 155 for 07/13/2025
2025-09-08 08:09:39 | ERROR | scraper | Timeout processing batch starting at page 146 for 07/21/2025
2025-09-08 08:09:40 | INFO | scraper | Fetched page 153 for 07/13/2025
2025-09-08 08:09:41 | ERROR | scraper | Timeout processing batch starting at page 151 for 07/27/2025
2025-09-08 08:09:43 | ERROR | scraper | Request exception on page 150 for 07/29/2025: 
2025-09-08 08:09:43 | ERROR | scraper | Request exception on page 146 for 07/29/2025: 
2025-09-08 08:09:43 | ERROR | scraper | Request exception on page 148 for 07/29/2025: 
2025-09-08 08:09:43 | ERROR | scraper | Request exception on page 149 for 07/29/2025: 
2025-09-08 08:09:43 | ERROR | scraper | Request exception on page 147 for 07/29/2025: 
2025-09-08 08:09:43 | INFO | scraper | Fetched page 157 for 07/27/2025
2025-09-08 08:09:45 | INFO | scraper | Fetched page 159 for 07/27/2025
2025-09-08 08:09:46 | INFO | scraper | Fetched page 160 for 07/27/2025
2025-09-08 08:09:48 | INFO | scraper | Fetched page 156 for 07/27/2025
2025-09-08 08:09:50 | INFO | scraper | Fetched page 158 for 07/27/2025
2025-09-08 08:09:53 | ERROR | scraper | Timeout processing batch starting at page 151 for 07/13/2025
2025-09-08 08:09:55 | ERROR | scraper | Timeout processing batch starting at page 151 for 07/06/2025
2025-09-08 08:09:55 | INFO | scraper | Fetched page 157 for 07/13/2025
2025-09-08 08:09:56 | INFO | scraper | Fetched page 160 for 07/13/2025
2025-09-08 08:09:56 | INFO | scraper | Fetched page 159 for 07/13/2025
2025-09-08 08:09:58 | ERROR | scraper | Timeout processing batch starting at page 151 for 07/16/2025
2025-09-08 08:10:00 | INFO | scraper | Fetched page 156 for 07/13/2025
2025-09-08 08:10:00 | INFO | scraper | Fetched page 158 for 07/13/2025
2025-09-08 08:10:00 | ERROR | scraper | Timeout processing batch starting at page 151 for 07/17/2025
2025-09-08 08:10:03 | ERROR | scraper | Request exception on page 2 for 07/07/2025: 
2025-09-08 08:10:04 | ERROR | scraper | Request exception on page 153 for 07/10/2025: 
2025-09-08 08:10:04 | ERROR | scraper | Request exception on page 154 for 07/10/2025: 
2025-09-08 08:10:04 | ERROR | scraper | Request exception on page 152 for 07/10/2025: 
2025-09-08 08:10:04 | ERROR | scraper | Request exception on page 155 for 07/10/2025: 
2025-09-08 08:10:05 | ERROR | scraper | Timeout processing batch starting at page 153 for 07/23/2025
2025-09-08 08:10:06 | ERROR | scraper | Request exception on page 1 for 07/15/2025: 
2025-09-08 08:10:08 | ERROR | scraper | Request exception on page 1 for 07/14/2025: 
2025-09-08 08:10:11 | ERROR | scraper | Request exception on page 151 for 07/28/2025: 
2025-09-08 08:10:11 | ERROR | scraper | Request exception on page 154 for 07/28/2025: 
2025-09-08 08:10:11 | ERROR | scraper | Request exception on page 155 for 07/28/2025: 
2025-09-08 08:10:11 | ERROR | scraper | Request exception on page 152 for 07/28/2025: 
2025-09-08 08:10:11 | ERROR | scraper | Request exception on page 153 for 07/28/2025: 
2025-09-08 08:10:12 | ERROR | scraper | Request exception on page 151 for 07/21/2025: 
2025-09-08 08:10:12 | ERROR | scraper | Request exception on page 154 for 07/21/2025: 
2025-09-08 08:10:12 | ERROR | scraper | Request exception on page 155 for 07/21/2025: 
2025-09-08 08:10:12 | ERROR | scraper | Request exception on page 152 for 07/21/2025: 
2025-09-08 08:10:12 | ERROR | scraper | Request exception on page 153 for 07/21/2025: 
2025-09-08 08:10:12 | ERROR | scraper | Timeout processing batch starting at page 146 for 07/29/2025
2025-09-08 08:10:28 | ERROR | scraper | Request exception on page 160 for 07/06/2025: 
2025-09-08 08:10:28 | ERROR | scraper | Request exception on page 156 for 07/06/2025: 
2025-09-08 08:10:28 | ERROR | scraper | Request exception on page 158 for 07/06/2025: 
2025-09-08 08:10:28 | ERROR | scraper | Request exception on page 159 for 07/06/2025: 
2025-09-08 08:10:28 | ERROR | scraper | Request exception on page 157 for 07/06/2025: 
2025-09-08 08:10:31 | ERROR | scraper | Request exception on page 160 for 07/16/2025: 
2025-09-08 08:10:31 | ERROR | scraper | Request exception on page 156 for 07/16/2025: 
2025-09-08 08:10:31 | ERROR | scraper | Request exception on page 158 for 07/16/2025: 
2025-09-08 08:10:31 | ERROR | scraper | Request exception on page 159 for 07/16/2025: 
2025-09-08 08:10:31 | ERROR | scraper | Request exception on page 157 for 07/16/2025: 
2025-09-08 08:10:33 | ERROR | scraper | Request exception on page 156 for 07/17/2025: 
2025-09-08 08:10:33 | ERROR | scraper | Request exception on page 159 for 07/17/2025: 
2025-09-08 08:10:33 | ERROR | scraper | Request exception on page 160 for 07/17/2025: 
2025-09-08 08:10:33 | ERROR | scraper | Request exception on page 157 for 07/17/2025: 
2025-09-08 08:10:33 | ERROR | scraper | Request exception on page 158 for 07/17/2025: 
2025-09-08 08:10:34 | ERROR | scraper | Timeout processing batch starting at page 151 for 07/10/2025
2025-09-08 08:10:35 | ERROR | scraper | Request exception on page 2 for 07/07/2025: 
2025-09-08 08:10:38 | ERROR | scraper | Request exception on page 158 for 07/23/2025: 
2025-09-08 08:10:38 | ERROR | scraper | Request exception on page 161 for 07/23/2025: 
2025-09-08 08:10:38 | ERROR | scraper | Request exception on page 162 for 07/23/2025: 
2025-09-08 08:10:38 | ERROR | scraper | Request exception on page 159 for 07/23/2025: 
2025-09-08 08:10:38 | ERROR | scraper | Request exception on page 160 for 07/23/2025: 
2025-09-08 08:10:39 | ERROR | scraper | Request exception on page 1 for 07/15/2025: 
2025-09-08 08:10:39 | ERROR | scraper | Max retries reached for page 1 on 07/15/2025.
2025-09-08 08:10:39 | ERROR | scraper | Failed to fetch page 1 for 07/15/2025
2025-09-08 08:10:41 | ERROR | scraper | Timeout processing batch starting at page 151 for 07/28/2025
2025-09-08 08:10:41 | ERROR | scraper | Request exception on page 1 for 07/14/2025: 
2025-09-08 08:10:41 | ERROR | scraper | Max retries reached for page 1 on 07/14/2025.
2025-09-08 08:10:41 | ERROR | scraper | Failed to fetch page 1 for 07/14/2025
2025-09-08 08:10:41 | ERROR | scraper | Timeout processing batch starting at page 151 for 07/21/2025
2025-09-08 08:10:43 | ERROR | scraper | Timeout processing batch starting at page 156 for 07/27/2025
2025-09-08 08:10:45 | ERROR | scraper | Request exception on page 155 for 07/29/2025: 
2025-09-08 08:10:45 | ERROR | scraper | Request exception on page 151 for 07/29/2025: 
2025-09-08 08:10:45 | ERROR | scraper | Request exception on page 153 for 07/29/2025: 
2025-09-08 08:10:45 | ERROR | scraper | Request exception on page 154 for 07/29/2025: 
2025-09-08 08:10:45 | ERROR | scraper | Request exception on page 152 for 07/29/2025: 
2025-09-08 08:10:55 | ERROR | scraper | Timeout processing batch starting at page 156 for 07/13/2025
2025-09-08 08:10:57 | ERROR | scraper | Timeout processing batch starting at page 156 for 07/06/2025
2025-09-08 08:11:00 | ERROR | scraper | Timeout processing batch starting at page 156 for 07/16/2025
2025-09-08 08:11:02 | ERROR | scraper | Timeout processing batch starting at page 156 for 07/17/2025
2025-09-08 08:11:06 | ERROR | scraper | Request exception on page 156 for 07/10/2025: 
2025-09-08 08:11:06 | ERROR | scraper | Request exception on page 159 for 07/10/2025: 
2025-09-08 08:11:06 | ERROR | scraper | Request exception on page 160 for 07/10/2025: 
2025-09-08 08:11:06 | ERROR | scraper | Request exception on page 157 for 07/10/2025: 
2025-09-08 08:11:06 | ERROR | scraper | Request exception on page 158 for 07/10/2025: 
2025-09-08 08:11:07 | ERROR | scraper | Timeout processing batch starting at page 158 for 07/23/2025
2025-09-08 08:11:08 | ERROR | scraper | Request exception on page 2 for 07/07/2025: 
2025-09-08 08:11:08 | ERROR | scraper | Max retries reached for page 2 on 07/07/2025.
2025-09-08 08:11:08 | ERROR | scraper | Failed to fetch page 2 for 07/07/2025
2025-09-08 08:11:11 | ERROR | scraper | Request exception on page 2 for 07/15/2025: 
2025-09-08 08:11:13 | ERROR | scraper | Request exception on page 156 for 07/28/2025: 
2025-09-08 08:11:13 | ERROR | scraper | Request exception on page 2 for 07/14/2025: 
2025-09-08 08:11:13 | ERROR | scraper | Request exception on page 159 for 07/28/2025: 
2025-09-08 08:11:13 | ERROR | scraper | Request exception on page 160 for 07/28/2025: 
2025-09-08 08:11:13 | ERROR | scraper | Request exception on page 157 for 07/28/2025: 
2025-09-08 08:11:13 | ERROR | scraper | Request exception on page 158 for 07/28/2025: 
2025-09-08 08:11:14 | ERROR | scraper | Request exception on page 160 for 07/21/2025: 
2025-09-08 08:11:14 | ERROR | scraper | Request exception on page 156 for 07/21/2025: 
2025-09-08 08:11:14 | ERROR | scraper | Request exception on page 158 for 07/21/2025: 
2025-09-08 08:11:14 | ERROR | scraper | Request exception on page 159 for 07/21/2025: 
2025-09-08 08:11:14 | ERROR | scraper | Request exception on page 157 for 07/21/2025: 
2025-09-08 08:11:14 | ERROR | scraper | Timeout processing batch starting at page 151 for 07/29/2025
2025-09-08 08:11:15 | ERROR | scraper | Request exception on page 163 for 07/27/2025: 
2025-09-08 08:11:15 | ERROR | scraper | Request exception on page 164 for 07/27/2025: 
2025-09-08 08:11:15 | ERROR | scraper | Request exception on page 161 for 07/27/2025: 
2025-09-08 08:11:15 | ERROR | scraper | Request exception on page 162 for 07/27/2025: 
2025-09-08 08:11:15 | ERROR | scraper | Request exception on page 165 for 07/27/2025: 
2025-09-08 08:11:27 | ERROR | scraper | Request exception on page 161 for 07/13/2025: 
2025-09-08 08:11:27 | ERROR | scraper | Request exception on page 164 for 07/13/2025: 
2025-09-08 08:11:27 | ERROR | scraper | Request exception on page 165 for 07/13/2025: 
2025-09-08 08:11:27 | ERROR | scraper | Request exception on page 162 for 07/13/2025: 
2025-09-08 08:11:27 | ERROR | scraper | Request exception on page 163 for 07/13/2025: 
2025-09-08 08:11:30 | ERROR | scraper | Request exception on page 165 for 07/06/2025: 
2025-09-08 08:11:30 | ERROR | scraper | Request exception on page 161 for 07/06/2025: 
2025-09-08 08:11:30 | ERROR | scraper | Request exception on page 163 for 07/06/2025: 
2025-09-08 08:11:30 | ERROR | scraper | Request exception on page 164 for 07/06/2025: 
2025-09-08 08:11:30 | ERROR | scraper | Request exception on page 162 for 07/06/2025: 
2025-09-08 08:11:33 | ERROR | scraper | Request exception on page 165 for 07/16/2025: 
2025-09-08 08:11:33 | ERROR | scraper | Request exception on page 161 for 07/16/2025: 
2025-09-08 08:11:33 | ERROR | scraper | Request exception on page 163 for 07/16/2025: 
2025-09-08 08:11:33 | ERROR | scraper | Request exception on page 164 for 07/16/2025: 
2025-09-08 08:11:33 | ERROR | scraper | Request exception on page 162 for 07/16/2025: 
2025-09-08 08:11:35 | ERROR | scraper | Request exception on page 165 for 07/17/2025: 
2025-09-08 08:11:35 | ERROR | scraper | Request exception on page 161 for 07/17/2025: 
2025-09-08 08:11:35 | ERROR | scraper | Request exception on page 163 for 07/17/2025: 
2025-09-08 08:11:35 | ERROR | scraper | Request exception on page 164 for 07/17/2025: 
2025-09-08 08:11:35 | ERROR | scraper | Request exception on page 162 for 07/17/2025: 
2025-09-08 08:11:36 | ERROR | scraper | Timeout processing batch starting at page 156 for 07/10/2025
2025-09-08 08:11:40 | ERROR | scraper | Request exception on page 163 for 07/23/2025: 
2025-09-08 08:11:40 | ERROR | scraper | Request exception on page 166 for 07/23/2025: 
2025-09-08 08:11:40 | ERROR | scraper | Request exception on page 167 for 07/23/2025: 
2025-09-08 08:11:40 | ERROR | scraper | Request exception on page 164 for 07/23/2025: 
2025-09-08 08:11:40 | ERROR | scraper | Request exception on page 165 for 07/23/2025: 
2025-09-08 08:11:40 | ERROR | scraper | Request exception on page 3 for 07/07/2025: 
2025-09-08 08:11:43 | ERROR | scraper | Timeout processing batch starting at page 156 for 07/28/2025
2025-09-08 08:11:43 | ERROR | scraper | Request exception on page 2 for 07/15/2025: 
2025-09-08 08:11:43 | ERROR | scraper | Timeout processing batch starting at page 156 for 07/21/2025
2025-09-08 08:11:45 | ERROR | scraper | Timeout processing batch starting at page 161 for 07/27/2025
2025-09-08 08:11:45 | ERROR | scraper | Request exception on page 2 for 07/14/2025: 
2025-09-08 08:11:47 | ERROR | scraper | Request exception on page 160 for 07/29/2025: 
2025-09-08 08:11:47 | ERROR | scraper | Request exception on page 156 for 07/29/2025: 
2025-09-08 08:11:47 | ERROR | scraper | Request exception on page 158 for 07/29/2025: 
2025-09-08 08:11:47 | ERROR | scraper | Request exception on page 159 for 07/29/2025: 
2025-09-08 08:11:47 | ERROR | scraper | Request exception on page 157 for 07/29/2025: 
2025-09-08 08:11:57 | ERROR | scraper | Timeout processing batch starting at page 161 for 07/13/2025
2025-09-08 08:11:59 | ERROR | scraper | Timeout processing batch starting at page 161 for 07/06/2025
2025-09-08 08:11:59 | INFO | scraper | Fetched page 3 for 07/07/2025
2025-09-08 08:12:00 | INFO | scraper | Fetched page 2 for 07/15/2025
2025-09-08 08:12:01 | INFO | scraper | Fetched page 163 for 07/23/2025
2025-09-08 08:12:02 | ERROR | scraper | Timeout processing batch starting at page 161 for 07/16/2025
2025-09-08 08:12:03 | INFO | scraper | Fetched page 166 for 07/23/2025
2025-09-08 08:12:03 | INFO | scraper | Fetched page 162 for 07/17/2025
2025-09-08 08:12:03 | INFO | scraper | Fetched page 160 for 07/29/2025
2025-09-08 08:12:04 | INFO | scraper | Fetched page 170 for 07/13/2025
2025-09-08 08:12:04 | INFO | scraper | Fetched page 165 for 07/23/2025
2025-09-08 08:12:04 | INFO | scraper | Fetched page 161 for 07/17/2025
2025-09-08 08:12:04 | INFO | scraper | Fetched page 164 for 07/23/2025
2025-09-08 08:12:04 | ERROR | scraper | Timeout processing batch starting at page 161 for 07/17/2025
2025-09-08 08:12:06 | INFO | scraper | Fetched page 157 for 07/29/2025
2025-09-08 08:12:06 | INFO | scraper | Fetched page 159 for 07/29/2025
2025-09-08 08:12:07 | INFO | scraper | Fetched page 167 for 07/23/2025
2025-09-08 08:12:07 | INFO | scraper | Fetched page 162 for 07/28/2025
2025-09-08 08:12:07 | INFO | scraper | Fetched page 167 for 07/13/2025
2025-09-08 08:12:07 | INFO | scraper | Fetched page 169 for 07/13/2025
2025-09-08 08:12:07 | INFO | scraper | Fetched page 168 for 07/13/2025
2025-09-08 08:12:07 | INFO | scraper | Fetched page 166 for 07/13/2025
2025-09-08 08:12:08 | INFO | scraper | Fetched page 161 for 07/28/2025
2025-09-08 08:12:08 | ERROR | scraper | Request exception on page 161 for 07/10/2025: 
2025-09-08 08:12:08 | ERROR | scraper | Request exception on page 164 for 07/10/2025: 
2025-09-08 08:12:08 | ERROR | scraper | Request exception on page 165 for 07/10/2025: 
2025-09-08 08:12:08 | ERROR | scraper | Request exception on page 162 for 07/10/2025: 
2025-09-08 08:12:08 | ERROR | scraper | Request exception on page 163 for 07/10/2025: 
2025-09-08 08:12:08 | INFO | scraper | Fetched page 158 for 07/29/2025
2025-09-08 08:12:08 | INFO | scraper | Fetched page 156 for 07/29/2025
2025-09-08 08:12:08 | INFO | scraper | Fetched page 167 for 07/17/2025
2025-09-08 08:12:09 | INFO | scraper | Fetched page 164 for 07/28/2025
2025-09-08 08:12:09 | ERROR | scraper | Timeout processing batch starting at page 163 for 07/23/2025
2025-09-08 08:12:09 | INFO | scraper | Fetched page 168 for 07/17/2025
2025-09-08 08:12:10 | INFO | scraper | Fetched page 166 for 07/17/2025
2025-09-08 08:12:10 | INFO | scraper | Fetched page 170 for 07/17/2025
2025-09-08 08:12:10 | INFO | scraper | Fetched page 165 for 07/28/2025
2025-09-08 08:12:11 | INFO | scraper | Fetched page 163 for 07/28/2025
2025-09-08 08:12:12 | INFO | scraper | Fetched page 168 for 07/23/2025
2025-09-08 08:12:12 | INFO | scraper | Fetched page 169 for 07/17/2025
2025-09-08 08:12:13 | INFO | scraper | Fetched page 171 for 07/23/2025
2025-09-08 08:12:14 | INFO | scraper | Fetched page 170 for 07/23/2025
2025-09-08 08:12:16 | ERROR | scraper | Request exception on page 165 for 07/21/2025: 
2025-09-08 08:12:16 | ERROR | scraper | Request exception on page 161 for 07/21/2025: 
2025-09-08 08:12:16 | ERROR | scraper | Request exception on page 163 for 07/21/2025: 
2025-09-08 08:12:16 | ERROR | scraper | Request exception on page 164 for 07/21/2025: 
2025-09-08 08:12:16 | ERROR | scraper | Request exception on page 162 for 07/21/2025: 
2025-09-08 08:12:16 | ERROR | scraper | Timeout processing batch starting at page 156 for 07/29/2025
2025-09-08 08:12:16 | INFO | scraper | Fetched page 169 for 07/23/2025
2025-09-08 08:12:17 | ERROR | scraper | Request exception on page 166 for 07/27/2025: 
2025-09-08 08:12:17 | ERROR | scraper | Request exception on page 169 for 07/27/2025: 
2025-09-08 08:12:17 | ERROR | scraper | Request exception on page 170 for 07/27/2025: 
2025-09-08 08:12:17 | ERROR | scraper | Request exception on page 167 for 07/27/2025: 
2025-09-08 08:12:17 | ERROR | scraper | Request exception on page 168 for 07/27/2025: 
2025-09-08 08:12:18 | ERROR | scraper | Request exception on page 2 for 07/14/2025: 
2025-09-08 08:12:18 | ERROR | scraper | Max retries reached for page 2 on 07/14/2025.
2025-09-08 08:12:18 | ERROR | scraper | Failed to fetch page 2 for 07/14/2025
2025-09-08 08:12:19 | INFO | scraper | Fetched page 164 for 07/10/2025
2025-09-08 08:12:19 | INFO | scraper | Fetched page 165 for 07/21/2025
2025-09-08 08:12:20 | INFO | scraper | Fetched page 161 for 07/29/2025
2025-09-08 08:12:20 | INFO | scraper | Fetched page 3 for 07/14/2025
2025-09-08 08:12:21 | INFO | scraper | Fetched page 163 for 07/10/2025
2025-09-08 08:12:21 | INFO | scraper | Fetched page 162 for 07/10/2025
2025-09-08 08:12:21 | INFO | scraper | Fetched page 164 for 07/21/2025
2025-09-08 08:12:23 | INFO | scraper | Fetched page 165 for 07/10/2025
2025-09-08 08:12:24 | INFO | scraper | Fetched page 163 for 07/21/2025
2025-09-08 08:12:24 | INFO | scraper | Fetched page 164 for 07/29/2025
2025-09-08 08:12:24 | INFO | scraper | Fetched page 161 for 07/10/2025
2025-09-08 08:12:25 | INFO | scraper | Fetched page 162 for 07/21/2025
2025-09-08 08:12:26 | INFO | scraper | Fetched page 163 for 07/29/2025
2025-09-08 08:12:27 | INFO | scraper | Fetched page 161 for 07/21/2025
2025-09-08 08:12:27 | INFO | scraper | Fetched page 162 for 07/29/2025
2025-09-08 08:12:31 | INFO | scraper | Fetched page 168 for 07/16/2025
2025-09-08 08:12:32 | ERROR | scraper | Request exception on page 170 for 07/06/2025: 
2025-09-08 08:12:32 | ERROR | scraper | Request exception on page 166 for 07/06/2025: 
2025-09-08 08:12:32 | ERROR | scraper | Request exception on page 168 for 07/06/2025: 
2025-09-08 08:12:32 | ERROR | scraper | Request exception on page 169 for 07/06/2025: 
2025-09-08 08:12:32 | ERROR | scraper | Request exception on page 167 for 07/06/2025: 
2025-09-08 08:12:33 | INFO | scraper | Fetched page 169 for 07/16/2025
2025-09-08 08:12:33 | INFO | scraper | Fetched page 167 for 07/16/2025
2025-09-08 08:12:33 | INFO | scraper | Fetched page 166 for 07/16/2025
2025-09-08 08:12:35 | INFO | scraper | Fetched page 170 for 07/16/2025
2025-09-08 08:12:35 | INFO | scraper | Fetched page 165 for 07/29/2025
2025-09-08 08:12:36 | ERROR | scraper | Request exception on page 166 for 07/16/2025: 
2025-09-08 08:12:36 | ERROR | scraper | Request exception on page 169 for 07/16/2025: 
2025-09-08 08:12:37 | INFO | scraper | Fetched page 166 for 07/27/2025
2025-09-08 08:12:37 | INFO | scraper | Fetched page 166 for 07/16/2025
2025-09-08 08:12:38 | ERROR | scraper | Timeout processing batch starting at page 161 for 07/10/2025
2025-09-08 08:12:39 | INFO | scraper | Fetched page 168 for 07/27/2025
2025-09-08 08:12:39 | INFO | scraper | Fetched page 169 for 07/16/2025
2025-09-08 08:12:40 | INFO | scraper | Fetched page 167 for 07/27/2025
2025-09-08 08:12:40 | INFO | scraper | Fetched page 167 for 07/10/2025
2025-09-08 08:12:42 | INFO | scraper | Fetched page 169 for 07/27/2025
2025-09-08 08:12:42 | INFO | scraper | Fetched page 170 for 07/27/2025
2025-09-08 08:12:42 | INFO | scraper | Fetched page 170 for 07/10/2025
2025-09-08 08:12:42 | INFO | scraper | Fetched page 169 for 07/10/2025
2025-09-08 08:12:42 | ERROR | scraper | Request exception on page 172 for 07/23/2025: 
2025-09-08 08:12:44 | INFO | scraper | Fetched page 172 for 07/23/2025
2025-09-08 08:12:45 | ERROR | scraper | Timeout processing batch starting at page 161 for 07/28/2025
2025-09-08 08:12:45 | INFO | scraper | Fetched page 168 for 07/10/2025
2025-09-08 08:12:45 | INFO | scraper | Fetched page 166 for 07/10/2025
2025-09-08 08:12:45 | ERROR | scraper | Timeout processing batch starting at page 161 for 07/21/2025
2025-09-08 08:12:47 | ERROR | scraper | Timeout processing batch starting at page 166 for 07/27/2025
2025-09-08 08:12:47 | INFO | scraper | Fetched page 167 for 07/28/2025
2025-09-08 08:12:48 | INFO | scraper | Fetched page 166 for 07/21/2025
2025-09-08 08:12:49 | INFO | scraper | Fetched page 166 for 07/28/2025
2025-09-08 08:12:50 | INFO | scraper | Fetched page 168 for 07/21/2025
2025-09-08 08:12:50 | INFO | scraper | Fetched page 172 for 07/27/2025
2025-09-08 08:12:51 | INFO | scraper | Fetched page 170 for 07/21/2025
2025-09-08 08:12:51 | INFO | scraper | Fetched page 167 for 07/21/2025
2025-09-08 08:12:51 | INFO | scraper | Fetched page 173 for 07/27/2025
2025-09-08 08:12:53 | INFO | scraper | Fetched page 175 for 07/27/2025
2025-09-08 08:12:53 | INFO | scraper | Fetched page 174 for 07/27/2025
2025-09-08 08:12:54 | INFO | scraper | Fetched page 169 for 07/21/2025
2025-09-08 08:12:54 | INFO | scraper | Fetched page 171 for 07/27/2025
2025-09-08 08:12:56 | INFO | scraper | Fetched page 170 for 07/06/2025
2025-09-08 08:12:58 | INFO | scraper | Fetched page 168 for 07/06/2025
2025-09-08 08:12:58 | INFO | scraper | Fetched page 169 for 07/06/2025
2025-09-08 08:12:59 | ERROR | scraper | Timeout processing batch starting at page 166 for 07/13/2025
2025-09-08 08:13:00 | INFO | scraper | Fetched page 167 for 07/06/2025
2025-09-08 08:13:00 | INFO | scraper | Fetched page 166 for 07/06/2025
2025-09-08 08:13:00 | INFO | scraper | Fetched page 169 for 07/28/2025
2025-09-08 08:13:01 | ERROR | scraper | Timeout processing batch starting at page 166 for 07/06/2025
2025-09-08 08:13:01 | INFO | scraper | Fetched page 175 for 07/13/2025
2025-09-08 08:13:01 | INFO | scraper | Fetched page 168 for 07/28/2025
2025-09-08 08:13:02 | INFO | scraper | Fetched page 172 for 07/13/2025
2025-09-08 08:13:02 | INFO | scraper | Fetched page 171 for 07/13/2025
2025-09-08 08:13:03 | INFO | scraper | Fetched page 170 for 07/28/2025
2025-09-08 08:13:04 | INFO | scraper | Fetched page 174 for 07/13/2025
2025-09-08 08:13:04 | INFO | scraper | Fetched page 173 for 07/13/2025
2025-09-08 08:13:04 | ERROR | scraper | Timeout processing batch starting at page 166 for 07/16/2025
2025-09-08 08:13:06 | INFO | scraper | Fetched page 171 for 07/06/2025
2025-09-08 08:13:06 | ERROR | scraper | Timeout processing batch starting at page 166 for 07/17/2025
2025-09-08 08:13:07 | INFO | scraper | Fetched page 171 for 07/16/2025
2025-09-08 08:13:08 | INFO | scraper | Fetched page 172 for 07/06/2025
2025-09-08 08:13:08 | INFO | scraper | Fetched page 173 for 07/06/2025
2025-09-08 08:13:09 | INFO | scraper | Fetched page 172 for 07/16/2025
2025-09-08 08:13:09 | INFO | scraper | Fetched page 175 for 07/06/2025
2025-09-08 08:13:09 | INFO | scraper | Fetched page 174 for 07/06/2025
2025-09-08 08:13:11 | ERROR | scraper | Timeout processing batch starting at page 168 for 07/23/2025
2025-09-08 08:13:14 | INFO | scraper | Fetched page 172 for 07/17/2025
2025-09-08 08:13:15 | INFO | scraper | Fetched page 173 for 07/23/2025
2025-09-08 08:13:16 | INFO | scraper | Fetched page 175 for 07/17/2025
2025-09-08 08:13:18 | ERROR | scraper | Timeout processing batch starting at page 161 for 07/29/2025
2025-09-08 08:13:18 | INFO | scraper | Fetched page 173 for 07/17/2025
2025-09-08 08:13:20 | INFO | scraper | Fetched page 171 for 07/17/2025
2025-09-08 08:13:22 | INFO | scraper | Fetched page 167 for 07/29/2025
2025-09-08 08:13:24 | INFO | scraper | Fetched page 174 for 07/17/2025
2025-09-08 08:13:24 | INFO | scraper | Fetched page 169 for 07/29/2025
2025-09-08 08:13:26 | INFO | scraper | Fetched page 166 for 07/29/2025
2025-09-08 08:13:27 | INFO | scraper | Fetched page 170 for 07/29/2025
2025-09-08 08:13:27 | INFO | scraper | Fetched page 168 for 07/29/2025
2025-09-08 08:13:34 | INFO | scraper | Fetched page 177 for 07/23/2025
2025-09-08 08:13:35 | INFO | scraper | Fetched page 176 for 07/23/2025
2025-09-08 08:13:36 | INFO | scraper | Fetched page 174 for 07/23/2025
2025-09-08 08:13:37 | ERROR | scraper | Request exception on page 173 for 07/16/2025: 
2025-09-08 08:13:37 | ERROR | scraper | Request exception on page 174 for 07/16/2025: 
2025-09-08 08:13:37 | ERROR | scraper | Request exception on page 175 for 07/16/2025: 
2025-09-08 08:13:38 | INFO | scraper | Fetched page 175 for 07/23/2025
2025-09-08 08:13:39 | INFO | scraper | Fetched page 173 for 07/16/2025
2025-09-08 08:13:40 | ERROR | scraper | Timeout processing batch starting at page 166 for 07/10/2025
2025-09-08 08:13:47 | ERROR | scraper | Timeout processing batch starting at page 166 for 07/28/2025
2025-09-08 08:13:47 | ERROR | scraper | Timeout processing batch starting at page 166 for 07/21/2025
2025-09-08 08:13:49 | ERROR | scraper | Timeout processing batch starting at page 171 for 07/27/2025
2025-09-08 08:14:01 | ERROR | scraper | Timeout processing batch starting at page 171 for 07/13/2025
2025-09-08 08:14:03 | ERROR | scraper | Timeout processing batch starting at page 171 for 07/06/2025
2025-09-08 08:14:05 | INFO | scraper | Retrying 175 failed pages for 07/06/2025
2025-09-08 08:14:07 | ERROR | scraper | Timeout processing batch starting at page 171 for 07/16/2025
2025-09-08 08:14:08 | ERROR | scraper | Timeout processing batch starting at page 171 for 07/17/2025
2025-09-08 08:14:09 | INFO | scraper | Fetched page 176 for 07/16/2025
2025-09-08 08:14:09 | INFO | scraper | Fetched page 179 for 07/27/2025
